scheme,scenario,attack,decode_method,source_idx,source_image,target_message,predicted_message,bit_accuracy,source_success,mask_pixels,used_fallback,composite_psnr,box
single_center50_s2.5,two_sources_downsize,none,global_full_canvas,0,000000005529.png,11110000101101111111011110100010,00000000000000000000000000000000,0.375000,0,2721,0,17.1884,"34,42,222,230"
single_center50_s2.5,two_sources_downsize,none,oracle_box_raw,0,000000005529.png,11110000101101111111011110100010,11110000101101111111011110100010,1.000000,1,34610,0,17.1884,"34,42,222,230"
single_center50_s2.5,two_sources_downsize,none,localized_resize,0,000000005529.png,11110000101101111111011110100010,11110000101101111111011110100010,1.000000,1,34610,0,17.1884,"34,42,222,230"
single_center50_s2.5,two_sources_downsize,none,global_full_canvas,1,000000021167.png,11100110010110111101011101111001,00000000000000000000000000000000,0.343750,0,2721,0,17.1884,"270,172,450,352"
single_center50_s2.5,two_sources_downsize,none,oracle_box_raw,1,000000021167.png,11100110010110111101011101111001,11100110010110111101011101111001,1.000000,1,34523,0,17.1884,"270,172,450,352"
single_center50_s2.5,two_sources_downsize,none,localized_resize,1,000000021167.png,11100110010110111101011101111001,11100110010110111101011101111001,1.000000,1,34523,0,17.1884,"270,172,450,352"
single_center50_s2.5,two_sources_downsize,jpeg_q70,global_full_canvas,0,000000005529.png,11110000101101111111011110100010,00000000000000000000000000000000,0.375000,0,3224,0,17.1884,"34,42,222,230"
single_center50_s2.5,two_sources_downsize,jpeg_q70,oracle_box_raw,0,000000005529.png,11110000101101111111011110100010,11110000101101111111011110100010,1.000000,1,35483,0,17.1884,"34,42,222,230"
single_center50_s2.5,two_sources_downsize,jpeg_q70,localized_resize,0,000000005529.png,11110000101101111111011110100010,11110000101101111111011110100010,1.000000,1,35483,0,17.1884,"34,42,222,230"
single_center50_s2.5,two_sources_downsize,jpeg_q70,global_full_canvas,1,000000021167.png,11100110010110111101011101111001,00000000000000000000000000000000,0.343750,0,3224,0,17.1884,"270,172,450,352"
single_center50_s2.5,two_sources_downsize,jpeg_q70,oracle_box_raw,1,000000021167.png,11100110010110111101011101111001,11100110010110111101011101011001,0.968750,0,35304,0,17.1884,"270,172,450,352"
single_center50_s2.5,two_sources_downsize,jpeg_q70,localized_resize,1,000000021167.png,11100110010110111101011101111001,11100110010110111101011101011001,0.968750,0,35304,0,17.1884,"270,172,450,352"
single_center50_s2.5,two_sources_downsize,jpeg_q50,global_full_canvas,0,000000005529.png,11110000101101111111011110100010,10000000000001000000000100000000,0.468750,0,4071,0,17.1884,"34,42,222,230"
single_center50_s2.5,two_sources_downsize,jpeg_q50,oracle_box_raw,0,000000005529.png,11110000101101111111011110100010,11110000101101111111011110100010,1.000000,1,35733,0,17.1884,"34,42,222,230"
single_center50_s2.5,two_sources_downsize,jpeg_q50,localized_resize,0,000000005529.png,11110000101101111111011110100010,11110000101101111111011110100010,1.000000,1,35733,0,17.1884,"34,42,222,230"
single_center50_s2.5,two_sources_downsize,jpeg_q50,global_full_canvas,1,000000021167.png,11100110010110111101011101111001,10000000000001000000000100000000,0.375000,0,4071,0,17.1884,"270,172,450,352"
single_center50_s2.5,two_sources_downsize,jpeg_q50,oracle_box_raw,1,000000021167.png,11100110010110111101011101111001,11100110010110111101011101011001,0.968750,0,35276,0,17.1884,"270,172,450,352"
single_center50_s2.5,two_sources_downsize,jpeg_q50,localized_resize,1,000000021167.png,11100110010110111101011101111001,11100110010110111101011101011001,0.968750,0,35276,0,17.1884,"270,172,450,352"
single_center50_s2.5,two_sources_downsize,resize_0.5_jpeg70,global_full_canvas,0,000000005529.png,11110000101101111111011110100010,00000000000000000000000000000000,0.375000,0,3794,0,17.1884,"34,42,222,230"
single_center50_s2.5,two_sources_downsize,resize_0.5_jpeg70,oracle_box_raw,0,000000005529.png,11110000101101111111011110100010,11110000101101111111011110100010,1.000000,1,35597,0,17.1884,"34,42,222,230"
single_center50_s2.5,two_sources_downsize,resize_0.5_jpeg70,localized_resize,0,000000005529.png,11110000101101111111011110100010,11110000101101111111011110100010,1.000000,1,35597,0,17.1884,"34,42,222,230"
single_center50_s2.5,two_sources_downsize,resize_0.5_jpeg70,global_full_canvas,1,000000021167.png,11100110010110111101011101111001,00000000000000000000000000000000,0.343750,0,3794,0,17.1884,"270,172,450,352"
single_center50_s2.5,two_sources_downsize,resize_0.5_jpeg70,oracle_box_raw,1,000000021167.png,11100110010110111101011101111001,11100110000110111101011101011001,0.937500,0,37184,0,17.1884,"270,172,450,352"
single_center50_s2.5,two_sources_downsize,resize_0.5_jpeg70,localized_resize,1,000000021167.png,11100110010110111101011101111001,11100110000110111101011101011001,0.937500,0,37184,0,17.1884,"270,172,450,352"
single_center50_s2.5,three_sources_extreme_downsize,none,global_full_canvas,0,000000005529.png,11110000101101111111011110100010,00000000000000000000000000000000,0.375000,0,4952,0,16.2995,"30,36,164,170"
single_center50_s2.5,three_sources_extreme_downsize,none,oracle_box_raw,0,000000005529.png,11110000101101111111011110100010,00110000000100101111011010001010,0.718750,0,46336,0,16.2995,"30,36,164,170"
single_center50_s2.5,three_sources_extreme_downsize,none,localized_resize,0,000000005529.png,11110000101101111111011110100010,00110000000100101111011010001010,0.718750,0,46336,0,16.2995,"30,36,164,170"
single_center50_s2.5,three_sources_extreme_downsize,none,global_full_canvas,1,000000021167.png,11100110010110111101011101111001,00000000000000000000000000000000,0.343750,0,4952,0,16.2995,"188,88,318,218"
single_center50_s2.5,three_sources_extreme_downsize,none,oracle_box_raw,1,000000021167.png,11100110010110111101011101111001,00100000010000010000000000000000,0.437500,0,14606,0,16.2995,"188,88,318,218"
single_center50_s2.5,three_sources_extreme_downsize,none,localized_resize,1,000000021167.png,11100110010110111101011101111001,00100000010000010000000000000000,0.437500,0,14606,0,16.2995,"188,88,318,218"
single_center50_s2.5,three_sources_extreme_downsize,none,global_full_canvas,2,000000022705.png,11101110111011000111100001000010,00000000000000000000000000000000,0.468750,0,4952,0,16.2995,"336,260,466,390"
single_center50_s2.5,three_sources_extreme_downsize,none,oracle_box_raw,2,000000022705.png,11101110111011000111100001000010,01101110010011000111100001000010,0.906250,0,46202,0,16.2995,"336,260,466,390"
single_center50_s2.5,three_sources_extreme_downsize,none,localized_resize,2,000000022705.png,11101110111011000111100001000010,01101110010011000111100001000010,0.906250,0,46202,0,16.2995,"336,260,466,390"
single_center50_s2.5,three_sources_extreme_downsize,jpeg_q70,global_full_canvas,0,000000005529.png,11110000101101111111011110100010,00000001000000000000000000000000,0.343750,0,4098,0,16.2995,"30,36,164,170"
single_center50_s2.5,three_sources_extreme_downsize,jpeg_q70,oracle_box_raw,0,000000005529.png,11110000101101111111011110100010,10110000000000101011000000000010,0.625000,0,50662,0,16.2995,"30,36,164,170"
single_center50_s2.5,three_sources_extreme_downsize,jpeg_q70,localized_resize,0,000000005529.png,11110000101101111111011110100010,10110000000000101011000000000010,0.625000,0,50662,0,16.2995,"30,36,164,170"
single_center50_s2.5,three_sources_extreme_downsize,jpeg_q70,global_full_canvas,1,000000021167.png,11100110010110111101011101111001,00000001000000000000000000000000,0.312500,0,4098,0,16.2995,"188,88,318,218"
single_center50_s2.5,three_sources_extreme_downsize,jpeg_q70,oracle_box_raw,1,000000021167.png,11100110010110111101011101111001,00000000000000010001000000000000,0.406250,0,52985,0,16.2995,"188,88,318,218"
single_center50_s2.5,three_sources_extreme_downsize,jpeg_q70,localized_resize,1,000000021167.png,11100110010110111101011101111001,00000000000000010001000000000000,0.406250,0,52985,0,16.2995,"188,88,318,218"
single_center50_s2.5,three_sources_extreme_downsize,jpeg_q70,global_full_canvas,2,000000022705.png,11101110111011000111100001000010,00000001000000000000000000000000,0.437500,0,4098,0,16.2995,"336,260,466,390"
single_center50_s2.5,three_sources_extreme_downsize,jpeg_q70,oracle_box_raw,2,000000022705.png,11101110111011000111100001000010,00001010101001001010100000000011,0.656250,0,63400,0,16.2995,"336,260,466,390"
single_center50_s2.5,three_sources_extreme_downsize,jpeg_q70,localized_resize,2,000000022705.png,11101110111011000111100001000010,00001010101001001010100000000011,0.656250,0,63400,0,16.2995,"336,260,466,390"
single_center50_s2.5,three_sources_extreme_downsize,jpeg_q50,global_full_canvas,0,000000005529.png,11110000101101111111011110100010,00000001000000000000000000000000,0.343750,0,4236,0,16.2995,"30,36,164,170"
single_center50_s2.5,three_sources_extreme_downsize,jpeg_q50,oracle_box_raw,0,000000005529.png,11110000101101111111011110100010,10110000010100101011110010000010,0.656250,0,49011,0,16.2995,"30,36,164,170"
single_center50_s2.5,three_sources_extreme_downsize,jpeg_q50,localized_resize,0,000000005529.png,11110000101101111111011110100010,10110000010100101011110010000010,0.656250,0,49011,0,16.2995,"30,36,164,170"
single_center50_s2.5,three_sources_extreme_downsize,jpeg_q50,global_full_canvas,1,000000021167.png,11100110010110111101011101111001,00000001000000000000000000000000,0.312500,0,4236,0,16.2995,"188,88,318,218"
single_center50_s2.5,three_sources_extreme_downsize,jpeg_q50,oracle_box_raw,1,000000021167.png,11100110010110111101011101111001,00000000000000000000000000000000,0.000000,0,0,1,16.2995,"188,88,318,218"
single_center50_s2.5,three_sources_extreme_downsize,jpeg_q50,localized_resize,1,000000021167.png,11100110010110111101011101111001,00000000000000000000000000000000,0.000000,0,0,1,16.2995,"188,88,318,218"
single_center50_s2.5,three_sources_extreme_downsize,jpeg_q50,global_full_canvas,2,000000022705.png,11101110111011000111100001000010,00000001000000000000000000000000,0.437500,0,4236,0,16.2995,"336,260,466,390"
single_center50_s2.5,three_sources_extreme_downsize,jpeg_q50,oracle_box_raw,2,000000022705.png,11101110111011000111100001000010,00000001000000000001000000000000,0.468750,0,54027,0,16.2995,"336,260,466,390"
single_center50_s2.5,three_sources_extreme_downsize,jpeg_q50,localized_resize,2,000000022705.png,11101110111011000111100001000010,00000001000000000001000000000000,0.468750,0,54027,0,16.2995,"336,260,466,390"
single_center50_s2.5,three_sources_extreme_downsize,resize_0.5_jpeg70,global_full_canvas,0,000000005529.png,11110000101101111111011110100010,00000001000000000000000000000000,0.343750,0,3633,0,16.2995,"30,36,164,170"
single_center50_s2.5,three_sources_extreme_downsize,resize_0.5_jpeg70,oracle_box_raw,0,000000005529.png,11110000101101111111011110100010,10010000000000101010000010000000,0.562500,0,52203,0,16.2995,"30,36,164,170"
single_center50_s2.5,three_sources_extreme_downsize,resize_0.5_jpeg70,localized_resize,0,000000005529.png,11110000101101111111011110100010,10010000000000101010000010000000,0.562500,0,52203,0,16.2995,"30,36,164,170"
single_center50_s2.5,three_sources_extreme_downsize,resize_0.5_jpeg70,global_full_canvas,1,000000021167.png,11100110010110111101011101111001,00000001000000000000000000000000,0.312500,0,3633,0,16.2995,"188,88,318,218"
single_center50_s2.5,three_sources_extreme_downsize,resize_0.5_jpeg70,oracle_box_raw,1,000000021167.png,11100110010110111101011101111001,00000000000000010001000000000001,0.437500,0,63457,0,16.2995,"188,88,318,218"
single_center50_s2.5,three_sources_extreme_downsize,resize_0.5_jpeg70,localized_resize,1,000000021167.png,11100110010110111101011101111001,00000000000000010001000000000001,0.437500,0,63457,0,16.2995,"188,88,318,218"
single_center50_s2.5,three_sources_extreme_downsize,resize_0.5_jpeg70,global_full_canvas,2,000000022705.png,11101110111011000111100001000010,00000001000000000000000000000000,0.437500,0,3633,0,16.2995,"336,260,466,390"
single_center50_s2.5,three_sources_extreme_downsize,resize_0.5_jpeg70,oracle_box_raw,2,000000022705.png,11101110111011000111100001000010,00001000000000000011100000000000,0.593750,0,63822,0,16.2995,"336,260,466,390"
single_center50_s2.5,three_sources_extreme_downsize,resize_0.5_jpeg70,localized_resize,2,000000022705.png,11101110111011000111100001000010,00001000000000000011100000000000,0.593750,0,63822,0,16.2995,"336,260,466,390"
single_center50_s2.5,three_sources_crop_feather,none,global_full_canvas,0,000000005529.png,11110000101101111111011110100010,00000000000000000000000000000000,0.375000,0,14368,0,13.4249,"40,280,216,456"
single_center50_s2.5,three_sources_crop_feather,none,oracle_box_raw,0,000000005529.png,11110000101101111111011110100010,00110000000000100010000010000000,0.531250,0,44849,0,13.4249,"40,280,216,456"
single_center50_s2.5,three_sources_crop_feather,none,localized_resize,0,000000005529.png,11110000101101111111011110100010,00110000000000100010000010000000,0.531250,0,44849,0,13.4249,"40,280,216,456"
single_center50_s2.5,three_sources_crop_feather,none,global_full_canvas,1,000000021167.png,11100110010110111101011101111001,00000000000000000000000000000000,0.343750,0,14368,0,13.4249,"166,36,342,212"
single_center50_s2.5,three_sources_crop_feather,none,oracle_box_raw,1,000000021167.png,11100110010110111101011101111001,01100000010010010101011101010000,0.718750,0,42721,0,13.4249,"166,36,342,212"
single_center50_s2.5,three_sources_crop_feather,none,localized_resize,1,000000021167.png,11100110010110111101011101111001,01100000010010010101011101010000,0.718750,0,42721,0,13.4249,"166,36,342,212"
single_center50_s2.5,three_sources_crop_feather,none,global_full_canvas,2,000000022705.png,11101110111011000111100001000010,00000000000000000000000000000000,0.468750,0,14368,0,13.4249,"300,244,484,428"
single_center50_s2.5,three_sources_crop_feather,none,oracle_box_raw,2,000000022705.png,11101110111011000111100001000010,01101100010001000111000001000010,0.812500,0,42211,0,13.4249,"300,244,484,428"
single_center50_s2.5,three_sources_crop_feather,none,localized_resize,2,000000022705.png,11101110111011000111100001000010,01101100010001000111000001000010,0.812500,0,42211,0,13.4249,"300,244,484,428"
single_center50_s2.5,three_sources_crop_feather,jpeg_q70,global_full_canvas,0,000000005529.png,11110000101101111111011110100010,00000000000000000000000100000000,0.406250,0,14786,0,13.4249,"40,280,216,456"
single_center50_s2.5,three_sources_crop_feather,jpeg_q70,oracle_box_raw,0,000000005529.png,11110000101101111111011110100010,00110000000100100111110010000010,0.656250,0,47082,0,13.4249,"40,280,216,456"
single_center50_s2.5,three_sources_crop_feather,jpeg_q70,localized_resize,0,000000005529.png,11110000101101111111011110100010,00110000000100100111110010000010,0.656250,0,47082,0,13.4249,"40,280,216,456"
single_center50_s2.5,three_sources_crop_feather,jpeg_q70,global_full_canvas,1,000000021167.png,11100110010110111101011101111001,00000000000000000000000100000000,0.375000,0,14786,0,13.4249,"166,36,342,212"
single_center50_s2.5,three_sources_crop_feather,jpeg_q70,oracle_box_raw,1,000000021167.png,11100110010110111101011101111001,00100000010010110001010001011000,0.656250,0,44554,0,13.4249,"166,36,342,212"
single_center50_s2.5,three_sources_crop_feather,jpeg_q70,localized_resize,1,000000021167.png,11100110010110111101011101111001,00100000010010110001010001011000,0.656250,0,44554,0,13.4249,"166,36,342,212"
single_center50_s2.5,three_sources_crop_feather,jpeg_q70,global_full_canvas,2,000000022705.png,11101110111011000111100001000010,00000000000000000000000100000000,0.437500,0,14786,0,13.4249,"300,244,484,428"
single_center50_s2.5,three_sources_crop_feather,jpeg_q70,oracle_box_raw,2,000000022705.png,11101110111011000111100001000010,01001100000000000111000001000000,0.687500,0,35697,0,13.4249,"300,244,484,428"
single_center50_s2.5,three_sources_crop_feather,jpeg_q70,localized_resize,2,000000022705.png,11101110111011000111100001000010,01001100000000000111000001000000,0.687500,0,35697,0,13.4249,"300,244,484,428"
single_center50_s2.5,three_sources_crop_feather,jpeg_q50,global_full_canvas,0,000000005529.png,11110000101101111111011110100010,00000000000000000000000100000000,0.406250,0,15914,0,13.4249,"40,280,216,456"
single_center50_s2.5,three_sources_crop_feather,jpeg_q50,oracle_box_raw,0,000000005529.png,11110000101101111111011110100010,00110000000000100011010010000010,0.625000,0,43633,0,13.4249,"40,280,216,456"
single_center50_s2.5,three_sources_crop_feather,jpeg_q50,localized_resize,0,000000005529.png,11110000101101111111011110100010,00110000000000100011010010000010,0.625000,0,43633,0,13.4249,"40,280,216,456"
single_center50_s2.5,three_sources_crop_feather,jpeg_q50,global_full_canvas,1,000000021167.png,11100110010110111101011101111001,00000000000000000000000100000000,0.375000,0,15914,0,13.4249,"166,36,342,212"
single_center50_s2.5,three_sources_crop_feather,jpeg_q50,oracle_box_raw,1,000000021167.png,11100110010110111101011101111001,00100000000000111001001100010001,0.625000,0,34874,0,13.4249,"166,36,342,212"
single_center50_s2.5,three_sources_crop_feather,jpeg_q50,localized_resize,1,000000021167.png,11100110010110111101011101111001,00100000000000111001001100010001,0.625000,0,34874,0,13.4249,"166,36,342,212"
single_center50_s2.5,three_sources_crop_feather,jpeg_q50,global_full_canvas,2,000000022705.png,11101110111011000111100001000010,00000000000000000000000100000000,0.437500,0,15914,0,13.4249,"300,244,484,428"
single_center50_s2.5,three_sources_crop_feather,jpeg_q50,oracle_box_raw,2,000000022705.png,11101110111011000111100001000010,01001100000000000011000000000000,0.625000,0,29077,0,13.4249,"300,244,484,428"
single_center50_s2.5,three_sources_crop_feather,jpeg_q50,localized_resize,2,000000022705.png,11101110111011000111100001000010,01001100000000000011000000000000,0.625000,0,29077,0,13.4249,"300,244,484,428"
single_center50_s2.5,three_sources_crop_feather,resize_0.5_jpeg70,global_full_canvas,0,000000005529.png,11110000101101111111011110100010,00000000000000000000000100000000,0.406250,0,16185,0,13.4249,"40,280,216,456"
single_center50_s2.5,three_sources_crop_feather,resize_0.5_jpeg70,oracle_box_raw,0,000000005529.png,11110000101101111111011110100010,00110000000000101000010010000010,0.593750,0,45937,0,13.4249,"40,280,216,456"
single_center50_s2.5,three_sources_crop_feather,resize_0.5_jpeg70,localized_resize,0,000000005529.png,11110000101101111111011110100010,00110000000000101000010010000010,0.593750,0,45937,0,13.4249,"40,280,216,456"
single_center50_s2.5,three_sources_crop_feather,resize_0.5_jpeg70,global_full_canvas,1,000000021167.png,11100110010110111101011101111001,00000000000000000000000100000000,0.375000,0,16185,0,13.4249,"166,36,342,212"
single_center50_s2.5,three_sources_crop_feather,resize_0.5_jpeg70,oracle_box_raw,1,000000021167.png,11100110010110111101011101111001,01100000000000100101000000010001,0.562500,0,44458,0,13.4249,"166,36,342,212"
single_center50_s2.5,three_sources_crop_feather,resize_0.5_jpeg70,localized_resize,1,000000021167.png,11100110010110111101011101111001,01100000000000100101000000010001,0.562500,0,44458,0,13.4249,"166,36,342,212"
single_center50_s2.5,three_sources_crop_feather,resize_0.5_jpeg70,global_full_canvas,2,000000022705.png,11101110111011000111100001000010,00000000000000000000000100000000,0.437500,0,16185,0,13.4249,"300,244,484,428"
single_center50_s2.5,three_sources_crop_feather,resize_0.5_jpeg70,oracle_box_raw,2,000000022705.png,11101110111011000111100001000010,01001100000000000011000000000000,0.625000,0,33804,0,13.4249,"300,244,484,428"
single_center50_s2.5,three_sources_crop_feather,resize_0.5_jpeg70,localized_resize,2,000000022705.png,11101110111011000111100001000010,01001100000000000011000000000000,0.625000,0,33804,0,13.4249,"300,244,484,428"
full_material_s2.5,two_sources_downsize,none,global_full_canvas,0,000000005529.png,11110000101101111111011110100010,00000000000000000000000000000000,0.000000,0,0,1,14.1249,"34,42,222,230"
full_material_s2.5,two_sources_downsize,none,oracle_box_raw,0,000000005529.png,11110000101101111111011110100010,11110000101101111111011110100010,1.000000,1,65536,0,14.1249,"34,42,222,230"
full_material_s2.5,two_sources_downsize,none,localized_resize,0,000000005529.png,11110000101101111111011110100010,11110000101101111111011110100010,1.000000,1,65536,0,14.1249,"34,42,222,230"
full_material_s2.5,two_sources_downsize,none,global_full_canvas,1,000000021167.png,11100110010110111101011101111001,00000000000000000000000000000000,0.000000,0,0,1,14.1249,"270,172,450,352"
full_material_s2.5,two_sources_downsize,none,oracle_box_raw,1,000000021167.png,11100110010110111101011101111001,11100110010110111101011101111000,0.968750,0,65536,0,14.1249,"270,172,450,352"
full_material_s2.5,two_sources_downsize,none,localized_resize,1,000000021167.png,11100110010110111101011101111001,11100110010110111101011101111000,0.968750,0,65536,0,14.1249,"270,172,450,352"
full_material_s2.5,two_sources_downsize,jpeg_q70,global_full_canvas,0,000000005529.png,11110000101101111111011110100010,00000000000000000000000000000000,0.375000,0,10,0,14.1249,"34,42,222,230"
full_material_s2.5,two_sources_downsize,jpeg_q70,oracle_box_raw,0,000000005529.png,11110000101101111111011110100010,11110000101101111111011110100010,1.000000,1,65536,0,14.1249,"34,42,222,230"
full_material_s2.5,two_sources_downsize,jpeg_q70,localized_resize,0,000000005529.png,11110000101101111111011110100010,11110000101101111111011110100010,1.000000,1,65536,0,14.1249,"34,42,222,230"
full_material_s2.5,two_sources_downsize,jpeg_q70,global_full_canvas,1,000000021167.png,11100110010110111101011101111001,00000000000000000000000000000000,0.343750,0,10,0,14.1249,"270,172,450,352"
full_material_s2.5,two_sources_downsize,jpeg_q70,oracle_box_raw,1,000000021167.png,11100110010110111101011101111001,11100110010110111101011101011001,0.968750,0,65536,0,14.1249,"270,172,450,352"
full_material_s2.5,two_sources_downsize,jpeg_q70,localized_resize,1,000000021167.png,11100110010110111101011101111001,11100110010110111101011101011001,0.968750,0,65536,0,14.1249,"270,172,450,352"
full_material_s2.5,two_sources_downsize,jpeg_q50,global_full_canvas,0,000000005529.png,11110000101101111111011110100010,00000000000000000000000000000000,0.375000,0,67,0,14.1249,"34,42,222,230"
full_material_s2.5,two_sources_downsize,jpeg_q50,oracle_box_raw,0,000000005529.png,11110000101101111111011110100010,11110000101101111111011110100010,1.000000,1,65536,0,14.1249,"34,42,222,230"
full_material_s2.5,two_sources_downsize,jpeg_q50,localized_resize,0,000000005529.png,11110000101101111111011110100010,11110000101101111111011110100010,1.000000,1,65536,0,14.1249,"34,42,222,230"
full_material_s2.5,two_sources_downsize,jpeg_q50,global_full_canvas,1,000000021167.png,11100110010110111101011101111001,00000000000000000000000000000000,0.343750,0,67,0,14.1249,"270,172,450,352"
full_material_s2.5,two_sources_downsize,jpeg_q50,oracle_box_raw,1,000000021167.png,11100110010110111101011101111001,11100110010110111101011101011001,0.968750,0,65536,0,14.1249,"270,172,450,352"
full_material_s2.5,two_sources_downsize,jpeg_q50,localized_resize,1,000000021167.png,11100110010110111101011101111001,11100110010110111101011101011001,0.968750,0,65536,0,14.1249,"270,172,450,352"
full_material_s2.5,two_sources_downsize,resize_0.5_jpeg70,global_full_canvas,0,000000005529.png,11110000101101111111011110100010,00000000000000000000000000000000,0.000000,0,0,1,14.1249,"34,42,222,230"
full_material_s2.5,two_sources_downsize,resize_0.5_jpeg70,oracle_box_raw,0,000000005529.png,11110000101101111111011110100010,11110000101101111111011110100010,1.000000,1,65536,0,14.1249,"34,42,222,230"
full_material_s2.5,two_sources_downsize,resize_0.5_jpeg70,localized_resize,0,000000005529.png,11110000101101111111011110100010,11110000101101111111011110100010,1.000000,1,65536,0,14.1249,"34,42,222,230"
full_material_s2.5,two_sources_downsize,resize_0.5_jpeg70,global_full_canvas,1,000000021167.png,11100110010110111101011101111001,00000000000000000000000000000000,0.000000,0,0,1,14.1249,"270,172,450,352"
full_material_s2.5,two_sources_downsize,resize_0.5_jpeg70,oracle_box_raw,1,000000021167.png,11100110010110111101011101111001,11100110000110111101011001011001,0.906250,0,65536,0,14.1249,"270,172,450,352"
full_material_s2.5,two_sources_downsize,resize_0.5_jpeg70,localized_resize,1,000000021167.png,11100110010110111101011101111001,11100110000110111101011001011001,0.906250,0,65536,0,14.1249,"270,172,450,352"
full_material_s2.5,three_sources_extreme_downsize,none,global_full_canvas,0,000000005529.png,11110000101101111111011110100010,00000000000000000000000000000000,0.000000,0,7,1,15.0150,"30,36,164,170"
full_material_s2.5,three_sources_extreme_downsize,none,oracle_box_raw,0,000000005529.png,11110000101101111111011110100010,10110000001101111111111110000010,0.875000,0,65536,0,15.0150,"30,36,164,170"
full_material_s2.5,three_sources_extreme_downsize,none,localized_resize,0,000000005529.png,11110000101101111111011110100010,10110000001101111111111110000010,0.875000,0,65536,0,15.0150,"30,36,164,170"
full_material_s2.5,three_sources_extreme_downsize,none,global_full_canvas,1,000000021167.png,11100110010110111101011101111001,00000000000000000000000000000000,0.000000,0,7,1,15.0150,"188,88,318,218"
full_material_s2.5,three_sources_extreme_downsize,none,oracle_box_raw,1,000000021167.png,11100110010110111101011101111001,01100000010010110001010100010000,0.656250,0,65536,0,15.0150,"188,88,318,218"
full_material_s2.5,three_sources_extreme_downsize,none,localized_resize,1,000000021167.png,11100110010110111101011101111001,01100000010010110001010100010000,0.656250,0,65536,0,15.0150,"188,88,318,218"
full_material_s2.5,three_sources_extreme_downsize,none,global_full_canvas,2,000000022705.png,11101110111011000111100001000010,00000000000000000000000000000000,0.000000,0,7,1,15.0150,"336,260,466,390"
full_material_s2.5,three_sources_extreme_downsize,none,oracle_box_raw,2,000000022705.png,11101110111011000111100001000010,11101110111011000111100001000010,1.000000,1,65536,0,15.0150,"336,260,466,390"
full_material_s2.5,three_sources_extreme_downsize,none,localized_resize,2,000000022705.png,11101110111011000111100001000010,11101110111011000111100001000010,1.000000,1,65536,0,15.0150,"336,260,466,390"
full_material_s2.5,three_sources_extreme_downsize,jpeg_q70,global_full_canvas,0,000000005529.png,11110000101101111111011110100010,00000000000000000000000000000000,0.000000,0,0,1,15.0150,"30,36,164,170"
full_material_s2.5,three_sources_extreme_downsize,jpeg_q70,oracle_box_raw,0,000000005529.png,11110000101101111111011110100010,10110000011001111111111110101010,0.812500,0,65536,0,15.0150,"30,36,164,170"
full_material_s2.5,three_sources_extreme_downsize,jpeg_q70,localized_resize,0,000000005529.png,11110000101101111111011110100010,10110000011001111111111110101010,0.812500,0,65536,0,15.0150,"30,36,164,170"
full_material_s2.5,three_sources_extreme_downsize,jpeg_q70,global_full_canvas,1,000000021167.png,11100110010110111101011101111001,00000000000000000000000000000000,0.000000,0,0,1,15.0150,"188,88,318,218"
full_material_s2.5,three_sources_extreme_downsize,jpeg_q70,oracle_box_raw,1,000000021167.png,11100110010110111101011101111001,00000000000000010001000000000000,0.406250,0,59810,0,15.0150,"188,88,318,218"
full_material_s2.5,three_sources_extreme_downsize,jpeg_q70,localized_resize,1,000000021167.png,11100110010110111101011101111001,00000000000000010001000000000000,0.406250,0,59810,0,15.0150,"188,88,318,218"
full_material_s2.5,three_sources_extreme_downsize,jpeg_q70,global_full_canvas,2,000000022705.png,11101110111011000111100001000010,00000000000000000000000000000000,0.000000,0,0,1,15.0150,"336,260,466,390"
full_material_s2.5,three_sources_extreme_downsize,jpeg_q70,oracle_box_raw,2,000000022705.png,11101110111011000111100001000010,10001110110000001111100000000010,0.781250,0,65536,0,15.0150,"336,260,466,390"
full_material_s2.5,three_sources_extreme_downsize,jpeg_q70,localized_resize,2,000000022705.png,11101110111011000111100001000010,10001110110000001111100000000010,0.781250,0,65536,0,15.0150,"336,260,466,390"
full_material_s2.5,three_sources_extreme_downsize,jpeg_q50,global_full_canvas,0,000000005529.png,11110000101101111111011110100010,10000001000000000000000000000000,0.375000,0,347,0,15.0150,"30,36,164,170"
full_material_s2.5,three_sources_extreme_downsize,jpeg_q50,oracle_box_raw,0,000000005529.png,11110000101101111111011110100010,10110000010101111111111010001010,0.750000,0,65536,0,15.0150,"30,36,164,170"
full_material_s2.5,three_sources_extreme_downsize,jpeg_q50,localized_resize,0,000000005529.png,11110000101101111111011110100010,10110000010101111111111010001010,0.750000,0,65536,0,15.0150,"30,36,164,170"
full_material_s2.5,three_sources_extreme_downsize,jpeg_q50,global_full_canvas,1,000000021167.png,11100110010110111101011101111001,10000001000000000000000000000000,0.343750,0,347,0,15.0150,"188,88,318,218"
full_material_s2.5,three_sources_extreme_downsize,jpeg_q50,oracle_box_raw,1,000000021167.png,11100110010110111101011101111001,00000000000000010000000000000000,0.375000,0,7988,0,15.0150,"188,88,318,218"
full_material_s2.5,three_sources_extreme_downsize,jpeg_q50,localized_resize,1,000000021167.png,11100110010110111101011101111001,00000000000000010000000000000000,0.375000,0,7988,0,15.0150,"188,88,318,218"
full_material_s2.5,three_sources_extreme_downsize,jpeg_q50,global_full_canvas,2,000000022705.png,11101110111011000111100001000010,10000001000000000000000000000000,0.468750,0,347,0,15.0150,"336,260,466,390"
full_material_s2.5,three_sources_extreme_downsize,jpeg_q50,oracle_box_raw,2,000000022705.png,11101110111011000111100001000010,00001110110000001111100000000010,0.750000,0,65483,0,15.0150,"336,260,466,390"
full_material_s2.5,three_sources_extreme_downsize,jpeg_q50,localized_resize,2,000000022705.png,11101110111011000111100001000010,00001110110000001111100000000010,0.750000,0,65483,0,15.0150,"336,260,466,390"
full_material_s2.5,three_sources_extreme_downsize,resize_0.5_jpeg70,global_full_canvas,0,000000005529.png,11110000101101111111011110100010,00000000000000000000000000000000,0.375000,0,150,0,15.0150,"30,36,164,170"
full_material_s2.5,three_sources_extreme_downsize,resize_0.5_jpeg70,oracle_box_raw,0,000000005529.png,11110000101101111111011110100010,10110000111100111111011010101010,0.843750,0,65536,0,15.0150,"30,36,164,170"
full_material_s2.5,three_sources_extreme_downsize,resize_0.5_jpeg70,localized_resize,0,000000005529.png,11110000101101111111011110100010,10110000111100111111011010101010,0.843750,0,65536,0,15.0150,"30,36,164,170"
full_material_s2.5,three_sources_extreme_downsize,resize_0.5_jpeg70,global_full_canvas,1,000000021167.png,11100110010110111101011101111001,00000000000000000000000000000000,0.343750,0,150,0,15.0150,"188,88,318,218"
full_material_s2.5,three_sources_extreme_downsize,resize_0.5_jpeg70,oracle_box_raw,1,000000021167.png,11100110010110111101011101111001,00000000000000000000000000000000,0.343750,0,519,0,15.0150,"188,88,318,218"
full_material_s2.5,three_sources_extreme_downsize,resize_0.5_jpeg70,localized_resize,1,000000021167.png,11100110010110111101011101111001,00000000000000000000000000000000,0.343750,0,519,0,15.0150,"188,88,318,218"
full_material_s2.5,three_sources_extreme_downsize,resize_0.5_jpeg70,global_full_canvas,2,000000022705.png,11101110111011000111100001000010,00000000000000000000000000000000,0.468750,0,150,0,15.0150,"336,260,466,390"
full_material_s2.5,three_sources_extreme_downsize,resize_0.5_jpeg70,oracle_box_raw,2,000000022705.png,11101110111011000111100001000010,10001110110000001111100000000010,0.781250,0,65536,0,15.0150,"336,260,466,390"
full_material_s2.5,three_sources_extreme_downsize,resize_0.5_jpeg70,localized_resize,2,000000022705.png,11101110111011000111100001000010,10001110110000001111100000000010,0.781250,0,65536,0,15.0150,"336,260,466,390"
full_material_s2.5,three_sources_crop_feather,none,global_full_canvas,0,000000005529.png,11110000101101111111011110100010,00000000000000000000000100000000,0.406250,0,19850,0,12.6963,"40,280,216,456"
full_material_s2.5,three_sources_crop_feather,none,oracle_box_raw,0,000000005529.png,11110000101101111111011110100010,00110000100000100111100010000010,0.625000,0,62205,0,12.6963,"40,280,216,456"
full_material_s2.5,three_sources_crop_feather,none,localized_resize,0,000000005529.png,11110000101101111111011110100010,00110000100000100111100010000010,0.625000,0,62205,0,12.6963,"40,280,216,456"
full_material_s2.5,three_sources_crop_feather,none,global_full_canvas,1,000000021167.png,11100110010110111101011101111001,00000000000000000000000100000000,0.375000,0,19850,0,12.6963,"166,36,342,212"
full_material_s2.5,three_sources_crop_feather,none,oracle_box_raw,1,000000021167.png,11100110010110111101011101111001,01100010010010111101011101011000,0.843750,0,54182,0,12.6963,"166,36,342,212"
full_material_s2.5,three_sources_crop_feather,none,localized_resize,1,000000021167.png,11100110010110111101011101111001,01100010010010111101011101011000,0.843750,0,54182,0,12.6963,"166,36,342,212"
full_material_s2.5,three_sources_crop_feather,none,global_full_canvas,2,000000022705.png,11101110111011000111100001000010,00000000000000000000000100000000,0.437500,0,19850,0,12.6963,"300,244,484,428"
full_material_s2.5,three_sources_crop_feather,none,oracle_box_raw,2,000000022705.png,11101110111011000111100001000010,11101100111011000111100001000010,0.968750,0,51445,0,12.6963,"300,244,484,428"
full_material_s2.5,three_sources_crop_feather,none,localized_resize,2,000000022705.png,11101110111011000111100001000010,11101100111011000111100001000010,0.968750,0,51445,0,12.6963,"300,244,484,428"
full_material_s2.5,three_sources_crop_feather,jpeg_q70,global_full_canvas,0,000000005529.png,11110000101101111111011110100010,00000000000000000000000100000000,0.406250,0,21090,0,12.6963,"40,280,216,456"
full_material_s2.5,three_sources_crop_feather,jpeg_q70,oracle_box_raw,0,000000005529.png,11110000101101111111011110100010,10110000100000101111010010000010,0.750000,0,57598,0,12.6963,"40,280,216,456"
full_material_s2.5,three_sources_crop_feather,jpeg_q70,localized_resize,0,000000005529.png,11110000101101111111011110100010,10110000100000101111010010000010,0.750000,0,57598,0,12.6963,"40,280,216,456"
full_material_s2.5,three_sources_crop_feather,jpeg_q70,global_full_canvas,1,000000021167.png,11100110010110111101011101111001,00000000000000000000000100000000,0.375000,0,21090,0,12.6963,"166,36,342,212"
full_material_s2.5,three_sources_crop_feather,jpeg_q70,oracle_box_raw,1,000000021167.png,11100110010110111101011101111001,01100110010010111101011101011001,0.906250,0,59661,0,12.6963,"166,36,342,212"
full_material_s2.5,three_sources_crop_feather,jpeg_q70,localized_resize,1,000000021167.png,11100110010110111101011101111001,01100110010010111101011101011001,0.906250,0,59661,0,12.6963,"166,36,342,212"
full_material_s2.5,three_sources_crop_feather,jpeg_q70,global_full_canvas,2,000000022705.png,11101110111011000111100001000010,00000000000000000000000100000000,0.437500,0,21090,0,12.6963,"300,244,484,428"
full_material_s2.5,three_sources_crop_feather,jpeg_q70,oracle_box_raw,2,000000022705.png,11101110111011000111100001000010,01101100101001000111100001000000,0.843750,0,51733,0,12.6963,"300,244,484,428"
full_material_s2.5,three_sources_crop_feather,jpeg_q70,localized_resize,2,000000022705.png,11101110111011000111100001000010,01101100101001000111100001000000,0.843750,0,51733,0,12.6963,"300,244,484,428"
full_material_s2.5,three_sources_crop_feather,jpeg_q50,global_full_canvas,0,000000005529.png,11110000101101111111011110100010,00000000000000000000000100100000,0.437500,0,21298,0,12.6963,"40,280,216,456"
full_material_s2.5,three_sources_crop_feather,jpeg_q50,oracle_box_raw,0,000000005529.png,11110000101101111111011110100010,00110000000000100011010010000010,0.625000,0,38430,0,12.6963,"40,280,216,456"
full_material_s2.5,three_sources_crop_feather,jpeg_q50,localized_resize,0,000000005529.png,11110000101101111111011110100010,00110000000000100011010010000010,0.625000,0,38430,0,12.6963,"40,280,216,456"
full_material_s2.5,three_sources_crop_feather,jpeg_q50,global_full_canvas,1,000000021167.png,11100110010110111101011101111001,00000000000000000000000100100000,0.406250,0,21298,0,12.6963,"166,36,342,212"
full_material_s2.5,three_sources_crop_feather,jpeg_q50,oracle_box_raw,1,000000021167.png,11100110010110111101011101111001,01100110010010111101011101011001,0.906250,0,57472,0,12.6963,"166,36,342,212"
full_material_s2.5,three_sources_crop_feather,jpeg_q50,localized_resize,1,000000021167.png,11100110010110111101011101111001,01100110010010111101011101011001,0.906250,0,57472,0,12.6963,"166,36,342,212"
full_material_s2.5,three_sources_crop_feather,jpeg_q50,global_full_canvas,2,000000022705.png,11101110111011000111100001000010,00000000000000000000000100100000,0.406250,0,21298,0,12.6963,"300,244,484,428"
full_material_s2.5,three_sources_crop_feather,jpeg_q50,oracle_box_raw,2,000000022705.png,11101110111011000111100001000010,01001100010000000111000001000000,0.718750,0,19710,0,12.6963,"300,244,484,428"
full_material_s2.5,three_sources_crop_feather,jpeg_q50,localized_resize,2,000000022705.png,11101110111011000111100001000010,01001100010000000111000001000000,0.718750,0,19710,0,12.6963,"300,244,484,428"
full_material_s2.5,three_sources_crop_feather,resize_0.5_jpeg70,global_full_canvas,0,000000005529.png,11110000101101111111011110100010,00000000000000000000000100100000,0.437500,0,22065,0,12.6963,"40,280,216,456"
full_material_s2.5,three_sources_crop_feather,resize_0.5_jpeg70,oracle_box_raw,0,000000005529.png,11110000101101111111011110100010,10110000000100101111010010001000,0.687500,0,51975,0,12.6963,"40,280,216,456"
full_material_s2.5,three_sources_crop_feather,resize_0.5_jpeg70,localized_resize,0,000000005529.png,11110000101101111111011110100010,10110000000100101111010010001000,0.687500,0,51975,0,12.6963,"40,280,216,456"
full_material_s2.5,three_sources_crop_feather,resize_0.5_jpeg70,global_full_canvas,1,000000021167.png,11100110010110111101011101111001,00000000000000000000000100100000,0.406250,0,22065,0,12.6963,"166,36,342,212"
full_material_s2.5,three_sources_crop_feather,resize_0.5_jpeg70,oracle_box_raw,1,000000021167.png,11100110010110111101011101111001,11100000000010111101000101011001,0.781250,0,54321,0,12.6963,"166,36,342,212"
full_material_s2.5,three_sources_crop_feather,resize_0.5_jpeg70,localized_resize,1,000000021167.png,11100110010110111101011101111001,11100000000010111101000101011001,0.781250,0,54321,0,12.6963,"166,36,342,212"
full_material_s2.5,three_sources_crop_feather,resize_0.5_jpeg70,global_full_canvas,2,000000022705.png,11101110111011000111100001000010,00000000000000000000000100100000,0.406250,0,22065,0,12.6963,"300,244,484,428"
full_material_s2.5,three_sources_crop_feather,resize_0.5_jpeg70,oracle_box_raw,2,000000022705.png,11101110111011000111100001000010,01101100100000000111100000000000,0.750000,0,48252,0,12.6963,"300,244,484,428"
full_material_s2.5,three_sources_crop_feather,resize_0.5_jpeg70,localized_resize,2,000000022705.png,11101110111011000111100001000010,01101100100000000111100000000000,0.750000,0,48252,0,12.6963,"300,244,484,428"
full_material_s3.0,two_sources_downsize,none,global_full_canvas,0,000000005529.png,11110000101101111111011110100010,00000000000000000000000000000000,0.375000,0,44,0,12.8785,"34,42,222,230"
full_material_s3.0,two_sources_downsize,none,oracle_box_raw,0,000000005529.png,11110000101101111111011110100010,11110000101101111111011110100010,1.000000,1,65536,0,12.8785,"34,42,222,230"
full_material_s3.0,two_sources_downsize,none,localized_resize,0,000000005529.png,11110000101101111111011110100010,11110000101101111111011110100010,1.000000,1,65536,0,12.8785,"34,42,222,230"
full_material_s3.0,two_sources_downsize,none,global_full_canvas,1,000000021167.png,11100110010110111101011101111001,00000000000000000000000000000000,0.343750,0,44,0,12.8785,"270,172,450,352"
full_material_s3.0,two_sources_downsize,none,oracle_box_raw,1,000000021167.png,11100110010110111101011101111001,11100110010110111101011101111000,0.968750,0,65536,0,12.8785,"270,172,450,352"
full_material_s3.0,two_sources_downsize,none,localized_resize,1,000000021167.png,11100110010110111101011101111001,11100110010110111101011101111000,0.968750,0,65536,0,12.8785,"270,172,450,352"
full_material_s3.0,two_sources_downsize,jpeg_q70,global_full_canvas,0,000000005529.png,11110000101101111111011110100010,00000000000000000000000000000000,0.375000,0,194,0,12.8785,"34,42,222,230"
full_material_s3.0,two_sources_downsize,jpeg_q70,oracle_box_raw,0,000000005529.png,11110000101101111111011110100010,11110000101101111111011110100010,1.000000,1,65536,0,12.8785,"34,42,222,230"
full_material_s3.0,two_sources_downsize,jpeg_q70,localized_resize,0,000000005529.png,11110000101101111111011110100010,11110000101101111111011110100010,1.000000,1,65536,0,12.8785,"34,42,222,230"
full_material_s3.0,two_sources_downsize,jpeg_q70,global_full_canvas,1,000000021167.png,11100110010110111101011101111001,00000000000000000000000000000000,0.343750,0,194,0,12.8785,"270,172,450,352"
full_material_s3.0,two_sources_downsize,jpeg_q70,oracle_box_raw,1,000000021167.png,11100110010110111101011101111001,11100110010110111101011101011001,0.968750,0,65536,0,12.8785,"270,172,450,352"
full_material_s3.0,two_sources_downsize,jpeg_q70,localized_resize,1,000000021167.png,11100110010110111101011101111001,11100110010110111101011101011001,0.968750,0,65536,0,12.8785,"270,172,450,352"
full_material_s3.0,two_sources_downsize,jpeg_q50,global_full_canvas,0,000000005529.png,11110000101101111111011110100010,00000000000000000000000000000000,0.375000,0,429,0,12.8785,"34,42,222,230"
full_material_s3.0,two_sources_downsize,jpeg_q50,oracle_box_raw,0,000000005529.png,11110000101101111111011110100010,11110000101101111111011110100010,1.000000,1,65536,0,12.8785,"34,42,222,230"
full_material_s3.0,two_sources_downsize,jpeg_q50,localized_resize,0,000000005529.png,11110000101101111111011110100010,11110000101101111111011110100010,1.000000,1,65536,0,12.8785,"34,42,222,230"
full_material_s3.0,two_sources_downsize,jpeg_q50,global_full_canvas,1,000000021167.png,11100110010110111101011101111001,00000000000000000000000000000000,0.343750,0,429,0,12.8785,"270,172,450,352"
full_material_s3.0,two_sources_downsize,jpeg_q50,oracle_box_raw,1,000000021167.png,11100110010110111101011101111001,11100110010110111101011101011001,0.968750,0,65536,0,12.8785,"270,172,450,352"
full_material_s3.0,two_sources_downsize,jpeg_q50,localized_resize,1,000000021167.png,11100110010110111101011101111001,11100110010110111101011101011001,0.968750,0,65536,0,12.8785,"270,172,450,352"
full_material_s3.0,two_sources_downsize,resize_0.5_jpeg70,global_full_canvas,0,000000005529.png,11110000101101111111011110100010,00000000000000000000000000000000,0.375000,0,480,0,12.8785,"34,42,222,230"
full_material_s3.0,two_sources_downsize,resize_0.5_jpeg70,oracle_box_raw,0,000000005529.png,11110000101101111111011110100010,11110000101101111111011110100010,1.000000,1,65536,0,12.8785,"34,42,222,230"
full_material_s3.0,two_sources_downsize,resize_0.5_jpeg70,localized_resize,0,000000005529.png,11110000101101111111011110100010,11110000101101111111011110100010,1.000000,1,65536,0,12.8785,"34,42,222,230"
full_material_s3.0,two_sources_downsize,resize_0.5_jpeg70,global_full_canvas,1,000000021167.png,11100110010110111101011101111001,00000000000000000000000000000000,0.343750,0,480,0,12.8785,"270,172,450,352"
full_material_s3.0,two_sources_downsize,resize_0.5_jpeg70,oracle_box_raw,1,000000021167.png,11100110010110111101011101111001,11100110000110111101011001011001,0.906250,0,65536,0,12.8785,"270,172,450,352"
full_material_s3.0,two_sources_downsize,resize_0.5_jpeg70,localized_resize,1,000000021167.png,11100110010110111101011101111001,11100110000110111101011001011001,0.906250,0,65536,0,12.8785,"270,172,450,352"
full_material_s3.0,three_sources_extreme_downsize,none,global_full_canvas,0,000000005529.png,11110000101101111111011110100010,00000000000000000000000000000000,0.000000,0,0,1,13.8765,"30,36,164,170"
full_material_s3.0,three_sources_extreme_downsize,none,oracle_box_raw,0,000000005529.png,11110000101101111111011110100010,10110000000101111111111110000010,0.843750,0,65536,0,13.8765,"30,36,164,170"
full_material_s3.0,three_sources_extreme_downsize,none,localized_resize,0,000000005529.png,11110000101101111111011110100010,10110000000101111111111110000010,0.843750,0,65536,0,13.8765,"30,36,164,170"
full_material_s3.0,three_sources_extreme_downsize,none,global_full_canvas,1,000000021167.png,11100110010110111101011101111001,00000000000000000000000000000000,0.000000,0,0,1,13.8765,"188,88,318,218"
full_material_s3.0,three_sources_extreme_downsize,none,oracle_box_raw,1,000000021167.png,11100110010110111101011101111001,01100000010010010001000000010000,0.562500,0,65517,0,13.8765,"188,88,318,218"
full_material_s3.0,three_sources_extreme_downsize,none,localized_resize,1,000000021167.png,11100110010110111101011101111001,01100000010010010001000000010000,0.562500,0,65517,0,13.8765,"188,88,318,218"
full_material_s3.0,three_sources_extreme_downsize,none,global_full_canvas,2,000000022705.png,11101110111011000111100001000010,00000000000000000000000000000000,0.000000,0,0,1,13.8765,"336,260,466,390"
full_material_s3.0,three_sources_extreme_downsize,none,oracle_box_raw,2,000000022705.png,11101110111011000111100001000010,11101110010011000111100001000010,0.937500,0,65536,0,13.8765,"336,260,466,390"
full_material_s3.0,three_sources_extreme_downsize,none,localized_resize,2,000000022705.png,11101110111011000111100001000010,11101110010011000111100001000010,0.937500,0,65536,0,13.8765,"336,260,466,390"
full_material_s3.0,three_sources_extreme_downsize,jpeg_q70,global_full_canvas,0,000000005529.png,11110000101101111111011110100010,00000000000000000000000000000000,0.000000,0,0,1,13.8765,"30,36,164,170"
full_material_s3.0,three_sources_extreme_downsize,jpeg_q70,oracle_box_raw,0,000000005529.png,11110000101101111111011110100010,10110000010101111111110110000010,0.781250,0,65536,0,13.8765,"30,36,164,170"
full_material_s3.0,three_sources_extreme_downsize,jpeg_q70,localized_resize,0,000000005529.png,11110000101101111111011110100010,10110000010101111111110110000010,0.781250,0,65536,0,13.8765,"30,36,164,170"
full_material_s3.0,three_sources_extreme_downsize,jpeg_q70,global_full_canvas,1,000000021167.png,11100110010110111101011101111001,00000000000000000000000000000000,0.000000,0,0,1,13.8765,"188,88,318,218"
full_material_s3.0,three_sources_extreme_downsize,jpeg_q70,oracle_box_raw,1,000000021167.png,11100110010110111101011101111001,00000000000000010000000000000000,0.375000,0,60899,0,13.8765,"188,88,318,218"
full_material_s3.0,three_sources_extreme_downsize,jpeg_q70,localized_resize,1,000000021167.png,11100110010110111101011101111001,00000000000000010000000000000000,0.375000,0,60899,0,13.8765,"188,88,318,218"
full_material_s3.0,three_sources_extreme_downsize,jpeg_q70,global_full_canvas,2,000000022705.png,11101110111011000111100001000010,00000000000000000000000000000000,0.000000,0,0,1,13.8765,"336,260,466,390"
full_material_s3.0,three_sources_extreme_downsize,jpeg_q70,oracle_box_raw,2,000000022705.png,11101110111011000111100001000010,10001110110010001111100000000010,0.812500,0,65536,0,13.8765,"336,260,466,390"
full_material_s3.0,three_sources_extreme_downsize,jpeg_q70,localized_resize,2,000000022705.png,11101110111011000111100001000010,10001110110010001111100000000010,0.812500,0,65536,0,13.8765,"336,260,466,390"
full_material_s3.0,three_sources_extreme_downsize,jpeg_q50,global_full_canvas,0,000000005529.png,11110000101101111111011110100010,00000000000000000000000000000000,0.000000,0,0,1,13.8765,"30,36,164,170"
full_material_s3.0,three_sources_extreme_downsize,jpeg_q50,oracle_box_raw,0,000000005529.png,11110000101101111111011110100010,10110000010100111111111010001010,0.718750,0,65536,0,13.8765,"30,36,164,170"
full_material_s3.0,three_sources_extreme_downsize,jpeg_q50,localized_resize,0,000000005529.png,11110000101101111111011110100010,10110000010100111111111010001010,0.718750,0,65536,0,13.8765,"30,36,164,170"
full_material_s3.0,three_sources_extreme_downsize,jpeg_q50,global_full_canvas,1,000000021167.png,11100110010110111101011101111001,00000000000000000000000000000000,0.000000,0,0,1,13.8765,"188,88,318,218"
full_material_s3.0,three_sources_extreme_downsize,jpeg_q50,oracle_box_raw,1,000000021167.png,11100110010110111101011101111001,00000000000000010000000000000000,0.375000,0,53473,0,13.8765,"188,88,318,218"
full_material_s3.0,three_sources_extreme_downsize,jpeg_q50,localized_resize,1,000000021167.png,11100110010110111101011101111001,00000000000000010000000000000000,0.375000,0,53473,0,13.8765,"188,88,318,218"
full_material_s3.0,three_sources_extreme_downsize,jpeg_q50,global_full_canvas,2,000000022705.png,11101110111011000111100001000010,00000000000000000000000000000000,0.000000,0,0,1,13.8765,"336,260,466,390"
full_material_s3.0,three_sources_extreme_downsize,jpeg_q50,oracle_box_raw,2,000000022705.png,11101110111011000111100001000010,11001110110010001111100000000010,0.843750,0,65491,0,13.8765,"336,260,466,390"
full_material_s3.0,three_sources_extreme_downsize,jpeg_q50,localized_resize,2,000000022705.png,11101110111011000111100001000010,11001110110010001111100000000010,0.843750,0,65491,0,13.8765,"336,260,466,390"
full_material_s3.0,three_sources_extreme_downsize,resize_0.5_jpeg70,global_full_canvas,0,000000005529.png,11110000101101111111011110100010,00000000000000000000000000000000,0.000000,0,0,1,13.8765,"30,36,164,170"
full_material_s3.0,three_sources_extreme_downsize,resize_0.5_jpeg70,oracle_box_raw,0,000000005529.png,11110000101101111111011110100010,10110000110100111111011110101010,0.843750,0,65536,0,13.8765,"30,36,164,170"
full_material_s3.0,three_sources_extreme_downsize,resize_0.5_jpeg70,localized_resize,0,000000005529.png,11110000101101111111011110100010,10110000110100111111011110101010,0.843750,0,65536,0,13.8765,"30,36,164,170"
full_material_s3.0,three_sources_extreme_downsize,resize_0.5_jpeg70,global_full_canvas,1,000000021167.png,11100110010110111101011101111001,00000000000000000000000000000000,0.000000,0,0,1,13.8765,"188,88,318,218"
full_material_s3.0,three_sources_extreme_downsize,resize_0.5_jpeg70,oracle_box_raw,1,000000021167.png,11100110010110111101011101111001,00000000000000010000000000000000,0.375000,0,488,0,13.8765,"188,88,318,218"
full_material_s3.0,three_sources_extreme_downsize,resize_0.5_jpeg70,localized_resize,1,000000021167.png,11100110010110111101011101111001,00000000000000010000000000000000,0.375000,0,488,0,13.8765,"188,88,318,218"
full_material_s3.0,three_sources_extreme_downsize,resize_0.5_jpeg70,global_full_canvas,2,000000022705.png,11101110111011000111100001000010,00000000000000000000000000000000,0.000000,0,0,1,13.8765,"336,260,466,390"
full_material_s3.0,three_sources_extreme_downsize,resize_0.5_jpeg70,oracle_box_raw,2,000000022705.png,11101110111011000111100001000010,10001110110000001111100000000010,0.781250,0,65536,0,13.8765,"336,260,466,390"
full_material_s3.0,three_sources_extreme_downsize,resize_0.5_jpeg70,localized_resize,2,000000022705.png,11101110111011000111100001000010,10001110110000001111100000000010,0.781250,0,65536,0,13.8765,"336,260,466,390"
full_material_s3.0,three_sources_crop_feather,none,global_full_canvas,0,000000005529.png,11110000101101111111011110100010,00000000000000000000000100000000,0.406250,0,18392,0,11.6306,"40,280,216,456"
full_material_s3.0,three_sources_crop_feather,none,oracle_box_raw,0,000000005529.png,11110000101101111111011110100010,00110000100000100111100010000010,0.625000,0,62416,0,11.6306,"40,280,216,456"
full_material_s3.0,three_sources_crop_feather,none,localized_resize,0,000000005529.png,11110000101101111111011110100010,00110000100000100111100010000010,0.625000,0,62416,0,11.6306,"40,280,216,456"
full_material_s3.0,three_sources_crop_feather,none,global_full_canvas,1,000000021167.png,11100110010110111101011101111001,00000000000000000000000100000000,0.375000,0,18392,0,11.6306,"166,36,342,212"
full_material_s3.0,three_sources_crop_feather,none,oracle_box_raw,1,000000021167.png,11100110010110111101011101111001,01100010010010111101011101011000,0.843750,0,57590,0,11.6306,"166,36,342,212"
full_material_s3.0,three_sources_crop_feather,none,localized_resize,1,000000021167.png,11100110010110111101011101111001,01100010010010111101011101011000,0.843750,0,57590,0,11.6306,"166,36,342,212"
full_material_s3.0,three_sources_crop_feather,none,global_full_canvas,2,000000022705.png,11101110111011000111100001000010,00000000000000000000000100000000,0.437500,0,18392,0,11.6306,"300,244,484,428"
full_material_s3.0,three_sources_crop_feather,none,oracle_box_raw,2,000000022705.png,11101110111011000111100001000010,01101100111011000111100001000010,0.937500,0,53515,0,11.6306,"300,244,484,428"
full_material_s3.0,three_sources_crop_feather,none,localized_resize,2,000000022705.png,11101110111011000111100001000010,01101100111011000111100001000010,0.937500,0,53515,0,11.6306,"300,244,484,428"
full_material_s3.0,three_sources_crop_feather,jpeg_q70,global_full_canvas,0,000000005529.png,11110000101101111111011110100010,00000000000000000000000100000000,0.406250,0,20522,0,11.6306,"40,280,216,456"
full_material_s3.0,three_sources_crop_feather,jpeg_q70,oracle_box_raw,0,000000005529.png,11110000101101111111011110100010,10110000100000101111000010000010,0.718750,0,54136,0,11.6306,"40,280,216,456"
full_material_s3.0,three_sources_crop_feather,jpeg_q70,localized_resize,0,000000005529.png,11110000101101111111011110100010,10110000100000101111000010000010,0.718750,0,54136,0,11.6306,"40,280,216,456"
full_material_s3.0,three_sources_crop_feather,jpeg_q70,global_full_canvas,1,000000021167.png,11100110010110111101011101111001,00000000000000000000000100000000,0.375000,0,20522,0,11.6306,"166,36,342,212"
full_material_s3.0,three_sources_crop_feather,jpeg_q70,oracle_box_raw,1,000000021167.png,11100110010110111101011101111001,01100010010010111101011101011001,0.875000,0,64624,0,11.6306,"166,36,342,212"
full_material_s3.0,three_sources_crop_feather,jpeg_q70,localized_resize,1,000000021167.png,11100110010110111101011101111001,01100010010010111101011101011001,0.875000,0,64624,0,11.6306,"166,36,342,212"
full_material_s3.0,three_sources_crop_feather,jpeg_q70,global_full_canvas,2,000000022705.png,11101110111011000111100001000010,00000000000000000000000100000000,0.437500,0,20522,0,11.6306,"300,244,484,428"
full_material_s3.0,three_sources_crop_feather,jpeg_q70,oracle_box_raw,2,000000022705.png,11101110111011000111100001000010,01101100111001000111100001000000,0.875000,0,54181,0,11.6306,"300,244,484,428"
full_material_s3.0,three_sources_crop_feather,jpeg_q70,localized_resize,2,000000022705.png,11101110111011000111100001000010,01101100111001000111100001000000,0.875000,0,54181,0,11.6306,"300,244,484,428"
full_material_s3.0,three_sources_crop_feather,jpeg_q50,global_full_canvas,0,000000005529.png,11110000101101111111011110100010,00000000000000000000000100000000,0.406250,0,20517,0,11.6306,"40,280,216,456"
full_material_s3.0,three_sources_crop_feather,jpeg_q50,oracle_box_raw,0,000000005529.png,11110000101101111111011110100010,00110000000000100011000010000010,0.593750,0,37266,0,11.6306,"40,280,216,456"
full_material_s3.0,three_sources_crop_feather,jpeg_q50,localized_resize,0,000000005529.png,11110000101101111111011110100010,00110000000000100011000010000010,0.593750,0,37266,0,11.6306,"40,280,216,456"
full_material_s3.0,three_sources_crop_feather,jpeg_q50,global_full_canvas,1,000000021167.png,11100110010110111101011101111001,00000000000000000000000100000000,0.375000,0,20517,0,11.6306,"166,36,342,212"
full_material_s3.0,three_sources_crop_feather,jpeg_q50,oracle_box_raw,1,000000021167.png,11100110010110111101011101111001,01100010010010111101011101011001,0.875000,0,56881,0,11.6306,"166,36,342,212"
full_material_s3.0,three_sources_crop_feather,jpeg_q50,localized_resize,1,000000021167.png,11100110010110111101011101111001,01100010010010111101011101011001,0.875000,0,56881,0,11.6306,"166,36,342,212"
full_material_s3.0,three_sources_crop_feather,jpeg_q50,global_full_canvas,2,000000022705.png,11101110111011000111100001000010,00000000000000000000000100000000,0.437500,0,20517,0,11.6306,"300,244,484,428"
full_material_s3.0,three_sources_crop_feather,jpeg_q50,oracle_box_raw,2,000000022705.png,11101110111011000111100001000010,01101100110000000111000001000000,0.781250,0,27985,0,11.6306,"300,244,484,428"
full_material_s3.0,three_sources_crop_feather,jpeg_q50,localized_resize,2,000000022705.png,11101110111011000111100001000010,01101100110000000111000001000000,0.781250,0,27985,0,11.6306,"300,244,484,428"
full_material_s3.0,three_sources_crop_feather,resize_0.5_jpeg70,global_full_canvas,0,000000005529.png,11110000101101111111011110100010,00000000000000000000000100000000,0.406250,0,21567,0,11.6306,"40,280,216,456"
full_material_s3.0,three_sources_crop_feather,resize_0.5_jpeg70,oracle_box_raw,0,000000005529.png,11110000101101111111011110100010,10110000100000100111010010000010,0.718750,0,48289,0,11.6306,"40,280,216,456"
full_material_s3.0,three_sources_crop_feather,resize_0.5_jpeg70,localized_resize,0,000000005529.png,11110000101101111111011110100010,10110000100000100111010010000010,0.718750,0,48289,0,11.6306,"40,280,216,456"
full_material_s3.0,three_sources_crop_feather,resize_0.5_jpeg70,global_full_canvas,1,000000021167.png,11100110010110111101011101111001,00000000000000000000000100000000,0.375000,0,21567,0,11.6306,"166,36,342,212"
full_material_s3.0,three_sources_crop_feather,resize_0.5_jpeg70,oracle_box_raw,1,000000021167.png,11100110010110111101011101111001,01100000010010111101001101011001,0.812500,0,52631,0,11.6306,"166,36,342,212"
full_material_s3.0,three_sources_crop_feather,resize_0.5_jpeg70,localized_resize,1,000000021167.png,11100110010110111101011101111001,01100000010010111101001101011001,0.812500,0,52631,0,11.6306,"166,36,342,212"
full_material_s3.0,three_sources_crop_feather,resize_0.5_jpeg70,global_full_canvas,2,000000022705.png,11101110111011000111100001000010,00000000000000000000000100000000,0.437500,0,21567,0,11.6306,"300,244,484,428"
full_material_s3.0,three_sources_crop_feather,resize_0.5_jpeg70,oracle_box_raw,2,000000022705.png,11101110111011000111100001000010,01101100100000000111100000000000,0.750000,0,55959,0,11.6306,"300,244,484,428"
full_material_s3.0,three_sources_crop_feather,resize_0.5_jpeg70,localized_resize,2,000000022705.png,11101110111011000111100001000010,01101100100000000111100000000000,0.750000,0,55959,0,11.6306,"300,244,484,428"
distributed_q50_s2.5,two_sources_downsize,none,global_full_canvas,0,000000005529.png,11110000101101111111011110100010,00000000000000000000000000000000,0.000000,0,0,1,17.1492,"34,42,222,230"
distributed_q50_s2.5,two_sources_downsize,none,oracle_box_raw,0,000000005529.png,11110000101101111111011110100010,11110000101101111111011110100010,1.000000,1,33379,0,17.1492,"34,42,222,230"
distributed_q50_s2.5,two_sources_downsize,none,localized_resize,0,000000005529.png,11110000101101111111011110100010,11110000101101111111011110100010,1.000000,1,33379,0,17.1492,"34,42,222,230"
distributed_q50_s2.5,two_sources_downsize,none,global_full_canvas,1,000000021167.png,11100110010110111101011101111001,00000000000000000000000000000000,0.000000,0,0,1,17.1492,"270,172,450,352"
distributed_q50_s2.5,two_sources_downsize,none,oracle_box_raw,1,000000021167.png,11100110010110111101011101111001,11100110010110111101011101111001,1.000000,1,33587,0,17.1492,"270,172,450,352"
distributed_q50_s2.5,two_sources_downsize,none,localized_resize,1,000000021167.png,11100110010110111101011101111001,11100110010110111101011101111001,1.000000,1,33587,0,17.1492,"270,172,450,352"
distributed_q50_s2.5,two_sources_downsize,jpeg_q70,global_full_canvas,0,000000005529.png,11110000101101111111011110100010,00000000000000000000000000000000,0.000000,0,0,1,17.1492,"34,42,222,230"
distributed_q50_s2.5,two_sources_downsize,jpeg_q70,oracle_box_raw,0,000000005529.png,11110000101101111111011110100010,11110000101101111111011110100010,1.000000,1,35194,0,17.1492,"34,42,222,230"
distributed_q50_s2.5,two_sources_downsize,jpeg_q70,localized_resize,0,000000005529.png,11110000101101111111011110100010,11110000101101111111011110100010,1.000000,1,35194,0,17.1492,"34,42,222,230"
distributed_q50_s2.5,two_sources_downsize,jpeg_q70,global_full_canvas,1,000000021167.png,11100110010110111101011101111001,00000000000000000000000000000000,0.000000,0,0,1,17.1492,"270,172,450,352"
distributed_q50_s2.5,two_sources_downsize,jpeg_q70,oracle_box_raw,1,000000021167.png,11100110010110111101011101111001,11100110010110111101011101011001,0.968750,0,34414,0,17.1492,"270,172,450,352"
distributed_q50_s2.5,two_sources_downsize,jpeg_q70,localized_resize,1,000000021167.png,11100110010110111101011101111001,11100110010110111101011101011001,0.968750,0,34414,0,17.1492,"270,172,450,352"
distributed_q50_s2.5,two_sources_downsize,jpeg_q50,global_full_canvas,0,000000005529.png,11110000101101111111011110100010,00000000000000000000000000000000,0.000000,0,0,1,17.1492,"34,42,222,230"
distributed_q50_s2.5,two_sources_downsize,jpeg_q50,oracle_box_raw,0,000000005529.png,11110000101101111111011110100010,11110000101101111111011110100010,1.000000,1,35750,0,17.1492,"34,42,222,230"
distributed_q50_s2.5,two_sources_downsize,jpeg_q50,localized_resize,0,000000005529.png,11110000101101111111011110100010,11110000101101111111011110100010,1.000000,1,35750,0,17.1492,"34,42,222,230"
distributed_q50_s2.5,two_sources_downsize,jpeg_q50,global_full_canvas,1,000000021167.png,11100110010110111101011101111001,00000000000000000000000000000000,0.000000,0,0,1,17.1492,"270,172,450,352"
distributed_q50_s2.5,two_sources_downsize,jpeg_q50,oracle_box_raw,1,000000021167.png,11100110010110111101011101111001,11100110010110111101011001011001,0.937500,0,36699,0,17.1492,"270,172,450,352"
distributed_q50_s2.5,two_sources_downsize,jpeg_q50,localized_resize,1,000000021167.png,11100110010110111101011101111001,11100110010110111101011001011001,0.937500,0,36699,0,17.1492,"270,172,450,352"
distributed_q50_s2.5,two_sources_downsize,resize_0.5_jpeg70,global_full_canvas,0,000000005529.png,11110000101101111111011110100010,00000000000000000000000000000000,0.000000,0,0,1,17.1492,"34,42,222,230"
distributed_q50_s2.5,two_sources_downsize,resize_0.5_jpeg70,oracle_box_raw,0,000000005529.png,11110000101101111111011110100010,11110000101101111111011110100010,1.000000,1,36429,0,17.1492,"34,42,222,230"
distributed_q50_s2.5,two_sources_downsize,resize_0.5_jpeg70,localized_resize,0,000000005529.png,11110000101101111111011110100010,11110000101101111111011110100010,1.000000,1,36429,0,17.1492,"34,42,222,230"
distributed_q50_s2.5,two_sources_downsize,resize_0.5_jpeg70,global_full_canvas,1,000000021167.png,11100110010110111101011101111001,00000000000000000000000000000000,0.000000,0,0,1,17.1492,"270,172,450,352"
distributed_q50_s2.5,two_sources_downsize,resize_0.5_jpeg70,oracle_box_raw,1,000000021167.png,11100110010110111101011101111001,11100110010110111101011001011001,0.937500,0,37668,0,17.1492,"270,172,450,352"
distributed_q50_s2.5,two_sources_downsize,resize_0.5_jpeg70,localized_resize,1,000000021167.png,11100110010110111101011101111001,11100110010110111101011001011001,0.937500,0,37668,0,17.1492,"270,172,450,352"
distributed_q50_s2.5,three_sources_extreme_downsize,none,global_full_canvas,0,000000005529.png,11110000101101111111011110100010,00000000000000000000000000000000,0.000000,0,0,1,18.4863,"30,36,164,170"
distributed_q50_s2.5,three_sources_extreme_downsize,none,oracle_box_raw,0,000000005529.png,11110000101101111111011110100010,00110000000000000000000010000000,0.468750,0,18589,0,18.4863,"30,36,164,170"
distributed_q50_s2.5,three_sources_extreme_downsize,none,localized_resize,0,000000005529.png,11110000101101111111011110100010,00110000000000000000000010000000,0.468750,0,18589,0,18.4863,"30,36,164,170"
distributed_q50_s2.5,three_sources_extreme_downsize,none,global_full_canvas,1,000000021167.png,11100110010110111101011101111001,00000000000000000000000000000000,0.000000,0,0,1,18.4863,"188,88,318,218"
distributed_q50_s2.5,three_sources_extreme_downsize,none,oracle_box_raw,1,000000021167.png,11100110010110111101011101111001,00000000000000000000000000000000,0.343750,0,9390,0,18.4863,"188,88,318,218"
distributed_q50_s2.5,three_sources_extreme_downsize,none,localized_resize,1,000000021167.png,11100110010110111101011101111001,00000000000000000000000000000000,0.343750,0,9390,0,18.4863,"188,88,318,218"
distributed_q50_s2.5,three_sources_extreme_downsize,none,global_full_canvas,2,000000022705.png,11101110111011000111100001000010,00000000000000000000000000000000,0.000000,0,0,1,18.4863,"336,260,466,390"
distributed_q50_s2.5,three_sources_extreme_downsize,none,oracle_box_raw,2,000000022705.png,11101110111011000111100001000010,01001000010000000010000000000000,0.593750,0,25118,0,18.4863,"336,260,466,390"
distributed_q50_s2.5,three_sources_extreme_downsize,none,localized_resize,2,000000022705.png,11101110111011000111100001000010,01001000010000000010000000000000,0.593750,0,25118,0,18.4863,"336,260,466,390"
distributed_q50_s2.5,three_sources_extreme_downsize,jpeg_q70,global_full_canvas,0,000000005529.png,11110000101101111111011110100010,00000000000000000000000000000000,0.000000,0,0,1,18.4863,"30,36,164,170"
distributed_q50_s2.5,three_sources_extreme_downsize,jpeg_q70,oracle_box_raw,0,000000005529.png,11110000101101111111011110100010,00000000011000101101000010000010,0.562500,0,30119,0,18.4863,"30,36,164,170"
distributed_q50_s2.5,three_sources_extreme_downsize,jpeg_q70,localized_resize,0,000000005529.png,11110000101101111111011110100010,00000000011000101101000010000010,0.562500,0,30119,0,18.4863,"30,36,164,170"
distributed_q50_s2.5,three_sources_extreme_downsize,jpeg_q70,global_full_canvas,1,000000021167.png,11100110010110111101011101111001,00000000000000000000000000000000,0.000000,0,0,1,18.4863,"188,88,318,218"
distributed_q50_s2.5,three_sources_extreme_downsize,jpeg_q70,oracle_box_raw,1,000000021167.png,11100110010110111101011101111001,00000000000000000000000000000010,0.312500,0,38043,0,18.4863,"188,88,318,218"
distributed_q50_s2.5,three_sources_extreme_downsize,jpeg_q70,localized_resize,1,000000021167.png,11100110010110111101011101111001,00000000000000000000000000000010,0.312500,0,38043,0,18.4863,"188,88,318,218"
distributed_q50_s2.5,three_sources_extreme_downsize,jpeg_q70,global_full_canvas,2,000000022705.png,11101110111011000111100001000010,00000000000000000000000000000000,0.000000,0,0,1,18.4863,"336,260,466,390"
distributed_q50_s2.5,three_sources_extreme_downsize,jpeg_q70,oracle_box_raw,2,000000022705.png,11101110111011000111100001000010,00101010011010000000000000000010,0.687500,0,40394,0,18.4863,"336,260,466,390"
distributed_q50_s2.5,three_sources_extreme_downsize,jpeg_q70,localized_resize,2,000000022705.png,11101110111011000111100001000010,00101010011010000000000000000010,0.687500,0,40394,0,18.4863,"336,260,466,390"
distributed_q50_s2.5,three_sources_extreme_downsize,jpeg_q50,global_full_canvas,0,000000005529.png,11110000101101111111011110100010,00000000000000000000000000000000,0.000000,0,0,1,18.4863,"30,36,164,170"
distributed_q50_s2.5,three_sources_extreme_downsize,jpeg_q50,oracle_box_raw,0,000000005529.png,11110000101101111111011110100010,10000000010000000000000000000000,0.375000,0,16354,0,18.4863,"30,36,164,170"
distributed_q50_s2.5,three_sources_extreme_downsize,jpeg_q50,localized_resize,0,000000005529.png,11110000101101111111011110100010,10000000010000000000000000000000,0.375000,0,16354,0,18.4863,"30,36,164,170"
distributed_q50_s2.5,three_sources_extreme_downsize,jpeg_q50,global_full_canvas,1,000000021167.png,11100110010110111101011101111001,00000000000000000000000000000000,0.000000,0,0,1,18.4863,"188,88,318,218"
distributed_q50_s2.5,three_sources_extreme_downsize,jpeg_q50,oracle_box_raw,1,000000021167.png,11100110010110111101011101111001,00000000000000000000000000000000,0.000000,0,0,1,18.4863,"188,88,318,218"
distributed_q50_s2.5,three_sources_extreme_downsize,jpeg_q50,localized_resize,1,000000021167.png,11100110010110111101011101111001,00000000000000000000000000000000,0.000000,0,0,1,18.4863,"188,88,318,218"
distributed_q50_s2.5,three_sources_extreme_downsize,jpeg_q50,global_full_canvas,2,000000022705.png,11101110111011000111100001000010,00000000000000000000000000000000,0.000000,0,0,1,18.4863,"336,260,466,390"
distributed_q50_s2.5,three_sources_extreme_downsize,jpeg_q50,oracle_box_raw,2,000000022705.png,11101110111011000111100001000010,01001000010000000010000001000000,0.625000,0,36246,0,18.4863,"336,260,466,390"
distributed_q50_s2.5,three_sources_extreme_downsize,jpeg_q50,localized_resize,2,000000022705.png,11101110111011000111100001000010,01001000010000000010000001000000,0.625000,0,36246,0,18.4863,"336,260,466,390"
distributed_q50_s2.5,three_sources_extreme_downsize,resize_0.5_jpeg70,global_full_canvas,0,000000005529.png,11110000101101111111011110100010,00000000000000000000000000000000,0.000000,0,0,1,18.4863,"30,36,164,170"
distributed_q50_s2.5,three_sources_extreme_downsize,resize_0.5_jpeg70,oracle_box_raw,0,000000005529.png,11110000101101111111011110100010,00100000000000000000000000000000,0.406250,0,38457,0,18.4863,"30,36,164,170"
distributed_q50_s2.5,three_sources_extreme_downsize,resize_0.5_jpeg70,localized_resize,0,000000005529.png,11110000101101111111011110100010,00100000000000000000000000000000,0.406250,0,38457,0,18.4863,"30,36,164,170"
distributed_q50_s2.5,three_sources_extreme_downsize,resize_0.5_jpeg70,global_full_canvas,1,000000021167.png,11100110010110111101011101111001,00000000000000000000000000000000,0.000000,0,0,1,18.4863,"188,88,318,218"
distributed_q50_s2.5,three_sources_extreme_downsize,resize_0.5_jpeg70,oracle_box_raw,1,000000021167.png,11100110010110111101011101111001,00000000000000000001000000000010,0.343750,0,30002,0,18.4863,"188,88,318,218"
distributed_q50_s2.5,three_sources_extreme_downsize,resize_0.5_jpeg70,localized_resize,1,000000021167.png,11100110010110111101011101111001,00000000000000000001000000000010,0.343750,0,30002,0,18.4863,"188,88,318,218"
distributed_q50_s2.5,three_sources_extreme_downsize,resize_0.5_jpeg70,global_full_canvas,2,000000022705.png,11101110111011000111100001000010,00000000000000000000000000000000,0.000000,0,0,1,18.4863,"336,260,466,390"
distributed_q50_s2.5,three_sources_extreme_downsize,resize_0.5_jpeg70,oracle_box_raw,2,000000022705.png,11101110111011000111100001000010,00000000000010000010000000000000,0.531250,0,36218,0,18.4863,"336,260,466,390"
distributed_q50_s2.5,three_sources_extreme_downsize,resize_0.5_jpeg70,localized_resize,2,000000022705.png,11101110111011000111100001000010,00000000000010000010000000000000,0.531250,0,36218,0,18.4863,"336,260,466,390"
distributed_q50_s2.5,three_sources_crop_feather,none,global_full_canvas,0,000000005529.png,11110000101101111111011110100010,00000000000000000000000000001000,0.343750,0,550,0,16.3343,"40,280,216,456"
distributed_q50_s2.5,three_sources_crop_feather,none,oracle_box_raw,0,000000005529.png,11110000101101111111011110100010,00000000100000000000000010000000,0.437500,0,11096,0,16.3343,"40,280,216,456"
distributed_q50_s2.5,three_sources_crop_feather,none,localized_resize,0,000000005529.png,11110000101101111111011110100010,00000000100000000000000010000000,0.437500,0,11096,0,16.3343,"40,280,216,456"
distributed_q50_s2.5,three_sources_crop_feather,none,global_full_canvas,1,000000021167.png,11100110010110111101011101111001,00000000000000000000000000001000,0.375000,0,550,0,16.3343,"166,36,342,212"
distributed_q50_s2.5,three_sources_crop_feather,none,oracle_box_raw,1,000000021167.png,11100110010110111101011101111001,00100000010000000000000000000000,0.406250,0,4414,0,16.3343,"166,36,342,212"
distributed_q50_s2.5,three_sources_crop_feather,none,localized_resize,1,000000021167.png,11100110010110111101011101111001,00100000010000000000000000000000,0.406250,0,4414,0,16.3343,"166,36,342,212"
distributed_q50_s2.5,three_sources_crop_feather,none,global_full_canvas,2,000000022705.png,11101110111011000111100001000010,00000000000000000000000000001000,0.437500,0,550,0,16.3343,"300,244,484,428"
distributed_q50_s2.5,three_sources_crop_feather,none,oracle_box_raw,2,000000022705.png,11101110111011000111100001000010,01000000000000000001000000000000,0.531250,0,2369,0,16.3343,"300,244,484,428"
distributed_q50_s2.5,three_sources_crop_feather,none,localized_resize,2,000000022705.png,11101110111011000111100001000010,01000000000000000001000000000000,0.531250,0,2369,0,16.3343,"300,244,484,428"
distributed_q50_s2.5,three_sources_crop_feather,jpeg_q70,global_full_canvas,0,000000005529.png,11110000101101111111011110100010,00000000000000000000000000000000,0.000000,0,0,1,16.3343,"40,280,216,456"
distributed_q50_s2.5,three_sources_crop_feather,jpeg_q70,oracle_box_raw,0,000000005529.png,11110000101101111111011110100010,01001000001000100010100000000000,0.437500,0,25877,0,16.3343,"40,280,216,456"
distributed_q50_s2.5,three_sources_crop_feather,jpeg_q70,localized_resize,0,000000005529.png,11110000101101111111011110100010,01001000001000100010100000000000,0.437500,0,25877,0,16.3343,"40,280,216,456"
distributed_q50_s2.5,three_sources_crop_feather,jpeg_q70,global_full_canvas,1,000000021167.png,11100110010110111101011101111001,00000000000000000000000000000000,0.000000,0,0,1,16.3343,"166,36,342,212"
distributed_q50_s2.5,three_sources_crop_feather,jpeg_q70,oracle_box_raw,1,000000021167.png,11100110010110111101011101111001,00000000000010000000000101000000,0.437500,0,7557,0,16.3343,"166,36,342,212"
distributed_q50_s2.5,three_sources_crop_feather,jpeg_q70,localized_resize,1,000000021167.png,11100110010110111101011101111001,00000000000010000000000101000000,0.437500,0,7557,0,16.3343,"166,36,342,212"
distributed_q50_s2.5,three_sources_crop_feather,jpeg_q70,global_full_canvas,2,000000022705.png,11101110111011000111100001000010,00000000000000000000000000000000,0.000000,0,0,1,16.3343,"300,244,484,428"
distributed_q50_s2.5,three_sources_crop_feather,jpeg_q70,oracle_box_raw,2,000000022705.png,11101110111011000111100001000010,01100010010010001001010001000010,0.656250,0,28804,0,16.3343,"300,244,484,428"
distributed_q50_s2.5,three_sources_crop_feather,jpeg_q70,localized_resize,2,000000022705.png,11101110111011000111100001000010,01100010010010001001010001000010,0.656250,0,28804,0,16.3343,"300,244,484,428"
distributed_q50_s2.5,three_sources_crop_feather,jpeg_q50,global_full_canvas,0,000000005529.png,11110000101101111111011110100010,00000000000000000000000000000000,0.375000,0,27,0,16.3343,"40,280,216,456"
distributed_q50_s2.5,three_sources_crop_feather,jpeg_q50,oracle_box_raw,0,000000005529.png,11110000101101111111011110100010,00000000000000000000000000000000,0.375000,0,12477,0,16.3343,"40,280,216,456"
distributed_q50_s2.5,three_sources_crop_feather,jpeg_q50,localized_resize,0,000000005529.png,11110000101101111111011110100010,00000000000000000000000000000000,0.375000,0,12477,0,16.3343,"40,280,216,456"
distributed_q50_s2.5,three_sources_crop_feather,jpeg_q50,global_full_canvas,1,000000021167.png,11100110010110111101011101111001,00000000000000000000000000000000,0.343750,0,27,0,16.3343,"166,36,342,212"
distributed_q50_s2.5,three_sources_crop_feather,jpeg_q50,oracle_box_raw,1,000000021167.png,11100110010110111101011101111001,00000000000000000000000000000000,0.343750,0,11564,0,16.3343,"166,36,342,212"
distributed_q50_s2.5,three_sources_crop_feather,jpeg_q50,localized_resize,1,000000021167.png,11100110010110111101011101111001,00000000000000000000000000000000,0.343750,0,11564,0,16.3343,"166,36,342,212"
distributed_q50_s2.5,three_sources_crop_feather,jpeg_q50,global_full_canvas,2,000000022705.png,11101110111011000111100001000010,00000000000000000000000000000000,0.468750,0,27,0,16.3343,"300,244,484,428"
distributed_q50_s2.5,three_sources_crop_feather,jpeg_q50,oracle_box_raw,2,000000022705.png,11101110111011000111100001000010,01101000000000001101000001000000,0.625000,0,36726,0,16.3343,"300,244,484,428"
distributed_q50_s2.5,three_sources_crop_feather,jpeg_q50,localized_resize,2,000000022705.png,11101110111011000111100001000010,01101000000000001101000001000000,0.625000,0,36726,0,16.3343,"300,244,484,428"
distributed_q50_s2.5,three_sources_crop_feather,resize_0.5_jpeg70,global_full_canvas,0,000000005529.png,11110000101101111111011110100010,00000000000000000000000000001000,0.343750,0,225,0,16.3343,"40,280,216,456"
distributed_q50_s2.5,three_sources_crop_feather,resize_0.5_jpeg70,oracle_box_raw,0,000000005529.png,11110000101101111111011110100010,00001000000010001010000000000010,0.406250,0,8210,0,16.3343,"40,280,216,456"
distributed_q50_s2.5,three_sources_crop_feather,resize_0.5_jpeg70,localized_resize,0,000000005529.png,11110000101101111111011110100010,00001000000010001010000000000010,0.406250,0,8210,0,16.3343,"40,280,216,456"
distributed_q50_s2.5,three_sources_crop_feather,resize_0.5_jpeg70,global_full_canvas,1,000000021167.png,11100110010110111101011101111001,00000000000000000000000000001000,0.375000,0,225,0,16.3343,"166,36,342,212"
distributed_q50_s2.5,three_sources_crop_feather,resize_0.5_jpeg70,oracle_box_raw,1,000000021167.png,11100110010110111101011101111001,01100000000010000000000001010100,0.468750,0,20962,0,16.3343,"166,36,342,212"
distributed_q50_s2.5,three_sources_crop_feather,resize_0.5_jpeg70,localized_resize,1,000000021167.png,11100110010110111101011101111001,01100000000010000000000001010100,0.468750,0,20962,0,16.3343,"166,36,342,212"
distributed_q50_s2.5,three_sources_crop_feather,resize_0.5_jpeg70,global_full_canvas,2,000000022705.png,11101110111011000111100001000010,00000000000000000000000000001000,0.437500,0,225,0,16.3343,"300,244,484,428"
distributed_q50_s2.5,three_sources_crop_feather,resize_0.5_jpeg70,oracle_box_raw,2,000000022705.png,11101110111011000111100001000010,00001000100000000001000001000000,0.593750,0,33050,0,16.3343,"300,244,484,428"
distributed_q50_s2.5,three_sources_crop_feather,resize_0.5_jpeg70,localized_resize,2,000000022705.png,11101110111011000111100001000010,00001000100000000001000001000000,0.593750,0,33050,0,16.3343,"300,244,484,428"
distributed_q50_s3.0,two_sources_downsize,none,global_full_canvas,0,000000005529.png,11110000101101111111011110100010,00000000000000000000000000000000,0.000000,0,0,1,15.9300,"34,42,222,230"
distributed_q50_s3.0,two_sources_downsize,none,oracle_box_raw,0,000000005529.png,11110000101101111111011110100010,11110000101101111111011110100010,1.000000,1,33520,0,15.9300,"34,42,222,230"
distributed_q50_s3.0,two_sources_downsize,none,localized_resize,0,000000005529.png,11110000101101111111011110100010,11110000101101111111011110100010,1.000000,1,33520,0,15.9300,"34,42,222,230"
distributed_q50_s3.0,two_sources_downsize,none,global_full_canvas,1,000000021167.png,11100110010110111101011101111001,00000000000000000000000000000000,0.000000,0,0,1,15.9300,"270,172,450,352"
distributed_q50_s3.0,two_sources_downsize,none,oracle_box_raw,1,000000021167.png,11100110010110111101011101111001,11100110010110111101011101111001,1.000000,1,33738,0,15.9300,"270,172,450,352"
distributed_q50_s3.0,two_sources_downsize,none,localized_resize,1,000000021167.png,11100110010110111101011101111001,11100110010110111101011101111001,1.000000,1,33738,0,15.9300,"270,172,450,352"
distributed_q50_s3.0,two_sources_downsize,jpeg_q70,global_full_canvas,0,000000005529.png,11110000101101111111011110100010,00000000000000000000000000000000,0.000000,0,0,1,15.9300,"34,42,222,230"
distributed_q50_s3.0,two_sources_downsize,jpeg_q70,oracle_box_raw,0,000000005529.png,11110000101101111111011110100010,11110000101101111111011110100010,1.000000,1,35532,0,15.9300,"34,42,222,230"
distributed_q50_s3.0,two_sources_downsize,jpeg_q70,localized_resize,0,000000005529.png,11110000101101111111011110100010,11110000101101111111011110100010,1.000000,1,35532,0,15.9300,"34,42,222,230"
distributed_q50_s3.0,two_sources_downsize,jpeg_q70,global_full_canvas,1,000000021167.png,11100110010110111101011101111001,00000000000000000000000000000000,0.000000,0,0,1,15.9300,"270,172,450,352"
distributed_q50_s3.0,two_sources_downsize,jpeg_q70,oracle_box_raw,1,000000021167.png,11100110010110111101011101111001,11100110010110111101011101011001,0.968750,0,34565,0,15.9300,"270,172,450,352"
distributed_q50_s3.0,two_sources_downsize,jpeg_q70,localized_resize,1,000000021167.png,11100110010110111101011101111001,11100110010110111101011101011001,0.968750,0,34565,0,15.9300,"270,172,450,352"
distributed_q50_s3.0,two_sources_downsize,jpeg_q50,global_full_canvas,0,000000005529.png,11110000101101111111011110100010,00000000000000000000000000000000,0.000000,0,0,1,15.9300,"34,42,222,230"
distributed_q50_s3.0,two_sources_downsize,jpeg_q50,oracle_box_raw,0,000000005529.png,11110000101101111111011110100010,11110000101101111111011110100010,1.000000,1,36680,0,15.9300,"34,42,222,230"
distributed_q50_s3.0,two_sources_downsize,jpeg_q50,localized_resize,0,000000005529.png,11110000101101111111011110100010,11110000101101111111011110100010,1.000000,1,36680,0,15.9300,"34,42,222,230"
distributed_q50_s3.0,two_sources_downsize,jpeg_q50,global_full_canvas,1,000000021167.png,11100110010110111101011101111001,00000000000000000000000000000000,0.000000,0,0,1,15.9300,"270,172,450,352"
distributed_q50_s3.0,two_sources_downsize,jpeg_q50,oracle_box_raw,1,000000021167.png,11100110010110111101011101111001,11100110010110111101011101011001,0.968750,0,35719,0,15.9300,"270,172,450,352"
distributed_q50_s3.0,two_sources_downsize,jpeg_q50,localized_resize,1,000000021167.png,11100110010110111101011101111001,11100110010110111101011101011001,0.968750,0,35719,0,15.9300,"270,172,450,352"
distributed_q50_s3.0,two_sources_downsize,resize_0.5_jpeg70,global_full_canvas,0,000000005529.png,11110000101101111111011110100010,00000000000000000000000000000000,0.000000,0,0,1,15.9300,"34,42,222,230"
distributed_q50_s3.0,two_sources_downsize,resize_0.5_jpeg70,oracle_box_raw,0,000000005529.png,11110000101101111111011110100010,11110000101101111111011110100010,1.000000,1,36510,0,15.9300,"34,42,222,230"
distributed_q50_s3.0,two_sources_downsize,resize_0.5_jpeg70,localized_resize,0,000000005529.png,11110000101101111111011110100010,11110000101101111111011110100010,1.000000,1,36510,0,15.9300,"34,42,222,230"
distributed_q50_s3.0,two_sources_downsize,resize_0.5_jpeg70,global_full_canvas,1,000000021167.png,11100110010110111101011101111001,00000000000000000000000000000000,0.000000,0,0,1,15.9300,"270,172,450,352"
distributed_q50_s3.0,two_sources_downsize,resize_0.5_jpeg70,oracle_box_raw,1,000000021167.png,11100110010110111101011101111001,11100110010110111101011101011001,0.968750,0,37024,0,15.9300,"270,172,450,352"
distributed_q50_s3.0,two_sources_downsize,resize_0.5_jpeg70,localized_resize,1,000000021167.png,11100110010110111101011101111001,11100110010110111101011101011001,0.968750,0,37024,0,15.9300,"270,172,450,352"
distributed_q50_s3.0,three_sources_extreme_downsize,none,global_full_canvas,0,000000005529.png,11110000101101111111011110100010,00000000000000000000000000000000,0.000000,0,0,1,17.3188,"30,36,164,170"
distributed_q50_s3.0,three_sources_extreme_downsize,none,oracle_box_raw,0,000000005529.png,11110000101101111111011110100010,00110000000000000000000010000000,0.468750,0,19587,0,17.3188,"30,36,164,170"
distributed_q50_s3.0,three_sources_extreme_downsize,none,localized_resize,0,000000005529.png,11110000101101111111011110100010,00110000000000000000000010000000,0.468750,0,19587,0,17.3188,"30,36,164,170"
distributed_q50_s3.0,three_sources_extreme_downsize,none,global_full_canvas,1,000000021167.png,11100110010110111101011101111001,00000000000000000000000000000000,0.000000,0,0,1,17.3188,"188,88,318,218"
distributed_q50_s3.0,three_sources_extreme_downsize,none,oracle_box_raw,1,000000021167.png,11100110010110111101011101111001,00000000000000000000000000000000,0.343750,0,7169,0,17.3188,"188,88,318,218"
distributed_q50_s3.0,three_sources_extreme_downsize,none,localized_resize,1,000000021167.png,11100110010110111101011101111001,00000000000000000000000000000000,0.343750,0,7169,0,17.3188,"188,88,318,218"
distributed_q50_s3.0,three_sources_extreme_downsize,none,global_full_canvas,2,000000022705.png,11101110111011000111100001000010,00000000000000000000000000000000,0.000000,0,0,1,17.3188,"336,260,466,390"
distributed_q50_s3.0,three_sources_extreme_downsize,none,oracle_box_raw,2,000000022705.png,11101110111011000111100001000010,01000000000000000010000000000000,0.531250,0,22137,0,17.3188,"336,260,466,390"
distributed_q50_s3.0,three_sources_extreme_downsize,none,localized_resize,2,000000022705.png,11101110111011000111100001000010,01000000000000000010000000000000,0.531250,0,22137,0,17.3188,"336,260,466,390"
distributed_q50_s3.0,three_sources_extreme_downsize,jpeg_q70,global_full_canvas,0,000000005529.png,11110000101101111111011110100010,00000000000000000000000000000000,0.000000,0,0,1,17.3188,"30,36,164,170"
distributed_q50_s3.0,three_sources_extreme_downsize,jpeg_q70,oracle_box_raw,0,000000005529.png,11110000101101111111011110100010,00100000000000000000000000000000,0.406250,0,38791,0,17.3188,"30,36,164,170"
distributed_q50_s3.0,three_sources_extreme_downsize,jpeg_q70,localized_resize,0,000000005529.png,11110000101101111111011110100010,00100000000000000000000000000000,0.406250,0,38791,0,17.3188,"30,36,164,170"
distributed_q50_s3.0,three_sources_extreme_downsize,jpeg_q70,global_full_canvas,1,000000021167.png,11100110010110111101011101111001,00000000000000000000000000000000,0.000000,0,0,1,17.3188,"188,88,318,218"
distributed_q50_s3.0,three_sources_extreme_downsize,jpeg_q70,oracle_box_raw,1,000000021167.png,11100110010110111101011101111001,00000000010000000100000001000010,0.406250,0,36955,0,17.3188,"188,88,318,218"
distributed_q50_s3.0,three_sources_extreme_downsize,jpeg_q70,localized_resize,1,000000021167.png,11100110010110111101011101111001,00000000010000000100000001000010,0.406250,0,36955,0,17.3188,"188,88,318,218"
distributed_q50_s3.0,three_sources_extreme_downsize,jpeg_q70,global_full_canvas,2,000000022705.png,11101110111011000111100001000010,00000000000000000000000000000000,0.000000,0,0,1,17.3188,"336,260,466,390"
distributed_q50_s3.0,three_sources_extreme_downsize,jpeg_q70,oracle_box_raw,2,000000022705.png,11101110111011000111100001000010,00001000011011000000000000000000,0.625000,0,24144,0,17.3188,"336,260,466,390"
distributed_q50_s3.0,three_sources_extreme_downsize,jpeg_q70,localized_resize,2,000000022705.png,11101110111011000111100001000010,00001000011011000000000000000000,0.625000,0,24144,0,17.3188,"336,260,466,390"
distributed_q50_s3.0,three_sources_extreme_downsize,jpeg_q50,global_full_canvas,0,000000005529.png,11110000101101111111011110100010,00000000000000000000000000000000,0.000000,0,0,1,17.3188,"30,36,164,170"
distributed_q50_s3.0,three_sources_extreme_downsize,jpeg_q50,oracle_box_raw,0,000000005529.png,11110000101101111111011110100010,00000000010000100000000010000000,0.406250,0,17148,0,17.3188,"30,36,164,170"
distributed_q50_s3.0,three_sources_extreme_downsize,jpeg_q50,localized_resize,0,000000005529.png,11110000101101111111011110100010,00000000010000100000000010000000,0.406250,0,17148,0,17.3188,"30,36,164,170"
distributed_q50_s3.0,three_sources_extreme_downsize,jpeg_q50,global_full_canvas,1,000000021167.png,11100110010110111101011101111001,00000000000000000000000000000000,0.000000,0,0,1,17.3188,"188,88,318,218"
distributed_q50_s3.0,three_sources_extreme_downsize,jpeg_q50,oracle_box_raw,1,000000021167.png,11100110010110111101011101111001,00000000000000000000000000000000,0.000000,0,0,1,17.3188,"188,88,318,218"
distributed_q50_s3.0,three_sources_extreme_downsize,jpeg_q50,localized_resize,1,000000021167.png,11100110010110111101011101111001,00000000000000000000000000000000,0.000000,0,0,1,17.3188,"188,88,318,218"
distributed_q50_s3.0,three_sources_extreme_downsize,jpeg_q50,global_full_canvas,2,000000022705.png,11101110111011000111100001000010,00000000000000000000000000000000,0.000000,0,0,1,17.3188,"336,260,466,390"
distributed_q50_s3.0,three_sources_extreme_downsize,jpeg_q50,oracle_box_raw,2,000000022705.png,11101110111011000111100001000010,00000000010010000000000000000000,0.531250,0,42363,0,17.3188,"336,260,466,390"
distributed_q50_s3.0,three_sources_extreme_downsize,jpeg_q50,localized_resize,2,000000022705.png,11101110111011000111100001000010,00000000010010000000000000000000,0.531250,0,42363,0,17.3188,"336,260,466,390"
distributed_q50_s3.0,three_sources_extreme_downsize,resize_0.5_jpeg70,global_full_canvas,0,000000005529.png,11110000101101111111011110100010,00000000000000000000000000000000,0.000000,0,0,1,17.3188,"30,36,164,170"
distributed_q50_s3.0,three_sources_extreme_downsize,resize_0.5_jpeg70,oracle_box_raw,0,000000005529.png,11110000101101111111011110100010,00000000000000000000000000000000,0.375000,0,28851,0,17.3188,"30,36,164,170"
distributed_q50_s3.0,three_sources_extreme_downsize,resize_0.5_jpeg70,localized_resize,0,000000005529.png,11110000101101111111011110100010,00000000000000000000000000000000,0.375000,0,28851,0,17.3188,"30,36,164,170"
distributed_q50_s3.0,three_sources_extreme_downsize,resize_0.5_jpeg70,global_full_canvas,1,000000021167.png,11100110010110111101011101111001,00000000000000000000000000000000,0.000000,0,0,1,17.3188,"188,88,318,218"
distributed_q50_s3.0,three_sources_extreme_downsize,resize_0.5_jpeg70,oracle_box_raw,1,000000021167.png,11100110010110111101011101111001,00000000000000000000000001000010,0.343750,0,26976,0,17.3188,"188,88,318,218"
distributed_q50_s3.0,three_sources_extreme_downsize,resize_0.5_jpeg70,localized_resize,1,000000021167.png,11100110010110111101011101111001,00000000000000000000000001000010,0.343750,0,26976,0,17.3188,"188,88,318,218"
distributed_q50_s3.0,three_sources_extreme_downsize,resize_0.5_jpeg70,global_full_canvas,2,000000022705.png,11101110111011000111100001000010,00000000000000000000000000000000,0.000000,0,0,1,17.3188,"336,260,466,390"
distributed_q50_s3.0,three_sources_extreme_downsize,resize_0.5_jpeg70,oracle_box_raw,2,000000022705.png,11101110111011000111100001000010,01000000000000000000000000100110,0.468750,0,43458,0,17.3188,"336,260,466,390"
distributed_q50_s3.0,three_sources_extreme_downsize,resize_0.5_jpeg70,localized_resize,2,000000022705.png,11101110111011000111100001000010,01000000000000000000000000100110,0.468750,0,43458,0,17.3188,"336,260,466,390"
distributed_q50_s3.0,three_sources_crop_feather,none,global_full_canvas,0,000000005529.png,11110000101101111111011110100010,00000000000000000000000000001000,0.343750,0,308,0,15.2049,"40,280,216,456"
distributed_q50_s3.0,three_sources_crop_feather,none,oracle_box_raw,0,000000005529.png,11110000101101111111011110100010,00000000000000000000000010000000,0.406250,0,10638,0,15.2049,"40,280,216,456"
distributed_q50_s3.0,three_sources_crop_feather,none,localized_resize,0,000000005529.png,11110000101101111111011110100010,00000000000000000000000010000000,0.406250,0,10638,0,15.2049,"40,280,216,456"
distributed_q50_s3.0,three_sources_crop_feather,none,global_full_canvas,1,000000021167.png,11100110010110111101011101111001,00000000000000000000000000001000,0.375000,0,308,0,15.2049,"166,36,342,212"
distributed_q50_s3.0,three_sources_crop_feather,none,oracle_box_raw,1,000000021167.png,11100110010110111101011101111001,00100000010000000000000000000000,0.406250,0,2944,0,15.2049,"166,36,342,212"
distributed_q50_s3.0,three_sources_crop_feather,none,localized_resize,1,000000021167.png,11100110010110111101011101111001,00100000010000000000000000000000,0.406250,0,2944,0,15.2049,"166,36,342,212"
distributed_q50_s3.0,three_sources_crop_feather,none,global_full_canvas,2,000000022705.png,11101110111011000111100001000010,00000000000000000000000000001000,0.437500,0,308,0,15.2049,"300,244,484,428"
distributed_q50_s3.0,three_sources_crop_feather,none,oracle_box_raw,2,000000022705.png,11101110111011000111100001000010,01000000000000000000000000000000,0.500000,0,1556,0,15.2049,"300,244,484,428"
distributed_q50_s3.0,three_sources_crop_feather,none,localized_resize,2,000000022705.png,11101110111011000111100001000010,01000000000000000000000000000000,0.500000,0,1556,0,15.2049,"300,244,484,428"
distributed_q50_s3.0,three_sources_crop_feather,jpeg_q70,global_full_canvas,0,000000005529.png,11110000101101111111011110100010,00000000000000000000000000000000,0.000000,0,0,1,15.2049,"40,280,216,456"
distributed_q50_s3.0,three_sources_crop_feather,jpeg_q70,oracle_box_raw,0,000000005529.png,11110000101101111111011110100010,00000000000000000011000010001000,0.437500,0,22481,0,15.2049,"40,280,216,456"
distributed_q50_s3.0,three_sources_crop_feather,jpeg_q70,localized_resize,0,000000005529.png,11110000101101111111011110100010,00000000000000000011000010001000,0.437500,0,22481,0,15.2049,"40,280,216,456"
distributed_q50_s3.0,three_sources_crop_feather,jpeg_q70,global_full_canvas,1,000000021167.png,11100110010110111101011101111001,00000000000000000000000000000000,0.000000,0,0,1,15.2049,"166,36,342,212"
distributed_q50_s3.0,three_sources_crop_feather,jpeg_q70,oracle_box_raw,1,000000021167.png,11100110010110111101011101111001,01100000000010000001000001000001,0.531250,0,15173,0,15.2049,"166,36,342,212"
distributed_q50_s3.0,three_sources_crop_feather,jpeg_q70,localized_resize,1,000000021167.png,11100110010110111101011101111001,01100000000010000001000001000001,0.531250,0,15173,0,15.2049,"166,36,342,212"
distributed_q50_s3.0,three_sources_crop_feather,jpeg_q70,global_full_canvas,2,000000022705.png,11101110111011000111100001000010,00000000000000000000000000000000,0.000000,0,0,1,15.2049,"300,244,484,428"
distributed_q50_s3.0,three_sources_crop_feather,jpeg_q70,oracle_box_raw,2,000000022705.png,11101110111011000111100001000010,00000000000000000000000001000000,0.500000,0,33676,0,15.2049,"300,244,484,428"
distributed_q50_s3.0,three_sources_crop_feather,jpeg_q70,localized_resize,2,000000022705.png,11101110111011000111100001000010,00000000000000000000000001000000,0.500000,0,33676,0,15.2049,"300,244,484,428"
distributed_q50_s3.0,three_sources_crop_feather,jpeg_q50,global_full_canvas,0,000000005529.png,11110000101101111111011110100010,00000000000000000000000000001000,0.343750,0,201,0,15.2049,"40,280,216,456"
distributed_q50_s3.0,three_sources_crop_feather,jpeg_q50,oracle_box_raw,0,000000005529.png,11110000101101111111011110100010,00000000000000000000000010000000,0.406250,0,5447,0,15.2049,"40,280,216,456"
distributed_q50_s3.0,three_sources_crop_feather,jpeg_q50,localized_resize,0,000000005529.png,11110000101101111111011110100010,00000000000000000000000010000000,0.406250,0,5447,0,15.2049,"40,280,216,456"
distributed_q50_s3.0,three_sources_crop_feather,jpeg_q50,global_full_canvas,1,000000021167.png,11100110010110111101011101111001,00000000000000000000000000001000,0.375000,0,201,0,15.2049,"166,36,342,212"
distributed_q50_s3.0,three_sources_crop_feather,jpeg_q50,oracle_box_raw,1,000000021167.png,11100110010110111101011101111001,01000000000010000000011000000000,0.468750,0,18286,0,15.2049,"166,36,342,212"
distributed_q50_s3.0,three_sources_crop_feather,jpeg_q50,localized_resize,1,000000021167.png,11100110010110111101011101111001,01000000000010000000011000000000,0.468750,0,18286,0,15.2049,"166,36,342,212"
distributed_q50_s3.0,three_sources_crop_feather,jpeg_q50,global_full_canvas,2,000000022705.png,11101110111011000111100001000010,00000000000000000000000000001000,0.437500,0,201,0,15.2049,"300,244,484,428"
distributed_q50_s3.0,three_sources_crop_feather,jpeg_q50,oracle_box_raw,2,000000022705.png,11101110111011000111100001000010,00000000100000000001000000000000,0.531250,0,24782,0,15.2049,"300,244,484,428"
distributed_q50_s3.0,three_sources_crop_feather,jpeg_q50,localized_resize,2,000000022705.png,11101110111011000111100001000010,00000000100000000001000000000000,0.531250,0,24782,0,15.2049,"300,244,484,428"
distributed_q50_s3.0,three_sources_crop_feather,resize_0.5_jpeg70,global_full_canvas,0,000000005529.png,11110000101101111111011110100010,00000000000000000000000000000000,0.000000,0,0,1,15.2049,"40,280,216,456"
distributed_q50_s3.0,three_sources_crop_feather,resize_0.5_jpeg70,oracle_box_raw,0,000000005529.png,11110000101101111111011110100010,10100000011010001001000000001000,0.437500,0,10692,0,15.2049,"40,280,216,456"
distributed_q50_s3.0,three_sources_crop_feather,resize_0.5_jpeg70,localized_resize,0,000000005529.png,11110000101101111111011110100010,10100000011010001001000000001000,0.437500,0,10692,0,15.2049,"40,280,216,456"
distributed_q50_s3.0,three_sources_crop_feather,resize_0.5_jpeg70,global_full_canvas,1,000000021167.png,11100110010110111101011101111001,00000000000000000000000000000000,0.000000,0,0,1,15.2049,"166,36,342,212"
distributed_q50_s3.0,three_sources_crop_feather,resize_0.5_jpeg70,oracle_box_raw,1,000000021167.png,11100110010110111101011101111001,01100000000010100101000001000000,0.562500,0,23437,0,15.2049,"166,36,342,212"
distributed_q50_s3.0,three_sources_crop_feather,resize_0.5_jpeg70,localized_resize,1,000000021167.png,11100110010110111101011101111001,01100000000010100101000001000000,0.562500,0,23437,0,15.2049,"166,36,342,212"
distributed_q50_s3.0,three_sources_crop_feather,resize_0.5_jpeg70,global_full_canvas,2,000000022705.png,11101110111011000111100001000010,00000000000000000000000000000000,0.000000,0,0,1,15.2049,"300,244,484,428"
distributed_q50_s3.0,three_sources_crop_feather,resize_0.5_jpeg70,oracle_box_raw,2,000000022705.png,11101110111011000111100001000010,01001000001000001000000001000000,0.562500,0,40144,0,15.2049,"300,244,484,428"
distributed_q50_s3.0,three_sources_crop_feather,resize_0.5_jpeg70,localized_resize,2,000000022705.png,11101110111011000111100001000010,01001000001000001000000001000000,0.562500,0,40144,0,15.2049,"300,244,484,428"
