image,scheme,area_percent,block_count,scaling_w,attack,message,predicted,bit_accuracy,message_success,psnr_watermarked,psnr_attacked,mask_pixels,used_fallback
000000057027.png,single_center_50pct,50,1,2.5000,none,01001010111000010011001110000100,01001010111000010011001110000100,1.000000,1,10.3897,10.3897,34606,0
000000057027.png,single_center_50pct,50,1,2.5000,remove_center_40,01001010111000010011001110000100,01001010011000010011001110000100,0.968750,0,10.3897,16.9736,9138,0
000000057027.png,single_center_50pct,50,1,2.5000,black_center_40,01001010111000010011001110000100,01001010111000010011001110000100,1.000000,1,10.3897,13.4177,34834,0
000000057027.png,single_center_50pct,50,1,2.5000,crop_top_left_50,01001010111000010011001110000100,00000000000000000000000000000000,0.593750,0,10.3897,8.6170,23406,0
000000057027.png,single_center_50pct,50,1,2.5000,crop_bottom_right_50,01001010111000010011001110000100,00000100000000000000000000000000,0.562500,0,10.3897,8.2024,26974,0
000000057027.png,single_center_50pct,50,1,2.5000,crop_center_50,01001010111000010011001110000100,00000000010000000000000010000000,0.656250,0,10.3897,7.5299,65092,0
000000057027.png,single_center_50pct,50,1,2.5000,jpeg_q30,01001010111000010011001110000100,01001010111000010011001110000100,1.000000,1,10.3897,13.2462,35168,0
000000057027.png,single_center_50pct,50,1,2.5000,jpeg_q20,01001010111000010011001110000100,01001010111000010011101110000100,0.968750,0,10.3897,13.5126,36508,0
000000057027.png,single_center_50pct,50,1,2.5000,resize_0.25_jpeg_q50,01001010111000010011001110000100,01101000110000010011000110000100,0.875000,0,10.3897,15.1943,36898,0
000000057027.png,distributed_q10_5block,10,5,2.5000,none,01001010111000010011001110000100,00000000010000010001001000000000,0.718750,0,17.4533,17.4533,6701,0
000000057027.png,distributed_q10_5block,10,5,2.5000,remove_center_40,01001010111000010011001110000100,00001010010000010011001100000100,0.875000,0,17.4533,18.3405,5518,0
000000057027.png,distributed_q10_5block,10,5,2.5000,black_center_40,01001010111000010011001110000100,00001010010000010011001100000100,0.875000,0,17.4533,13.9682,5430,0
000000057027.png,distributed_q10_5block,10,5,2.5000,crop_top_left_50,01001010111000010011001110000100,00000000000000000000000000000000,0.593750,0,17.4533,10.5801,4829,0
000000057027.png,distributed_q10_5block,10,5,2.5000,crop_bottom_right_50,01001010111000010011001110000100,00000000000000000000000000000000,0.593750,0,17.4533,10.0389,3935,0
000000057027.png,distributed_q10_5block,10,5,2.5000,crop_center_50,01001010111000010011001110000100,00000100010000000000000000000000,0.593750,0,17.4533,11.0653,5201,0
000000057027.png,distributed_q10_5block,10,5,2.5000,jpeg_q30,01001010111000010011001110000100,00001010011000010011001100000100,0.906250,0,17.4533,19.5057,9176,0
000000057027.png,distributed_q10_5block,10,5,2.5000,jpeg_q20,01001010111000010011001110000100,00000000000000000001000000000100,0.656250,0,17.4533,19.6237,7368,0
000000057027.png,distributed_q10_5block,10,5,2.5000,resize_0.25_jpeg_q50,01001010111000010011001110000100,00000000000000000011000000000000,0.656250,0,17.4533,19.8877,3889,0
000000057027.png,distributed_q10_9block,10,9,2.5000,none,01001010111000010011001110000100,00000000000000000000000000000000,0.593750,0,17.4373,17.4373,6724,0
000000057027.png,distributed_q10_9block,10,9,2.5000,remove_center_40,01001010111000010011001110000100,00000000000000000001001000000000,0.656250,0,17.4373,17.8819,6234,0
000000057027.png,distributed_q10_9block,10,9,2.5000,black_center_40,01001010111000010011001110000100,00000000000000000000000000000000,0.593750,0,17.4373,13.7950,5812,0
000000057027.png,distributed_q10_9block,10,9,2.5000,crop_top_left_50,01001010111000010011001110000100,00000000000000000000000000000000,0.593750,0,17.4373,10.5163,3603,0
000000057027.png,distributed_q10_9block,10,9,2.5000,crop_bottom_right_50,01001010111000010011001110000100,00000000000000000000000000000000,0.593750,0,17.4373,10.0062,2586,0
000000057027.png,distributed_q10_9block,10,9,2.5000,crop_center_50,01001010111000010011001110000100,00000000000000000000000000000000,0.593750,0,17.4373,11.3690,2702,0
000000057027.png,distributed_q10_9block,10,9,2.5000,jpeg_q30,01001010111000010011001110000100,00000000001000000001000000000000,0.656250,0,17.4373,19.5525,6382,0
000000057027.png,distributed_q10_9block,10,9,2.5000,jpeg_q20,01001010111000010011001110000100,00000000000000000000000000000000,0.593750,0,17.4373,19.7382,1143,0
000000057027.png,distributed_q10_9block,10,9,2.5000,resize_0.25_jpeg_q50,01001010111000010011001110000100,00000010110000000001000000000000,0.718750,0,17.4373,20.0057,2015,0
000000057027.png,distributed_q20_5block,20,5,2.5000,none,01001010111000010011001110000100,01001010110000010011001110000100,0.968750,0,14.4196,14.4196,13832,0
000000057027.png,distributed_q20_5block,20,5,2.5000,remove_center_40,01001010111000010011001110000100,01001010111000010011001110000100,1.000000,1,14.4196,15.3635,10300,0
000000057027.png,distributed_q20_5block,20,5,2.5000,black_center_40,01001010111000010011001110000100,01001010111000010011001110000100,1.000000,1,14.4196,12.6334,10328,0
000000057027.png,distributed_q20_5block,20,5,2.5000,crop_top_left_50,01001010111000010011001110000100,00000000000000000000000000000000,0.593750,0,14.4196,9.9209,3039,0
000000057027.png,distributed_q20_5block,20,5,2.5000,crop_bottom_right_50,01001010111000010011001110000100,00000100000000000000000000000000,0.562500,0,14.4196,9.7634,9828,0
000000057027.png,distributed_q20_5block,20,5,2.5000,crop_center_50,01001010111000010011001110000100,00000100000000000000000000000000,0.562500,0,14.4196,10.4698,10888,0
000000057027.png,distributed_q20_5block,20,5,2.5000,jpeg_q30,01001010111000010011001110000100,01001010111000010011001110000100,1.000000,1,14.4196,16.8054,16008,0
000000057027.png,distributed_q20_5block,20,5,2.5000,jpeg_q20,01001010111000010011001110000100,01001010011000010011001110000100,0.968750,0,14.4196,17.0225,16231,0
000000057027.png,distributed_q20_5block,20,5,2.5000,resize_0.25_jpeg_q50,01001010111000010011001110000100,00001000010000010011001010000100,0.843750,0,14.4196,18.0173,15933,0
000000057027.png,distributed_q20_9block,20,9,2.5000,none,01001010111000010011001110000100,00001010011000010011001100000100,0.906250,0,14.3645,14.3645,13624,0
000000057027.png,distributed_q20_9block,20,9,2.5000,remove_center_40,01001010111000010011001110000100,00001010111000010011001100001100,0.906250,0,14.3645,14.8395,12026,0
000000057027.png,distributed_q20_9block,20,9,2.5000,black_center_40,01001010111000010011001110000100,00001010111000010011001100001100,0.906250,0,14.3645,12.3461,31947,0
000000057027.png,distributed_q20_9block,20,9,2.5000,crop_top_left_50,01001010111000010011001110000100,00000000000000000000000000000000,0.593750,0,14.3645,10.0727,7665,0
000000057027.png,distributed_q20_9block,20,9,2.5000,crop_bottom_right_50,01001010111000010011001110000100,00000000000000000000000000000000,0.593750,0,14.3645,9.6282,5484,0
000000057027.png,distributed_q20_9block,20,9,2.5000,crop_center_50,01001010111000010011001110000100,00000100000000000000000000000000,0.562500,0,14.3645,11.0039,6602,0
000000057027.png,distributed_q20_9block,20,9,2.5000,jpeg_q30,01001010111000010011001110000100,00001010111000010011001110000100,0.968750,0,14.3645,16.8488,19456,0
000000057027.png,distributed_q20_9block,20,9,2.5000,jpeg_q20,01001010111000010011001110000100,00001000110000010011001000000100,0.843750,0,14.3645,17.0315,19580,0
000000057027.png,distributed_q20_9block,20,9,2.5000,resize_0.25_jpeg_q50,01001010111000010011001110000100,00001010110010010011000000000100,0.812500,0,14.3645,17.9967,19174,0
000000057027.png,distributed_q25_5block,25,5,2.5000,none,01001010111000010011001110000100,01001010011000010011001110000100,0.968750,0,13.4118,13.4118,17818,0
000000057027.png,distributed_q25_5block,25,5,2.5000,remove_center_40,01001010111000010011001110000100,01001010111000010011001110000100,1.000000,1,13.4118,14.4689,13117,0
000000057027.png,distributed_q25_5block,25,5,2.5000,black_center_40,01001010111000010011001110000100,01001010111000010011001110000100,1.000000,1,13.4118,12.1335,33990,0
000000057027.png,distributed_q25_5block,25,5,2.5000,crop_top_left_50,01001010111000010011001110000100,00000000000000000000000000000000,0.593750,0,13.4118,9.6388,525,0
000000057027.png,distributed_q25_5block,25,5,2.5000,crop_bottom_right_50,01001010111000010011001110000100,00000000000000000000000000000000,0.593750,0,13.4118,9.6689,5266,0
000000057027.png,distributed_q25_5block,25,5,2.5000,crop_center_50,01001010111000010011001110000100,00000100000000000000000000000000,0.562500,0,13.4118,10.2310,13602,0
000000057027.png,distributed_q25_5block,25,5,2.5000,jpeg_q30,01001010111000010011001110000100,01001010111000010011001110000100,1.000000,1,13.4118,15.8983,18856,0
000000057027.png,distributed_q25_5block,25,5,2.5000,jpeg_q20,01001010111000010011001110000100,01001010010000010011001110000100,0.937500,0,13.4118,16.1164,19593,0
000000057027.png,distributed_q25_5block,25,5,2.5000,resize_0.25_jpeg_q50,01001010111000010011001110000100,01101000110000010011001110000100,0.906250,0,13.4118,17.2713,20460,0
000000057027.png,distributed_q25_9block,25,9,2.5000,none,01001010111000010011001110000100,00001010111000010011001110000100,0.968750,0,13.3774,13.3774,18357,0
000000057027.png,distributed_q25_9block,25,9,2.5000,remove_center_40,01001010111000010011001110000100,01001010111000010011001110000100,1.000000,1,13.3774,13.8393,15955,0
000000057027.png,distributed_q25_9block,25,9,2.5000,black_center_40,01001010111000010011001110000100,01001010111000010011001110000100,1.000000,1,13.3774,11.7548,36632,0
000000057027.png,distributed_q25_9block,25,9,2.5000,crop_top_left_50,01001010111000010011001110000100,00000000000000000000000000000000,0.593750,0,13.3774,9.7761,1524,0
000000057027.png,distributed_q25_9block,25,9,2.5000,crop_bottom_right_50,01001010111000010011001110000100,00000000000000000000000000000000,0.593750,0,13.3774,9.4955,6135,0
000000057027.png,distributed_q25_9block,25,9,2.5000,crop_center_50,01001010111000010011001110000100,00000000000000000000000000000000,0.593750,0,13.3774,10.8575,7429,0
000000057027.png,distributed_q25_9block,25,9,2.5000,jpeg_q30,01001010111000010011001110000100,01001010111000010011001110000100,1.000000,1,13.3774,15.9246,22422,0
000000057027.png,distributed_q25_9block,25,9,2.5000,jpeg_q20,01001010111000010011001110000100,00001010110000010011001100000100,0.906250,0,13.3774,16.1602,22754,0
000000057027.png,distributed_q25_9block,25,9,2.5000,resize_0.25_jpeg_q50,01001010111000010011001110000100,00001010110000010011000010000100,0.875000,0,13.3774,17.3001,23503,0
000000057027.png,distributed_q30_5block,30,5,2.5000,none,01001010111000010011001110000100,01001010111000010011001110000100,1.000000,1,12.5757,12.5757,20170,0
000000057027.png,distributed_q30_5block,30,5,2.5000,remove_center_40,01001010111000010011001110000100,01001010111000010011001110000100,1.000000,1,12.5757,13.7439,14914,0
000000057027.png,distributed_q30_5block,30,5,2.5000,black_center_40,01001010111000010011001110000100,01001010111000010011001110000100,1.000000,1,12.5757,11.6955,39019,0
000000057027.png,distributed_q30_5block,30,5,2.5000,crop_top_left_50,01001010111000010011001110000100,00000000000000000000000000000000,0.593750,0,12.5757,9.3289,3390,0
000000057027.png,distributed_q30_5block,30,5,2.5000,crop_bottom_right_50,01001010111000010011001110000100,00000100000000000000000000000000,0.562500,0,12.5757,9.5315,9997,0
000000057027.png,distributed_q30_5block,30,5,2.5000,crop_center_50,01001010111000010011001110000100,00000100000000000000000000000000,0.562500,0,12.5757,10.0695,15470,0
000000057027.png,distributed_q30_5block,30,5,2.5000,jpeg_q30,01001010111000010011001110000100,01001010111000010011001110000100,1.000000,1,12.5757,15.0800,20943,0
000000057027.png,distributed_q30_5block,30,5,2.5000,jpeg_q20,01001010111000010011001110000100,01001010111000010011001110000100,1.000000,1,12.5757,15.3440,20855,0
000000057027.png,distributed_q30_5block,30,5,2.5000,resize_0.25_jpeg_q50,01001010111000010011001110000100,01101000110000010011001110000100,0.906250,0,12.5757,16.6251,21523,0
000000057027.png,distributed_q30_9block,30,9,2.5000,none,01001010111000010011001110000100,01001010111000010011001110000100,1.000000,1,12.5983,12.5983,21593,0
000000057027.png,distributed_q30_9block,30,9,2.5000,remove_center_40,01001010111000010011001110000100,01001010111000010011001110000100,1.000000,1,12.5983,13.0618,18130,0
000000057027.png,distributed_q30_9block,30,9,2.5000,black_center_40,01001010111000010011001110000100,01001010111000010011001110000100,1.000000,1,12.5983,11.2575,42264,0
000000057027.png,distributed_q30_9block,30,9,2.5000,crop_top_left_50,01001010111000010011001110000100,00000000000000000000000000000000,0.593750,0,12.5983,9.5343,9344,0
000000057027.png,distributed_q30_9block,30,9,2.5000,crop_bottom_right_50,01001010111000010011001110000100,00000000000000000000000000000000,0.593750,0,12.5983,9.2614,11388,0
000000057027.png,distributed_q30_9block,30,9,2.5000,crop_center_50,01001010111000010011001110000100,00000100000000000000000000000000,0.562500,0,12.5983,10.6962,8510,0
000000057027.png,distributed_q30_9block,30,9,2.5000,jpeg_q30,01001010111000010011001110000100,01001010111000010011001110000100,1.000000,1,12.5983,15.2362,24329,0
000000057027.png,distributed_q30_9block,30,9,2.5000,jpeg_q20,01001010111000010011001110000100,01001010111000010011001110000100,1.000000,1,12.5983,15.3908,24306,0
000000057027.png,distributed_q30_9block,30,9,2.5000,resize_0.25_jpeg_q50,01001010111000010011001110000100,01001000110000010011001110000100,0.937500,0,12.5983,16.7459,24610,0
000000057027.png,distributed_q50_5block,50,5,2.5000,none,01001010111000010011001110000100,01001010111000010011001110000100,1.000000,1,10.3958,10.3958,33991,0
000000057027.png,distributed_q50_5block,50,5,2.5000,remove_center_40,01001010111000010011001110000100,01001010111000010011001110000100,1.000000,1,10.3958,12.1461,21824,0
000000057027.png,distributed_q50_5block,50,5,2.5000,black_center_40,01001010111000010011001110000100,01001010111000010011001110000100,1.000000,1,10.3958,10.6320,38340,0
000000057027.png,distributed_q50_5block,50,5,2.5000,crop_top_left_50,01001010111000010011001110000100,00000000000000000000000000000000,0.593750,0,10.3958,8.3879,14262,0
000000057027.png,distributed_q50_5block,50,5,2.5000,crop_bottom_right_50,01001010111000010011001110000100,00000100000000000000000000000000,0.562500,0,10.3958,8.8097,28541,0
000000057027.png,distributed_q50_5block,50,5,2.5000,crop_center_50,01001010111000010011001110000100,00000100000000000000000000000000,0.562500,0,10.3958,9.0733,28920,0
000000057027.png,distributed_q50_5block,50,5,2.5000,jpeg_q30,01001010111000010011001110000100,01001010111000010011001110000100,1.000000,1,10.3958,13.0707,34808,0
000000057027.png,distributed_q50_5block,50,5,2.5000,jpeg_q20,01001010111000010011001110000100,01001010111000010011001110000100,1.000000,1,10.3958,13.2644,35250,0
000000057027.png,distributed_q50_5block,50,5,2.5000,resize_0.25_jpeg_q50,01001010111000010011001110000100,01101000110000010011001110000100,0.906250,0,10.3958,14.9082,37342,0
000000057027.png,distributed_q50_9block,50,9,2.5000,none,01001010111000010011001110000100,01001010111000010011001110000100,1.000000,1,10.4121,10.4121,34197,0
000000057027.png,distributed_q50_9block,50,9,2.5000,remove_center_40,01001010111000010011001110000100,01001010111000010011001110000100,1.000000,1,10.4121,11.5085,25548,0
000000057027.png,distributed_q50_9block,50,9,2.5000,black_center_40,01001010111000010011001110000100,01001010111000010011001110000100,1.000000,1,10.4121,10.1725,51148,0
000000057027.png,distributed_q50_9block,50,9,2.5000,crop_top_left_50,01001010111000010011001110000100,00000000000000000000000000000000,0.593750,0,10.4121,8.6121,3998,0
000000057027.png,distributed_q50_9block,50,9,2.5000,crop_bottom_right_50,01001010111000010011001110000100,00000100000000000000000000000000,0.562500,0,10.4121,8.7311,12552,0
000000057027.png,distributed_q50_9block,50,9,2.5000,crop_center_50,01001010111000010011001110000100,00000100000000000000000000000000,0.562500,0,10.4121,10.1506,14292,0
000000057027.png,distributed_q50_9block,50,9,2.5000,jpeg_q30,01001010111000010011001110000100,01001010111000010011001110000100,1.000000,1,10.4121,13.0366,35975,0
000000057027.png,distributed_q50_9block,50,9,2.5000,jpeg_q20,01001010111000010011001110000100,01001010111000010011001110000100,1.000000,1,10.4121,13.2893,36711,0
000000057027.png,distributed_q50_9block,50,9,2.5000,resize_0.25_jpeg_q50,01001010111000010011001110000100,01101000110000010011000110000100,0.875000,0,10.4121,14.9192,37942,0
000000057149.png,single_center_50pct,50,1,2.5000,none,01001010111000010011001110000100,01001010111000010011001110000100,1.000000,1,9.9663,9.9663,34627,0
000000057149.png,single_center_50pct,50,1,2.5000,remove_center_40,01001010111000010011001110000100,01001010011000010011001110000100,0.968750,0,9.9663,16.8054,9331,0
000000057149.png,single_center_50pct,50,1,2.5000,black_center_40,01001010111000010011001110000100,01001010111000010011001110000100,1.000000,1,9.9663,7.2362,34732,0
000000057149.png,single_center_50pct,50,1,2.5000,crop_top_left_50,01001010111000010011001110000100,00000100000000000000000000000000,0.562500,0,9.9663,9.5100,26927,0
000000057149.png,single_center_50pct,50,1,2.5000,crop_bottom_right_50,01001010111000010011001110000100,00000000000000000000000000000000,0.593750,0,9.9663,7.4740,24765,0
000000057149.png,single_center_50pct,50,1,2.5000,crop_center_50,01001010111000010011001110000100,00000000010000000000000000000000,0.625000,0,9.9663,7.0068,65059,0
000000057149.png,single_center_50pct,50,1,2.5000,jpeg_q30,01001010111000010011001110000100,01001010111000010011001110000100,1.000000,1,9.9663,13.0648,35495,0
000000057149.png,single_center_50pct,50,1,2.5000,jpeg_q20,01001010111000010011001110000100,01001010111000010011001110000100,1.000000,1,9.9663,13.3420,36525,0
000000057149.png,single_center_50pct,50,1,2.5000,resize_0.25_jpeg_q50,01001010111000010011001110000100,01101000110000010011001010000100,0.875000,0,9.9663,15.3842,36333,0
000000057149.png,distributed_q10_5block,10,5,2.5000,none,01001010111000010011001110000100,00000000000000000001000000000000,0.625000,0,16.9436,16.9436,6686,0
000000057149.png,distributed_q10_5block,10,5,2.5000,remove_center_40,01001010111000010011001110000100,00000000000000000001000000000000,0.625000,0,16.9436,17.8801,5230,0
000000057149.png,distributed_q10_5block,10,5,2.5000,black_center_40,01001010111000010011001110000100,00000000000000000001000100000000,0.656250,0,16.9436,7.3426,5114,0
000000057149.png,distributed_q10_5block,10,5,2.5000,crop_top_left_50,01001010111000010011001110000100,00000000000000000000000000000000,0.593750,0,16.9436,11.1409,6401,0
000000057149.png,distributed_q10_5block,10,5,2.5000,crop_bottom_right_50,01001010111000010011001110000100,00000000000000000000000000000000,0.593750,0,16.9436,8.7656,4459,0
000000057149.png,distributed_q10_5block,10,5,2.5000,crop_center_50,01001010111000010011001110000100,00000000000000000000000000000000,0.593750,0,16.9436,11.8036,4914,0
000000057149.png,distributed_q10_5block,10,5,2.5000,jpeg_q30,01001010111000010011001110000100,00001000011000010011000010000100,0.843750,0,16.9436,19.2142,10350,0
000000057149.png,distributed_q10_5block,10,5,2.5000,jpeg_q20,01001010111000010011001110000100,00001000010000000011000110000000,0.781250,0,16.9436,19.3982,10079,0
000000057149.png,distributed_q10_5block,10,5,2.5000,resize_0.25_jpeg_q50,01001010111000010011001110000100,00000000001000000001000010000100,0.718750,0,16.9436,19.7789,8369,0
000000057149.png,distributed_q10_9block,10,9,2.5000,none,01001010111000010011001110000100,00000000000000000000000000000000,0.593750,0,17.0536,17.0536,6399,0
000000057149.png,distributed_q10_9block,10,9,2.5000,remove_center_40,01001010111000010011001110000100,00000000000000000001000000000000,0.625000,0,17.0536,17.5224,5632,0
000000057149.png,distributed_q10_9block,10,9,2.5000,black_center_40,01001010111000010011001110000100,00000000000000000000000000000000,0.593750,0,17.0536,7.3098,6316,0
000000057149.png,distributed_q10_9block,10,9,2.5000,crop_top_left_50,01001010111000010011001110000100,00000000000000000000000000000000,0.593750,0,17.0536,11.1387,4301,0
000000057149.png,distributed_q10_9block,10,9,2.5000,crop_bottom_right_50,01001010111000010011001110000100,00000000000000000000000000000000,0.593750,0,17.0536,8.9102,4562,0
000000057149.png,distributed_q10_9block,10,9,2.5000,crop_center_50,01001010111000010011001110000100,00000000000000000000000000000000,0.593750,0,17.0536,12.1598,946,0
000000057149.png,distributed_q10_9block,10,9,2.5000,jpeg_q30,01001010111000010011001110000100,00001010011000000001000000000000,0.750000,0,17.0536,19.3119,6732,0
000000057149.png,distributed_q10_9block,10,9,2.5000,jpeg_q20,01001010111000010011001110000100,00001010000000000001000110000100,0.781250,0,17.0536,19.3452,8712,0
000000057149.png,distributed_q10_9block,10,9,2.5000,resize_0.25_jpeg_q50,01001010111000010011001110000100,00000000001010000000000100000001,0.593750,0,17.0536,19.7619,999,0
000000057149.png,distributed_q20_5block,20,5,2.5000,none,01001010111000010011001110000100,01001010111000010011001110000100,1.000000,1,13.9538,13.9538,14199,0
000000057149.png,distributed_q20_5block,20,5,2.5000,remove_center_40,01001010111000010011001110000100,01001010111000010011001110000100,1.000000,1,13.9538,14.9593,10582,0
000000057149.png,distributed_q20_5block,20,5,2.5000,black_center_40,01001010111000010011001110000100,01001010111000010011001110000100,1.000000,1,13.9538,6.9893,18002,0
000000057149.png,distributed_q20_5block,20,5,2.5000,crop_top_left_50,01001010111000010011001110000100,00000000000000000000000000000000,0.593750,0,13.9538,10.4950,9917,0
000000057149.png,distributed_q20_5block,20,5,2.5000,crop_bottom_right_50,01001010111000010011001110000100,00000000000000000000000000000000,0.593750,0,13.9538,8.2933,6221,0
000000057149.png,distributed_q20_5block,20,5,2.5000,crop_center_50,01001010111000010011001110000100,00000100000000000000000000000000,0.562500,0,13.9538,11.1193,10300,0
000000057149.png,distributed_q20_5block,20,5,2.5000,jpeg_q30,01001010111000010011001110000100,00001010111000010011001110000100,0.968750,0,13.9538,16.6132,17697,0
000000057149.png,distributed_q20_5block,20,5,2.5000,jpeg_q20,01001010111000010011001110000100,01001010110000000011001110000100,0.937500,0,13.9538,16.7995,18181,0
000000057149.png,distributed_q20_5block,20,5,2.5000,resize_0.25_jpeg_q50,01001010111000010011001110000100,00101000110000000011001110000100,0.843750,0,13.9538,17.8644,16747,0
000000057149.png,distributed_q20_9block,20,9,2.5000,none,01001010111000010011001110000100,00001010010000010011001110000100,0.906250,0,13.9603,13.9603,13932,0
000000057149.png,distributed_q20_9block,20,9,2.5000,remove_center_40,01001010111000010011001110000100,00001010111000010011001110000100,0.968750,0,13.9603,14.4657,12335,0
000000057149.png,distributed_q20_9block,20,9,2.5000,black_center_40,01001010111000010011001110000100,01001010111000010011001110000100,1.000000,1,13.9603,6.9067,36198,0
000000057149.png,distributed_q20_9block,20,9,2.5000,crop_top_left_50,01001010111000010011001110000100,00000000000000000000000000000000,0.593750,0,13.9603,10.4217,11909,0
000000057149.png,distributed_q20_9block,20,9,2.5000,crop_bottom_right_50,01001010111000010011001110000100,00000000000000000000000000000000,0.593750,0,13.9603,8.4304,3419,0
000000057149.png,distributed_q20_9block,20,9,2.5000,crop_center_50,01001010111000010011001110000100,00000000000000000000000000000000,0.593750,0,13.9603,11.7247,5612,0
000000057149.png,distributed_q20_9block,20,9,2.5000,jpeg_q30,01001010111000010011001110000100,00001010111000010011001110000100,0.968750,0,13.9603,16.5679,21866,0
000000057149.png,distributed_q20_9block,20,9,2.5000,jpeg_q20,01001010111000010011001110000100,00001010110010000011001110000100,0.875000,0,13.9603,16.7850,26106,0
000000057149.png,distributed_q20_9block,20,9,2.5000,resize_0.25_jpeg_q50,01001010111000010011001110000100,00001000111000000001000110000100,0.843750,0,13.9603,17.8014,19422,0
000000057149.png,distributed_q25_5block,25,5,2.5000,none,01001010111000010011001110000100,01001010111000010011001110000100,1.000000,1,13.0023,13.0023,18228,0
000000057149.png,distributed_q25_5block,25,5,2.5000,remove_center_40,01001010111000010011001110000100,01001010111000010011001110000100,1.000000,1,13.0023,14.1193,13570,0
000000057149.png,distributed_q25_5block,25,5,2.5000,black_center_40,01001010111000010011001110000100,01001010111000010011001110000100,1.000000,1,13.0023,6.8439,38597,0
000000057149.png,distributed_q25_5block,25,5,2.5000,crop_top_left_50,01001010111000010011001110000100,00000000000000000000000000000000,0.593750,0,13.0023,10.2532,9241,0
000000057149.png,distributed_q25_5block,25,5,2.5000,crop_bottom_right_50,01001010111000010011001110000100,00000000000000000000000000000000,0.000000,0,13.0023,8.1199,0,1
000000057149.png,distributed_q25_5block,25,5,2.5000,crop_center_50,01001010111000010011001110000100,00000000000000000000000000000000,0.593750,0,13.0023,10.8043,12715,0
000000057149.png,distributed_q25_5block,25,5,2.5000,jpeg_q30,01001010111000010011001110000100,01001010111000010011001110000100,1.000000,1,13.0023,15.6863,19692,0
000000057149.png,distributed_q25_5block,25,5,2.5000,jpeg_q20,01001010111000010011001110000100,01001010111000010011001110000100,1.000000,1,13.0023,15.9447,20263,0
000000057149.png,distributed_q25_5block,25,5,2.5000,resize_0.25_jpeg_q50,01001010111000010011001110000100,01101000110000000011001110000100,0.875000,0,13.0023,17.1647,20247,0
000000057149.png,distributed_q25_9block,25,9,2.5000,none,01001010111000010011001110000100,00001010011000010011001110000100,0.937500,0,12.9732,12.9732,18364,0
000000057149.png,distributed_q25_9block,25,9,2.5000,remove_center_40,01001010111000010011001110000100,01001010111000010011001110000100,1.000000,1,12.9732,13.4640,16287,0
000000057149.png,distributed_q25_9block,25,9,2.5000,black_center_40,01001010111000010011001110000100,01001010111000010011001110000100,1.000000,1,12.9732,6.7134,41711,0
000000057149.png,distributed_q25_9block,25,9,2.5000,crop_top_left_50,01001010111000010011001110000100,00000000000000000000000000000000,0.593750,0,12.9732,10.1025,12639,0
000000057149.png,distributed_q25_9block,25,9,2.5000,crop_bottom_right_50,01001010111000010011001110000100,00000000000000000000000000000000,0.593750,0,12.9732,8.2175,2577,0
000000057149.png,distributed_q25_9block,25,9,2.5000,crop_center_50,01001010111000010011001110000100,00000000000000000000000000000000,0.593750,0,12.9732,11.5625,6090,0
000000057149.png,distributed_q25_9block,25,9,2.5000,jpeg_q30,01001010111000010011001110000100,01001010111000010011001110000100,1.000000,1,12.9732,15.6559,22380,0
000000057149.png,distributed_q25_9block,25,9,2.5000,jpeg_q20,01001010111000010011001110000100,01001010110010000011001110000100,0.906250,0,12.9732,15.9038,23874,0
000000057149.png,distributed_q25_9block,25,9,2.5000,resize_0.25_jpeg_q50,01001010111000010011001110000100,00001000110000000011001110000100,0.875000,0,12.9732,17.0866,23177,0
000000057149.png,distributed_q30_5block,30,5,2.5000,none,01001010111000010011001110000100,01001010111000010011001110000100,1.000000,1,12.1960,12.1960,20208,0
000000057149.png,distributed_q30_5block,30,5,2.5000,remove_center_40,01001010111000010011001110000100,01001010111000010011001110000100,1.000000,1,12.1960,13.4136,15043,0
000000057149.png,distributed_q30_5block,30,5,2.5000,black_center_40,01001010111000010011001110000100,01001010111000010011001110000100,1.000000,1,12.1960,6.7027,40751,0
000000057149.png,distributed_q30_5block,30,5,2.5000,crop_top_left_50,01001010111000010011001110000100,00000000000000000000000000000000,0.593750,0,12.1960,9.9564,8746,0
000000057149.png,distributed_q30_5block,30,5,2.5000,crop_bottom_right_50,01001010111000010011001110000100,00000000000000000000000000000000,0.593750,0,12.1960,7.9156,5462,0
000000057149.png,distributed_q30_5block,30,5,2.5000,crop_center_50,01001010111000010011001110000100,00000000000000000000000000000000,0.593750,0,12.1960,10.5827,15015,0
000000057149.png,distributed_q30_5block,30,5,2.5000,jpeg_q30,01001010111000010011001110000100,01001010111000010011001110000100,1.000000,1,12.1960,14.9303,21086,0
000000057149.png,distributed_q30_5block,30,5,2.5000,jpeg_q20,01001010111000010011001110000100,01001010111000010011001110000100,1.000000,1,12.1960,15.1571,21135,0
000000057149.png,distributed_q30_5block,30,5,2.5000,resize_0.25_jpeg_q50,01001010111000010011001110000100,01101000110000010011001110000100,0.906250,0,12.1960,16.5438,21281,0
000000057149.png,distributed_q30_9block,30,9,2.5000,none,01001010111000010011001110000100,01001010111000010011001110000100,1.000000,1,12.2140,12.2140,22078,0
000000057149.png,distributed_q30_9block,30,9,2.5000,remove_center_40,01001010111000010011001110000100,01001010111000010011001110000100,1.000000,1,12.2140,12.7013,18797,0
000000057149.png,distributed_q30_9block,30,9,2.5000,black_center_40,01001010111000010011001110000100,01001010111000010011001110000100,1.000000,1,12.2140,6.5407,44241,0
000000057149.png,distributed_q30_9block,30,9,2.5000,crop_top_left_50,01001010111000010011001110000100,00000000000000000000000000000000,0.593750,0,12.2140,9.8216,18800,0
000000057149.png,distributed_q30_9block,30,9,2.5000,crop_bottom_right_50,01001010111000010011001110000100,00000000000000000000000000000000,0.593750,0,12.2140,8.0185,10789,0
000000057149.png,distributed_q30_9block,30,9,2.5000,crop_center_50,01001010111000010011001110000100,00000000000000000000000000000000,0.593750,0,12.2140,11.3973,7994,0
000000057149.png,distributed_q30_9block,30,9,2.5000,jpeg_q30,01001010111000010011001110000100,01001010111000010011001110000100,1.000000,1,12.2140,14.9333,24350,0
000000057149.png,distributed_q30_9block,30,9,2.5000,jpeg_q20,01001010111000010011001110000100,01001010111000010011001110000100,1.000000,1,12.2140,15.1208,24994,0
000000057149.png,distributed_q30_9block,30,9,2.5000,resize_0.25_jpeg_q50,01001010111000010011001110000100,01001000110000000011001110000100,0.906250,0,12.2140,16.5065,24536,0
000000057149.png,distributed_q50_5block,50,5,2.5000,none,01001010111000010011001110000100,01001010111000010011001110000100,1.000000,1,10.0544,10.0544,34107,0
000000057149.png,distributed_q50_5block,50,5,2.5000,remove_center_40,01001010111000010011001110000100,01001010111000010011001110000100,1.000000,1,10.0544,11.8438,22031,0
000000057149.png,distributed_q50_5block,50,5,2.5000,black_center_40,01001010111000010011001110000100,01001010111000010011001110000100,1.000000,1,10.0544,6.3171,41881,0
000000057149.png,distributed_q50_5block,50,5,2.5000,crop_top_left_50,01001010111000010011001110000100,00000000000000000000000000000000,0.593750,0,10.0544,9.1836,18751,0
000000057149.png,distributed_q50_5block,50,5,2.5000,crop_bottom_right_50,01001010111000010011001110000100,00000000000000000000000000000000,0.593750,0,10.0544,7.3223,15377,0
000000057149.png,distributed_q50_5block,50,5,2.5000,crop_center_50,01001010111000010011001110000100,00000100010000000000000000000000,0.593750,0,10.0544,9.1883,26162,0
000000057149.png,distributed_q50_5block,50,5,2.5000,jpeg_q30,01001010111000010011001110000100,01001010111000010011001110000100,1.000000,1,10.0544,12.8779,35809,0
000000057149.png,distributed_q50_5block,50,5,2.5000,jpeg_q20,01001010111000010011001110000100,01001010111000010011001110000100,1.000000,1,10.0544,13.1232,36247,0
000000057149.png,distributed_q50_5block,50,5,2.5000,resize_0.25_jpeg_q50,01001010111000010011001110000100,01101000110000010011001110000100,0.906250,0,10.0544,14.7721,37908,0
000000057149.png,distributed_q50_9block,50,9,2.5000,none,01001010111000010011001110000100,01001010111000010011001110000100,1.000000,1,10.0566,10.0566,34667,0
000000057149.png,distributed_q50_9block,50,9,2.5000,remove_center_40,01001010111000010011001110000100,01001010111000010011001110000100,1.000000,1,10.0566,11.1715,25960,0
000000057149.png,distributed_q50_9block,50,9,2.5000,black_center_40,01001010111000010011001110000100,01001010111000010011001110000100,1.000000,1,10.0566,6.1180,51639,0
000000057149.png,distributed_q50_9block,50,9,2.5000,crop_top_left_50,01001010111000010011001110000100,00000000000000000000000000000000,0.593750,0,10.0566,8.9460,10439,0
000000057149.png,distributed_q50_9block,50,9,2.5000,crop_bottom_right_50,01001010111000010011001110000100,00000000000000000000000000000000,0.593750,0,10.0566,7.4585,8573,0
000000057149.png,distributed_q50_9block,50,9,2.5000,crop_center_50,01001010111000010011001110000100,00000000000000000000000000000000,0.593750,0,10.0566,10.6977,13419,0
000000057149.png,distributed_q50_9block,50,9,2.5000,jpeg_q30,01001010111000010011001110000100,01001010111000010011001110000100,1.000000,1,10.0566,12.8549,36233,0
000000057149.png,distributed_q50_9block,50,9,2.5000,jpeg_q20,01001010111000010011001110000100,01001010111000010011001110000100,1.000000,1,10.0566,13.0682,37183,0
000000057149.png,distributed_q50_9block,50,9,2.5000,resize_0.25_jpeg_q50,01001010111000010011001110000100,01101000110000010011000110000100,0.875000,0,10.0566,14.8382,36823,0
000000057150.png,single_center_50pct,50,1,2.5000,none,01001010111000010011001110000100,01001010111000010011001110000100,1.000000,1,10.1919,10.1919,34473,0
000000057150.png,single_center_50pct,50,1,2.5000,remove_center_40,01001010111000010011001110000100,01001010011000010011001110000100,0.968750,0,10.1919,17.1659,9244,0
000000057150.png,single_center_50pct,50,1,2.5000,black_center_40,01001010111000010011001110000100,01001010011000010011001110000100,0.968750,0,10.1919,8.4926,34898,0
000000057150.png,single_center_50pct,50,1,2.5000,crop_top_left_50,01001010111000010011001110000100,00000000000000000000000000000000,0.593750,0,10.1919,8.3223,30397,0
000000057150.png,single_center_50pct,50,1,2.5000,crop_bottom_right_50,01001010111000010011001110000100,00000000000000000000000000000000,0.593750,0,10.1919,8.2404,26711,0
000000057150.png,single_center_50pct,50,1,2.5000,crop_center_50,01001010111000010011001110000100,00000000010000000000000000000000,0.625000,0,10.1919,6.3639,64982,0
000000057150.png,single_center_50pct,50,1,2.5000,jpeg_q30,01001010111000010011001110000100,01001010111000010011001110000100,1.000000,1,10.1919,13.2264,35279,0
000000057150.png,single_center_50pct,50,1,2.5000,jpeg_q20,01001010111000010011001110000100,01001010011000010011001110000100,0.968750,0,10.1919,13.4548,35808,0
000000057150.png,single_center_50pct,50,1,2.5000,resize_0.25_jpeg_q50,01001010111000010011001110000100,01101000110000010011001110000100,0.906250,0,10.1919,15.4747,36426,0
000000057150.png,distributed_q10_5block,10,5,2.5000,none,01001010111000010011001110000100,00001000000000000001000100000000,0.687500,0,17.4162,17.4162,6424,0
000000057150.png,distributed_q10_5block,10,5,2.5000,remove_center_40,01001010111000010011001110000100,00001000011000010011001100000000,0.843750,0,17.4162,18.5269,5064,0
000000057150.png,distributed_q10_5block,10,5,2.5000,black_center_40,01001010111000010011001110000100,00001000011000010011001100000100,0.875000,0,17.4162,8.6541,4973,0
000000057150.png,distributed_q10_5block,10,5,2.5000,crop_top_left_50,01001010111000010011001110000100,00000000000000000000000000000000,0.593750,0,17.4162,9.3778,4793,0
000000057150.png,distributed_q10_5block,10,5,2.5000,crop_bottom_right_50,01001010111000010011001110000100,00000000000000000000000000000000,0.593750,0,17.4162,8.7473,4851,0
000000057150.png,distributed_q10_5block,10,5,2.5000,crop_center_50,01001010111000010011001110000100,00000000000000000000000000000000,0.593750,0,17.4162,8.1374,1691,0
000000057150.png,distributed_q10_5block,10,5,2.5000,jpeg_q30,01001010111000010011001110000100,00001000111000000011001000000000,0.812500,0,17.4162,19.8713,9057,0
000000057150.png,distributed_q10_5block,10,5,2.5000,jpeg_q20,01001010111000010011001110000100,00001010011000010001000100000000,0.812500,0,17.4162,19.9632,9115,0
000000057150.png,distributed_q10_5block,10,5,2.5000,resize_0.25_jpeg_q50,01001010111000010011001110000100,00001000000000000011100000000000,0.656250,0,17.4162,20.7431,4625,0
000000057150.png,distributed_q10_9block,10,9,2.5000,none,01001010111000010011001110000100,00000000000000000000000000000000,0.593750,0,17.4076,17.4076,5870,0
000000057150.png,distributed_q10_9block,10,9,2.5000,remove_center_40,01001010111000010011001110000100,00000000000000000000000000000000,0.593750,0,17.4076,17.9828,5575,0
000000057150.png,distributed_q10_9block,10,9,2.5000,black_center_40,01001010111000010011001110000100,00000000010000000000000000000000,0.625000,0,17.4076,8.5949,5213,0
000000057150.png,distributed_q10_9block,10,9,2.5000,crop_top_left_50,01001010111000010011001110000100,00000000000000000000000000000000,0.593750,0,17.4076,9.3575,2027,0
000000057150.png,distributed_q10_9block,10,9,2.5000,crop_bottom_right_50,01001010111000010011001110000100,00000000000000000000000000000000,0.593750,0,17.4076,8.6356,589,0
000000057150.png,distributed_q10_9block,10,9,2.5000,crop_center_50,01001010111000010011001110000100,00000000000000000000000000000000,0.593750,0,17.4076,8.2711,29,0
000000057150.png,distributed_q10_9block,10,9,2.5000,jpeg_q30,01001010111000010011001110000100,00000010010000000000000010000000,0.687500,0,17.4076,19.6825,1333,0
000000057150.png,distributed_q10_9block,10,9,2.5000,jpeg_q20,01001010111000010011001110000100,00000000010000000001000010000000,0.687500,0,17.4076,19.8280,4094,0
000000057150.png,distributed_q10_9block,10,9,2.5000,resize_0.25_jpeg_q50,01001010111000010011001110000100,00000000000000000000000000000000,0.000000,0,17.4076,20.5448,0,1
000000057150.png,distributed_q20_5block,20,5,2.5000,none,01001010111000010011001110000100,00001010110000010011001100000100,0.906250,0,14.3722,14.3722,14046,0
000000057150.png,distributed_q20_5block,20,5,2.5000,remove_center_40,01001010111000010011001110000100,01001010111000010011001110000100,1.000000,1,14.3722,15.5306,10417,0
000000057150.png,distributed_q20_5block,20,5,2.5000,black_center_40,01001010111000010011001110000100,01001010111000010011001110000100,1.000000,1,14.3722,8.2311,11314,0
000000057150.png,distributed_q20_5block,20,5,2.5000,crop_top_left_50,01001010111000010011001110000100,00000000000000000000000000000000,0.593750,0,14.3722,8.9228,6399,0
000000057150.png,distributed_q20_5block,20,5,2.5000,crop_bottom_right_50,01001010111000010011001110000100,00000000000000000000000000000000,0.593750,0,14.3722,8.4763,10527,0
000000057150.png,distributed_q20_5block,20,5,2.5000,crop_center_50,01001010111000010011001110000100,00000000000000000000000000000000,0.593750,0,14.3722,7.8500,9230,0
000000057150.png,distributed_q20_5block,20,5,2.5000,jpeg_q30,01001010111000010011001110000100,01001010111000010011001110000100,1.000000,1,14.3722,17.0097,16467,0
000000057150.png,distributed_q20_5block,20,5,2.5000,jpeg_q20,01001010111000010011001110000100,00001010111000010011001100000100,0.937500,0,14.3722,17.1710,16073,0
000000057150.png,distributed_q20_5block,20,5,2.5000,resize_0.25_jpeg_q50,01001010111000010011001110000100,00001010110000010011001000100100,0.843750,0,14.3722,18.4964,15997,0
000000057150.png,distributed_q20_9block,20,9,2.5000,none,01001010111000010011001110000100,00001010010000010011001110000100,0.906250,0,14.3361,14.3361,13597,0
000000057150.png,distributed_q20_9block,20,9,2.5000,remove_center_40,01001010111000010011001110000100,01001010111000010011001110000100,1.000000,1,14.3361,14.9252,12036,0
000000057150.png,distributed_q20_9block,20,9,2.5000,black_center_40,01001010111000010011001110000100,01001010111000010011001110000100,1.000000,1,14.3361,8.1118,32122,0
000000057150.png,distributed_q20_9block,20,9,2.5000,crop_top_left_50,01001010111000010011001110000100,00000000000000000000000000000000,0.593750,0,14.3361,8.8115,3957,0
000000057150.png,distributed_q20_9block,20,9,2.5000,crop_bottom_right_50,01001010111000010011001110000100,00000000000000000000000000000000,0.593750,0,14.3361,8.3152,4049,0
000000057150.png,distributed_q20_9block,20,9,2.5000,crop_center_50,01001010111000010011001110000100,00000000000000000000000000000000,0.593750,0,14.3361,8.1041,2979,0
000000057150.png,distributed_q20_9block,20,9,2.5000,jpeg_q30,01001010111000010011001110000100,00001010111000010011001110000100,0.968750,0,14.3361,16.9497,19431,0
000000057150.png,distributed_q20_9block,20,9,2.5000,jpeg_q20,01001010111000010011001110000100,00001010011000010011001110100100,0.906250,0,14.3361,17.1765,17729,0
000000057150.png,distributed_q20_9block,20,9,2.5000,resize_0.25_jpeg_q50,01001010111000010011001110000100,00001000110000010011000100000100,0.843750,0,14.3361,18.4378,18839,0
000000057150.png,distributed_q25_5block,25,5,2.5000,none,01001010111000010011001110000100,00001010110000010011001100000100,0.906250,0,13.4105,13.4105,17962,0
000000057150.png,distributed_q25_5block,25,5,2.5000,remove_center_40,01001010111000010011001110000100,01001010111000010011001110000100,1.000000,1,13.4105,14.6705,13074,0
000000057150.png,distributed_q25_5block,25,5,2.5000,black_center_40,01001010111000010011001110000100,01001010111000010011001110000100,1.000000,1,13.4105,8.0575,35320,0
000000057150.png,distributed_q25_5block,25,5,2.5000,crop_top_left_50,01001010111000010011001110000100,00000000000000000000000000000000,0.593750,0,13.4105,8.7464,3393,0
000000057150.png,distributed_q25_5block,25,5,2.5000,crop_bottom_right_50,01001010111000010011001110000100,00000000000000000000000000000000,0.593750,0,13.4105,8.3627,2344,0
000000057150.png,distributed_q25_5block,25,5,2.5000,crop_center_50,01001010111000010011001110000100,00000000000000000000000000000000,0.593750,0,13.4105,7.7056,12544,0
000000057150.png,distributed_q25_5block,25,5,2.5000,jpeg_q30,01001010111000010011001110000100,01001010111000010011001110000100,1.000000,1,13.4105,16.0734,19565,0
000000057150.png,distributed_q25_5block,25,5,2.5000,jpeg_q20,01001010111000010011001110000100,00001010110000010011001100000100,0.906250,0,13.4105,16.2506,19503,0
000000057150.png,distributed_q25_5block,25,5,2.5000,resize_0.25_jpeg_q50,01001010111000010011001110000100,00001010110000010011001000000100,0.875000,0,13.4105,17.6957,19981,0
000000057150.png,distributed_q25_9block,25,9,2.5000,none,01001010111000010011001110000100,00001010111000010011001110000100,0.968750,0,13.3552,13.3552,18126,0
000000057150.png,distributed_q25_9block,25,9,2.5000,remove_center_40,01001010111000010011001110000100,01001010111000010011001110000100,1.000000,1,13.3552,13.9247,15535,0
000000057150.png,distributed_q25_9block,25,9,2.5000,black_center_40,01001010111000010011001110000100,01001010111000010011001110000100,1.000000,1,13.3552,7.8835,37466,0
000000057150.png,distributed_q25_9block,25,9,2.5000,crop_top_left_50,01001010111000010011001110000100,00000000000000000000000000000000,0.593750,0,13.3552,8.5841,4869,0
000000057150.png,distributed_q25_9block,25,9,2.5000,crop_bottom_right_50,01001010111000010011001110000100,00000000000000000000000000000000,0.593750,0,13.3552,8.1721,9268,0
000000057150.png,distributed_q25_9block,25,9,2.5000,crop_center_50,01001010111000010011001110000100,00000000000000000000000000000000,0.593750,0,13.3552,8.0405,4921,0
000000057150.png,distributed_q25_9block,25,9,2.5000,jpeg_q30,01001010111000010011001110000100,01001010111000010011001110000100,1.000000,1,13.3552,16.0228,22294,0
000000057150.png,distributed_q25_9block,25,9,2.5000,jpeg_q20,01001010111000010011001110000100,00001010111000010011001100000100,0.937500,0,13.3552,16.2811,21469,0
000000057150.png,distributed_q25_9block,25,9,2.5000,resize_0.25_jpeg_q50,01001010111000010011001110000100,00001010110000000011001100100100,0.843750,0,13.3552,17.6199,22287,0
000000057150.png,distributed_q30_5block,30,5,2.5000,none,01001010111000010011001110000100,00001010111000010011001100000100,0.937500,0,12.5975,12.5975,20333,0
000000057150.png,distributed_q30_5block,30,5,2.5000,remove_center_40,01001010111000010011001110000100,00001010111000010011001100000100,0.937500,0,12.5975,13.9562,14915,0
000000057150.png,distributed_q30_5block,30,5,2.5000,black_center_40,01001010111000010011001110000100,00001010111000010011001100000100,0.937500,0,12.5975,7.8913,39015,0
000000057150.png,distributed_q30_5block,30,5,2.5000,crop_top_left_50,01001010111000010011001110000100,00000000000000000000000000000000,0.593750,0,12.5975,8.5687,3470,0
000000057150.png,distributed_q30_5block,30,5,2.5000,crop_bottom_right_50,01001010111000010011001110000100,00000000000000000000000000000000,0.593750,0,12.5975,8.2736,10615,0
000000057150.png,distributed_q30_5block,30,5,2.5000,crop_center_50,01001010111000010011001110000100,00000000000000000000000000000000,0.593750,0,12.5975,7.6242,14829,0
000000057150.png,distributed_q30_5block,30,5,2.5000,jpeg_q30,01001010111000010011001110000100,01001010111000010011001110000100,1.000000,1,12.5975,15.2355,20989,0
000000057150.png,distributed_q30_5block,30,5,2.5000,jpeg_q20,01001010111000010011001110000100,00001010111000010011001100000100,0.937500,0,12.5975,15.4304,20663,0
000000057150.png,distributed_q30_5block,30,5,2.5000,resize_0.25_jpeg_q50,01001010111000010011001110000100,00001000110000010011001000000100,0.843750,0,12.5975,17.0095,21777,0
000000057150.png,distributed_q30_9block,30,9,2.5000,none,01001010111000010011001110000100,01001010011000010011001110000100,0.968750,0,12.5886,12.5886,21724,0
000000057150.png,distributed_q30_9block,30,9,2.5000,remove_center_40,01001010111000010011001110000100,01001010111000010011001110000100,1.000000,1,12.5886,13.1521,18209,0
000000057150.png,distributed_q30_9block,30,9,2.5000,black_center_40,01001010111000010011001110000100,01001010111000010011001110000100,1.000000,1,12.5886,7.6781,42687,0
000000057150.png,distributed_q30_9block,30,9,2.5000,crop_top_left_50,01001010111000010011001110000100,00000000000000000000000000000000,0.593750,0,12.5886,8.3741,9219,0
000000057150.png,distributed_q30_9block,30,9,2.5000,crop_bottom_right_50,01001010111000010011001110000100,00000000000000000000000000000000,0.593750,0,12.5886,8.0493,15723,0
000000057150.png,distributed_q30_9block,30,9,2.5000,crop_center_50,01001010111000010011001110000100,00000000000000000000000000000000,0.593750,0,12.5886,7.9666,6852,0
000000057150.png,distributed_q30_9block,30,9,2.5000,jpeg_q30,01001010111000010011001110000100,01001010111000010011001110001100,0.968750,0,12.5886,15.2203,23627,0
000000057150.png,distributed_q30_9block,30,9,2.5000,jpeg_q20,01001010111000010011001110000100,00001010111000010011001100001100,0.906250,0,12.5886,15.5108,23774,0
000000057150.png,distributed_q30_9block,30,9,2.5000,resize_0.25_jpeg_q50,01001010111000010011001110000100,01001010110000010011000110001100,0.906250,0,12.5886,16.9591,24859,0
000000057150.png,distributed_q50_5block,50,5,2.5000,none,01001010111000010011001110000100,01001010111000010011001110000100,1.000000,1,10.3852,10.3852,34164,0
000000057150.png,distributed_q50_5block,50,5,2.5000,remove_center_40,01001010111000010011001110000100,01001010111000010011001110000100,1.000000,1,10.3852,12.2800,21891,0
000000057150.png,distributed_q50_5block,50,5,2.5000,black_center_40,01001010111000010011001110000100,01001010111000010011001110000100,1.000000,1,10.3852,7.4125,37391,0
000000057150.png,distributed_q50_5block,50,5,2.5000,crop_top_left_50,01001010111000010011001110000100,00000000000000000000000000000000,0.593750,0,10.3852,7.9355,20361,0
000000057150.png,distributed_q50_5block,50,5,2.5000,crop_bottom_right_50,01001010111000010011001110000100,00000000000000000000000000000000,0.593750,0,10.3852,7.9214,21295,0
000000057150.png,distributed_q50_5block,50,5,2.5000,crop_center_50,01001010111000010011001110000100,00000000000000000000000000000000,0.593750,0,10.3852,7.2649,20195,0
000000057150.png,distributed_q50_5block,50,5,2.5000,jpeg_q30,01001010111000010011001110000100,01001010111000010011001110000100,1.000000,1,10.3852,13.1479,36354,0
000000057150.png,distributed_q50_5block,50,5,2.5000,jpeg_q20,01001010111000010011001110000100,01001010111000010011001110000100,1.000000,1,10.3852,13.3969,36353,0
000000057150.png,distributed_q50_5block,50,5,2.5000,resize_0.25_jpeg_q50,01001010111000010011001110000100,01101000110000010011001110000100,0.906250,0,10.3852,15.1127,37416,0
000000057150.png,distributed_q50_9block,50,9,2.5000,none,01001010111000010011001110000100,01001010111000010011001110000100,1.000000,1,10.4038,10.4038,34390,0
000000057150.png,distributed_q50_9block,50,9,2.5000,remove_center_40,01001010111000010011001110000100,01001010111000010011001110000100,1.000000,1,10.4038,11.6236,25492,0
000000057150.png,distributed_q50_9block,50,9,2.5000,black_center_40,01001010111000010011001110000100,01001010111000010011001110000100,1.000000,1,10.4038,7.1874,51131,0
000000057150.png,distributed_q50_9block,50,9,2.5000,crop_top_left_50,01001010111000010011001110000100,00000000000000000000000000000000,0.593750,0,10.4038,7.7562,4758,0
000000057150.png,distributed_q50_9block,50,9,2.5000,crop_bottom_right_50,01001010111000010011001110000100,00000000000000000000000000000000,0.593750,0,10.4038,7.6610,16189,0
000000057150.png,distributed_q50_9block,50,9,2.5000,crop_center_50,01001010111000010011001110000100,00000000000000000000000000000000,0.593750,0,10.4038,7.6637,13096,0
000000057150.png,distributed_q50_9block,50,9,2.5000,jpeg_q30,01001010111000010011001110000100,01001010111000010011001110000100,1.000000,1,10.4038,13.0679,35738,0
000000057150.png,distributed_q50_9block,50,9,2.5000,jpeg_q20,01001010111000010011001110000100,01001010111000010011001110000100,1.000000,1,10.4038,13.3690,36207,0
000000057150.png,distributed_q50_9block,50,9,2.5000,resize_0.25_jpeg_q50,01001010111000010011001110000100,00101010110000010011001100000100,0.875000,0,10.4038,15.1056,36298,0
000000057232.png,single_center_50pct,50,1,2.5000,none,01001010111000010011001110000100,01001010111000010011001110000100,1.000000,1,10.2789,10.2789,34481,0
000000057232.png,single_center_50pct,50,1,2.5000,remove_center_40,01001010111000010011001110000100,01001010111000010011001110000100,1.000000,1,10.2789,17.0140,9132,0
000000057232.png,single_center_50pct,50,1,2.5000,black_center_40,01001010111000010011001110000100,01001010011000010011001110000100,0.968750,0,10.2789,7.5343,34743,0
000000057232.png,single_center_50pct,50,1,2.5000,crop_top_left_50,01001010111000010011001110000100,00000100000000000000000000000000,0.562500,0,10.2789,7.1382,29936,0
000000057232.png,single_center_50pct,50,1,2.5000,crop_bottom_right_50,01001010111000010011001110000100,00000000000000000000000000000000,0.593750,0,10.2789,7.4009,32335,0
000000057232.png,single_center_50pct,50,1,2.5000,crop_center_50,01001010111000010011001110000100,00000000010000000000000010000000,0.656250,0,10.2789,6.2215,65205,0
000000057232.png,single_center_50pct,50,1,2.5000,jpeg_q30,01001010111000010011001110000100,01001010111000010011001110000100,1.000000,1,10.2789,12.9738,34855,0
000000057232.png,single_center_50pct,50,1,2.5000,jpeg_q20,01001010111000010011001110000100,01001010011000010011001110000100,0.968750,0,10.2789,13.1351,35912,0
000000057232.png,single_center_50pct,50,1,2.5000,resize_0.25_jpeg_q50,01001010111000010011001110000100,01101000110000010011001110000100,0.906250,0,10.2789,14.2222,36477,0
000000057232.png,distributed_q10_5block,10,5,2.5000,none,01001010111000010011001110000100,00001010010000010011001000000100,0.843750,0,17.2346,17.2346,6527,0
000000057232.png,distributed_q10_5block,10,5,2.5000,remove_center_40,01001010111000010011001110000100,00001010011000010001001100000100,0.875000,0,17.2346,18.1818,5239,0
000000057232.png,distributed_q10_5block,10,5,2.5000,black_center_40,01001010111000010011001110000100,00001010011000010011001100000100,0.906250,0,17.2346,7.6513,5199,0
000000057232.png,distributed_q10_5block,10,5,2.5000,crop_top_left_50,01001010111000010011001110000100,00000000000000000000000000000000,0.593750,0,17.2346,7.3338,6029,0
000000057232.png,distributed_q10_5block,10,5,2.5000,crop_bottom_right_50,01001010111000010011001110000100,00000000000000000000000000000000,0.593750,0,17.2346,7.5612,5140,0
000000057232.png,distributed_q10_5block,10,5,2.5000,crop_center_50,01001010111000010011001110000100,00000100000000000000000000000000,0.562500,0,17.2346,6.9280,5162,0
000000057232.png,distributed_q10_5block,10,5,2.5000,jpeg_q30,01001010111000010011001110000100,00001010111000000001001110000100,0.906250,0,17.2346,19.2777,8127,0
000000057232.png,distributed_q10_5block,10,5,2.5000,jpeg_q20,01001010111000010011001110000100,00000000000000000001000000000100,0.656250,0,17.2346,19.3853,7590,0
000000057232.png,distributed_q10_5block,10,5,2.5000,resize_0.25_jpeg_q50,01001010111000010011001110000100,00001000110000000001000010000100,0.781250,0,17.2346,18.0709,6857,0
000000057232.png,distributed_q10_9block,10,9,2.5000,none,01001010111000010011001110000100,00000000000000000000000000000000,0.593750,0,17.4047,17.4047,6578,0
000000057232.png,distributed_q10_9block,10,9,2.5000,remove_center_40,01001010111000010011001110000100,00000000010000000000000000000000,0.625000,0,17.4047,17.8947,5786,0
000000057232.png,distributed_q10_9block,10,9,2.5000,black_center_40,01001010111000010011001110000100,00000000010000000000000000000000,0.625000,0,17.4047,7.6251,5517,0
000000057232.png,distributed_q10_9block,10,9,2.5000,crop_top_left_50,01001010111000010011001110000100,00000000000000000000000000000000,0.593750,0,17.4047,7.2961,2947,0
000000057232.png,distributed_q10_9block,10,9,2.5000,crop_bottom_right_50,01001010111000010011001110000100,00000000000000000000000000000000,0.593750,0,17.4047,7.6464,2596,0
000000057232.png,distributed_q10_9block,10,9,2.5000,crop_center_50,01001010111000010011001110000100,00000000000000000000000000000000,0.593750,0,17.4047,7.0057,2270,0
000000057232.png,distributed_q10_9block,10,9,2.5000,jpeg_q30,01001010111000010011001110000100,00001000010000000001000000000000,0.687500,0,17.4047,19.2782,5775,0
000000057232.png,distributed_q10_9block,10,9,2.5000,jpeg_q20,01001010111000010011001110000100,00010000001001000101010000001011,0.437500,0,17.4047,19.3498,380,0
000000057232.png,distributed_q10_9block,10,9,2.5000,resize_0.25_jpeg_q50,01001010111000010011001110000100,00000000010000000001000010000000,0.687500,0,17.4047,17.9832,2656,0
000000057232.png,distributed_q20_5block,20,5,2.5000,none,01001010111000010011001110000100,01001010111000010011001110000100,1.000000,1,14.2085,14.2085,14038,0
000000057232.png,distributed_q20_5block,20,5,2.5000,remove_center_40,01001010111000010011001110000100,01001010111000010011001110000100,1.000000,1,14.2085,15.2179,10471,0
000000057232.png,distributed_q20_5block,20,5,2.5000,black_center_40,01001010111000010011001110000100,01001010111000010011001110000100,1.000000,1,14.2085,7.2905,10432,0
000000057232.png,distributed_q20_5block,20,5,2.5000,crop_top_left_50,01001010111000010011001110000100,00000000000000000000000000000000,0.593750,0,14.2085,7.2533,11226,0
000000057232.png,distributed_q20_5block,20,5,2.5000,crop_bottom_right_50,01001010111000010011001110000100,00000000000000000000000000000000,0.593750,0,14.2085,7.5156,11851,0
000000057232.png,distributed_q20_5block,20,5,2.5000,crop_center_50,01001010111000010011001110000100,00000100000000000000000000000000,0.562500,0,14.2085,6.7566,10798,0
000000057232.png,distributed_q20_5block,20,5,2.5000,jpeg_q30,01001010111000010011001110000100,00001010111000010011001110000100,0.968750,0,14.2085,16.6332,17272,0
000000057232.png,distributed_q20_5block,20,5,2.5000,jpeg_q20,01001010111000010011001110000100,01001010010000010011001110000100,0.937500,0,14.2085,16.8305,17803,0
000000057232.png,distributed_q20_5block,20,5,2.5000,resize_0.25_jpeg_q50,01001010111000010011001110000100,00001000110000000011001110000100,0.875000,0,14.2085,16.6736,16056,0
000000057232.png,distributed_q20_9block,20,9,2.5000,none,01001010111000010011001110000100,00001010011000010011001110000100,0.937500,0,14.3393,14.3393,13916,0
000000057232.png,distributed_q20_9block,20,9,2.5000,remove_center_40,01001010111000010011001110000100,01001010111000010011001110000100,1.000000,1,14.3393,14.8673,12438,0
000000057232.png,distributed_q20_9block,20,9,2.5000,black_center_40,01001010111000010011001110000100,01001010111000010011001110000100,1.000000,1,14.3393,7.2320,24067,0
000000057232.png,distributed_q20_9block,20,9,2.5000,crop_top_left_50,01001010111000010011001110000100,00000000000000000000000000000000,0.593750,0,14.3393,7.1498,9359,0
000000057232.png,distributed_q20_9block,20,9,2.5000,crop_bottom_right_50,01001010111000010011001110000100,00000000000000000000000000000000,0.593750,0,14.3393,7.4575,10669,0
000000057232.png,distributed_q20_9block,20,9,2.5000,crop_center_50,01001010111000010011001110000100,00000000000000000000000000000000,0.593750,0,14.3393,6.9104,5814,0
000000057232.png,distributed_q20_9block,20,9,2.5000,jpeg_q30,01001010111000010011001110000100,01001010111000010011001110000100,1.000000,1,14.3393,16.6824,19831,0
000000057232.png,distributed_q20_9block,20,9,2.5000,jpeg_q20,01001010111000010011001110000100,00001010111000010001001100000100,0.906250,0,14.3393,16.8447,18229,0
000000057232.png,distributed_q20_9block,20,9,2.5000,resize_0.25_jpeg_q50,01001010111000010011001110000100,00001010110000000011001000000100,0.843750,0,14.3393,16.6352,16676,0
000000057232.png,distributed_q25_5block,25,5,2.5000,none,01001010111000010011001110000100,01001010111000010011001110000100,1.000000,1,13.2515,13.2515,17871,0
000000057232.png,distributed_q25_5block,25,5,2.5000,remove_center_40,01001010111000010011001110000100,01001010111000010011001110000100,1.000000,1,13.2515,14.3694,13140,0
000000057232.png,distributed_q25_5block,25,5,2.5000,black_center_40,01001010111000010011001110000100,01001010111000010011001110000100,1.000000,1,13.2515,7.1420,14256,0
000000057232.png,distributed_q25_5block,25,5,2.5000,crop_top_left_50,01001010111000010011001110000100,00000000000000000000000000000000,0.593750,0,13.2515,7.2151,8438,0
000000057232.png,distributed_q25_5block,25,5,2.5000,crop_bottom_right_50,01001010111000010011001110000100,00000000000000000000000000000000,0.593750,0,13.2515,7.5183,6535,0
000000057232.png,distributed_q25_5block,25,5,2.5000,crop_center_50,01001010111000010011001110000100,00000000000000000000000000000000,0.593750,0,13.2515,6.7075,13066,0
000000057232.png,distributed_q25_5block,25,5,2.5000,jpeg_q30,01001010111000010011001110000100,01001010111000010011001110000100,1.000000,1,13.2515,15.7662,19957,0
000000057232.png,distributed_q25_5block,25,5,2.5000,jpeg_q20,01001010111000010011001110000100,01001010110000010011001110000100,0.968750,0,13.2515,16.0106,19924,0
000000057232.png,distributed_q25_5block,25,5,2.5000,resize_0.25_jpeg_q50,01001010111000010011001110000100,01101000110000000011001110000100,0.875000,0,13.2515,16.1159,19730,0
000000057232.png,distributed_q25_9block,25,9,2.5000,none,01001010111000010011001110000100,01001010111000010011001110000100,1.000000,1,13.3316,13.3316,18191,0
000000057232.png,distributed_q25_9block,25,9,2.5000,remove_center_40,01001010111000010011001110000100,01001010111000010011001110000100,1.000000,1,13.3316,13.8401,15744,0
000000057232.png,distributed_q25_9block,25,9,2.5000,black_center_40,01001010111000010011001110000100,01001010111000010011001110000100,1.000000,1,13.3316,7.0367,31715,0
000000057232.png,distributed_q25_9block,25,9,2.5000,crop_top_left_50,01001010111000010011001110000100,00000000000000000000000000000000,0.593750,0,13.3316,7.0722,11056,0
000000057232.png,distributed_q25_9block,25,9,2.5000,crop_bottom_right_50,01001010111000010011001110000100,00000000000000000000000000000000,0.593750,0,13.3316,7.3802,13395,0
000000057232.png,distributed_q25_9block,25,9,2.5000,crop_center_50,01001010111000010011001110000100,00000000000000000000000000000000,0.593750,0,13.3316,6.8695,6814,0
000000057232.png,distributed_q25_9block,25,9,2.5000,jpeg_q30,01001010111000010011001110000100,01001010111000010011001110000100,1.000000,1,13.3316,15.7900,22188,0
000000057232.png,distributed_q25_9block,25,9,2.5000,jpeg_q20,01001010111000010011001110000100,01001010110000010011001110000100,0.968750,0,13.3316,15.9350,21880,0
000000057232.png,distributed_q25_9block,25,9,2.5000,resize_0.25_jpeg_q50,01001010111000010011001110000100,01001000110000000011001110000100,0.906250,0,13.3316,16.0216,21675,0
000000057232.png,distributed_q30_5block,30,5,2.5000,none,01001010111000010011001110000100,01001010111000010011001110000100,1.000000,1,12.4449,12.4449,20272,0
000000057232.png,distributed_q30_5block,30,5,2.5000,remove_center_40,01001010111000010011001110000100,01001010111000010011001110000100,1.000000,1,12.4449,13.6634,14895,0
000000057232.png,distributed_q30_5block,30,5,2.5000,black_center_40,01001010111000010011001110000100,01001010111000010011001110000100,1.000000,1,12.4449,6.9993,26280,0
000000057232.png,distributed_q30_5block,30,5,2.5000,crop_top_left_50,01001010111000010011001110000100,00000000000000000000000000000000,0.593750,0,12.4449,7.1509,8969,0
000000057232.png,distributed_q30_5block,30,5,2.5000,crop_bottom_right_50,01001010111000010011001110000100,00000000000000000000000000000000,0.593750,0,12.4449,7.4384,14087,0
000000057232.png,distributed_q30_5block,30,5,2.5000,crop_center_50,01001010111000010011001110000100,00000000000000000000000000000000,0.593750,0,12.4449,6.6951,14368,0
000000057232.png,distributed_q30_5block,30,5,2.5000,jpeg_q30,01001010111000010011001110000100,01001010111000010011001110000100,1.000000,1,12.4449,14.9659,21850,0
000000057232.png,distributed_q30_5block,30,5,2.5000,jpeg_q20,01001010111000010011001110000100,01001010111000010011001110000100,1.000000,1,12.4449,15.1666,21243,0
000000057232.png,distributed_q30_5block,30,5,2.5000,resize_0.25_jpeg_q50,01001010111000010011001110000100,01101000110000010011001110000100,0.906250,0,12.4449,15.6086,21379,0
000000057232.png,distributed_q30_9block,30,9,2.5000,none,01001010111000010011001110000100,01001010111000010011001110000100,1.000000,1,12.5497,12.5497,21524,0
000000057232.png,distributed_q30_9block,30,9,2.5000,remove_center_40,01001010111000010011001110000100,01001010111000010011001110000100,1.000000,1,12.5497,13.0590,18028,0
000000057232.png,distributed_q30_9block,30,9,2.5000,black_center_40,01001010111000010011001110000100,01001010111000010011001110000100,1.000000,1,12.5497,6.8617,38266,0
000000057232.png,distributed_q30_9block,30,9,2.5000,crop_top_left_50,01001010111000010011001110000100,00000000000000000000000000000000,0.593750,0,12.5497,7.0077,14790,0
000000057232.png,distributed_q30_9block,30,9,2.5000,crop_bottom_right_50,01001010111000010011001110000100,00000000000000000000000000000000,0.593750,0,12.5497,7.3328,17217,0
000000057232.png,distributed_q30_9block,30,9,2.5000,crop_center_50,01001010111000010011001110000100,00000000000000000000000000000000,0.593750,0,12.5497,6.8239,8061,0
000000057232.png,distributed_q30_9block,30,9,2.5000,jpeg_q30,01001010111000010011001110000100,01001010111000010011001110000100,1.000000,1,12.5497,15.0174,23555,0
000000057232.png,distributed_q30_9block,30,9,2.5000,jpeg_q20,01001010111000010011001110000100,01001010111000010011001110000100,1.000000,1,12.5497,15.2139,24528,0
000000057232.png,distributed_q30_9block,30,9,2.5000,resize_0.25_jpeg_q50,01001010111000010011001110000100,00001000110000010011001100000100,0.875000,0,12.5497,15.5501,24618,0
000000057232.png,distributed_q50_5block,50,5,2.5000,none,01001010111000010011001110000100,01001010111000010011001110000100,1.000000,1,10.2701,10.2701,34448,0
000000057232.png,distributed_q50_5block,50,5,2.5000,remove_center_40,01001010111000010011001110000100,01001010111000010011001110000100,1.000000,1,10.2701,12.0476,21993,0
000000057232.png,distributed_q50_5block,50,5,2.5000,black_center_40,01001010111000010011001110000100,01001010111000010011001110000100,1.000000,1,10.2701,6.5966,33942,0
000000057232.png,distributed_q50_5block,50,5,2.5000,crop_top_left_50,01001010111000010011001110000100,00000000000000000000000000000000,0.593750,0,10.2701,6.8362,28141,0
000000057232.png,distributed_q50_5block,50,5,2.5000,crop_bottom_right_50,01001010111000010011001110000100,00000000000000000000000000000000,0.593750,0,10.2701,7.0646,28564,0
000000057232.png,distributed_q50_5block,50,5,2.5000,crop_center_50,01001010111000010011001110000100,00000100000000000000000000000000,0.562500,0,10.2701,6.4858,28314,0
000000057232.png,distributed_q50_5block,50,5,2.5000,jpeg_q30,01001010111000010011001110000100,01001010111000010011001110000100,1.000000,1,10.2701,12.9200,36210,0
000000057232.png,distributed_q50_5block,50,5,2.5000,jpeg_q20,01001010111000010011001110000100,01001010111000010011001110000100,1.000000,1,10.2701,13.1747,35890,0
000000057232.png,distributed_q50_5block,50,5,2.5000,resize_0.25_jpeg_q50,01001010111000010011001110000100,01101000110000010011001110000100,0.906250,0,10.2701,14.0927,37159,0
000000057232.png,distributed_q50_9block,50,9,2.5000,none,01001010111000010011001110000100,01001010111000010011001110000100,1.000000,1,10.3822,10.3822,34663,0
000000057232.png,distributed_q50_9block,50,9,2.5000,remove_center_40,01001010111000010011001110000100,01001010111000010011001110000100,1.000000,1,10.3822,11.5105,25667,0
000000057232.png,distributed_q50_9block,50,9,2.5000,black_center_40,01001010111000010011001110000100,01001010111000010011001110000100,1.000000,1,10.3822,6.4366,47715,0
000000057232.png,distributed_q50_9block,50,9,2.5000,crop_top_left_50,01001010111000010011001110000100,00000000000000000000000000000000,0.593750,0,10.3822,6.8371,13435,0
000000057232.png,distributed_q50_9block,50,9,2.5000,crop_bottom_right_50,01001010111000010011001110000100,00000000000000000000000000000000,0.593750,0,10.3822,7.1527,28660,0
000000057232.png,distributed_q50_9block,50,9,2.5000,crop_center_50,01001010111000010011001110000100,00000000000000000000000000000000,0.593750,0,10.3822,6.7014,13624,0
000000057232.png,distributed_q50_9block,50,9,2.5000,jpeg_q30,01001010111000010011001110000100,01001010111000010011001110000100,1.000000,1,10.3822,12.8993,36039,0
000000057232.png,distributed_q50_9block,50,9,2.5000,jpeg_q20,01001010111000010011001110000100,01001010111000010011001110000100,1.000000,1,10.3822,13.1586,36364,0
000000057232.png,distributed_q50_9block,50,9,2.5000,resize_0.25_jpeg_q50,01001010111000010011001110000100,01101000110000010011001110000100,0.906250,0,10.3822,14.0538,37290,0
000000057238.png,single_center_50pct,50,1,2.5000,none,01001010111000010011001110000100,01001010111000010011001110000100,1.000000,1,9.6412,9.6412,34708,0
000000057238.png,single_center_50pct,50,1,2.5000,remove_center_40,01001010111000010011001110000100,01001010011000010011001110000100,0.968750,0,9.6412,16.6420,8905,0
000000057238.png,single_center_50pct,50,1,2.5000,black_center_40,01001010111000010011001110000100,01001010011000010011001110000100,0.968750,0,9.6412,9.3041,34850,0
000000057238.png,single_center_50pct,50,1,2.5000,crop_top_left_50,01001010111000010011001110000100,00000000000000000000000000000000,0.593750,0,9.6412,9.7431,25805,0
000000057238.png,single_center_50pct,50,1,2.5000,crop_bottom_right_50,01001010111000010011001110000100,00000000010000000000000000000000,0.625000,0,9.6412,8.2981,6479,0
000000057238.png,single_center_50pct,50,1,2.5000,crop_center_50,01001010111000010011001110000100,00000000010000000000000000000000,0.625000,0,9.6412,6.7842,65166,0
000000057238.png,single_center_50pct,50,1,2.5000,jpeg_q30,01001010111000010011001110000100,01001010111000010011001110000100,1.000000,1,9.6412,13.0701,35219,0
000000057238.png,single_center_50pct,50,1,2.5000,jpeg_q20,01001010111000010011001110000100,01001010111000010011101110000100,0.968750,0,9.6412,13.3452,35710,0
000000057238.png,single_center_50pct,50,1,2.5000,resize_0.25_jpeg_q50,01001010111000010011001110000100,01101000110000010011100110000110,0.812500,0,9.6412,15.9991,36645,0
000000057238.png,distributed_q10_5block,10,5,2.5000,none,01001010111000010011001110000100,00001010010000000011000000000000,0.750000,0,16.7986,16.7986,6726,0
000000057238.png,distributed_q10_5block,10,5,2.5000,remove_center_40,01001010111000010011001110000100,00001010010000000001000000000000,0.718750,0,16.7986,17.9353,5508,0
000000057238.png,distributed_q10_5block,10,5,2.5000,black_center_40,01001010111000010011001110000100,00001000000000000001000000000000,0.656250,0,16.7986,9.5156,7676,0
000000057238.png,distributed_q10_5block,10,5,2.5000,crop_top_left_50,01001010111000010011001110000100,00000000000000000000000000000000,0.593750,0,16.7986,11.6896,5078,0
000000057238.png,distributed_q10_5block,10,5,2.5000,crop_bottom_right_50,01001010111000010011001110000100,00110001000010100011000000000010,0.468750,0,16.7986,11.6810,755,0
000000057238.png,distributed_q10_5block,10,5,2.5000,crop_center_50,01001010111000010011001110000100,00000000000000000000000000000000,0.593750,0,16.7986,13.7355,2294,0
000000057238.png,distributed_q10_5block,10,5,2.5000,jpeg_q30,01001010111000010011001110000100,00001000010000000001000000000100,0.718750,0,16.7986,19.7301,9260,0
000000057238.png,distributed_q10_5block,10,5,2.5000,jpeg_q20,01001010111000010011001110000100,00000000100000000001000000000000,0.656250,0,16.7986,19.9095,8194,0
000000057238.png,distributed_q10_5block,10,5,2.5000,resize_0.25_jpeg_q50,01001010111000010011001110000100,00001010000001000001000000000000,0.656250,0,16.7986,21.7450,5821,0
000000057238.png,distributed_q10_9block,10,9,2.5000,none,01001010111000010011001110000100,00000000000000000000000000000000,0.593750,0,16.8317,16.8317,6543,0
000000057238.png,distributed_q10_9block,10,9,2.5000,remove_center_40,01001010111000010011001110000100,00000000000000000000000000000000,0.593750,0,16.8317,17.4047,5725,0
000000057238.png,distributed_q10_9block,10,9,2.5000,black_center_40,01001010111000010011001110000100,00000000000000000000000000000000,0.593750,0,16.8317,9.4351,5834,0
000000057238.png,distributed_q10_9block,10,9,2.5000,crop_top_left_50,01001010111000010011001110000100,00000000000000000000000000000000,0.593750,0,16.8317,11.7946,4875,0
000000057238.png,distributed_q10_9block,10,9,2.5000,crop_bottom_right_50,01001010111000010011001110000100,00000001010010100001010000000000,0.531250,0,16.8317,11.5706,2792,0
000000057238.png,distributed_q10_9block,10,9,2.5000,crop_center_50,01001010111000010011001110000100,00000001000000000000000000000000,0.562500,0,16.8317,14.5459,1320,0
000000057238.png,distributed_q10_9block,10,9,2.5000,jpeg_q30,01001010111000010011001110000100,00000000000000000001000000000000,0.625000,0,16.8317,19.4631,4420,0
000000057238.png,distributed_q10_9block,10,9,2.5000,jpeg_q20,01001010111000010011001110000100,00000000100000000001000010000000,0.687500,0,16.8317,19.8047,3521,0
000000057238.png,distributed_q10_9block,10,9,2.5000,resize_0.25_jpeg_q50,01001010111000010011001110000100,00000011000001000000000000000011,0.500000,0,16.8317,21.2702,2785,0
000000057238.png,distributed_q20_5block,20,5,2.5000,none,01001010111000010011001110000100,00001010110000010011001110000100,0.937500,0,13.7554,13.7554,13973,0
000000057238.png,distributed_q20_5block,20,5,2.5000,remove_center_40,01001010111000010011001110000100,01001010110000010011001110000100,0.968750,0,13.7554,14.9570,10456,0
000000057238.png,distributed_q20_5block,20,5,2.5000,black_center_40,01001010111000010011001110000100,01001010111000010011001110000100,1.000000,1,13.7554,8.9398,12236,0
000000057238.png,distributed_q20_5block,20,5,2.5000,crop_top_left_50,01001010111000010011001110000100,00000000000000000000000000000000,0.593750,0,13.7554,10.9182,11568,0
000000057238.png,distributed_q20_5block,20,5,2.5000,crop_bottom_right_50,01001010111000010011001110000100,10100011010000000111010100000011,0.531250,0,13.7554,10.7194,1804,0
000000057238.png,distributed_q20_5block,20,5,2.5000,crop_center_50,01001010111000010011001110000100,00000000000000000000000000000000,0.593750,0,13.7554,12.3561,5213,0
000000057238.png,distributed_q20_5block,20,5,2.5000,jpeg_q30,01001010111000010011001110000100,01001010111000010011001110000100,1.000000,1,13.7554,16.8056,17033,0
000000057238.png,distributed_q20_5block,20,5,2.5000,jpeg_q20,01001010111000010011001110000100,00001010110000010011001110000100,0.937500,0,13.7554,17.0446,17981,0
000000057238.png,distributed_q20_5block,20,5,2.5000,resize_0.25_jpeg_q50,01001010111000010011001110000100,00001000010000000011000110000100,0.812500,0,13.7554,19.1268,15874,0
000000057238.png,distributed_q20_9block,20,9,2.5000,none,01001010111000010011001110000100,00001010011000010011001110000100,0.937500,0,13.7858,13.7858,13985,0
000000057238.png,distributed_q20_9block,20,9,2.5000,remove_center_40,01001010111000010011001110000100,00001010111000010011001110000100,0.968750,0,13.7858,14.3855,12625,0
000000057238.png,distributed_q20_9block,20,9,2.5000,black_center_40,01001010111000010011001110000100,01001010111000010011001110000100,1.000000,1,13.7858,8.7896,37445,0
000000057238.png,distributed_q20_9block,20,9,2.5000,crop_top_left_50,01001010111000010011001110000100,00000000000000000000000000000000,0.593750,0,13.7858,10.9351,12331,0
000000057238.png,distributed_q20_9block,20,9,2.5000,crop_bottom_right_50,01001010111000010011001110000100,00110001000010100111010000000010,0.406250,0,13.7858,10.5978,220,0
000000057238.png,distributed_q20_9block,20,9,2.5000,crop_center_50,01001010111000010011001110000100,00000000000000000000000000000000,0.593750,0,13.7858,13.5505,3352,0
000000057238.png,distributed_q20_9block,20,9,2.5000,jpeg_q30,01001010111000010011001110000100,00001010011000000011101110000100,0.875000,0,13.7858,16.8148,18835,0
000000057238.png,distributed_q20_9block,20,9,2.5000,jpeg_q20,01001010111000010011001110000100,00001010110010000001000110000100,0.812500,0,13.7858,17.0397,21471,0
000000057238.png,distributed_q20_9block,20,9,2.5000,resize_0.25_jpeg_q50,01001010111000010011001110000100,00001000110000000001000010000100,0.781250,0,13.7858,18.9220,16603,0
000000057238.png,distributed_q25_5block,25,5,2.5000,none,01001010111000010011001110000100,01001010111000010011001110000100,1.000000,1,12.7960,12.7960,17822,0
000000057238.png,distributed_q25_5block,25,5,2.5000,remove_center_40,01001010111000010011001110000100,01001010110000010011001110000100,0.968750,0,12.7960,14.1005,13250,0
000000057238.png,distributed_q25_5block,25,5,2.5000,black_center_40,01001010111000010011001110000100,01001010110000010011001110000100,0.968750,0,12.7960,8.7091,37558,0
000000057238.png,distributed_q25_5block,25,5,2.5000,crop_top_left_50,01001010111000010011001110000100,00000100000000000000000000000000,0.562500,0,12.7960,10.6033,10212,0
000000057238.png,distributed_q25_5block,25,5,2.5000,crop_bottom_right_50,01001010111000010011001110000100,10110011010010000111010100010011,0.437500,0,12.7960,10.3302,566,0
000000057238.png,distributed_q25_5block,25,5,2.5000,crop_center_50,01001010111000010011001110000100,00000000000000000000000000000000,0.593750,0,12.7960,11.8137,6318,0
000000057238.png,distributed_q25_5block,25,5,2.5000,jpeg_q30,01001010111000010011001110000100,01001010111000010011001110000100,1.000000,1,12.7960,15.8538,19141,0
000000057238.png,distributed_q25_5block,25,5,2.5000,jpeg_q20,01001010111000010011001110000100,01001010110000010011001110000100,0.968750,0,12.7960,16.0747,20384,0
000000057238.png,distributed_q25_5block,25,5,2.5000,resize_0.25_jpeg_q50,01001010111000010011001110000100,00101000110000000011000110000100,0.812500,0,12.7960,18.2578,19719,0
000000057238.png,distributed_q25_9block,25,9,2.5000,none,01001010111000010011001110000100,00001010111000010011001110000100,0.968750,0,12.8026,12.8026,18096,0
000000057238.png,distributed_q25_9block,25,9,2.5000,remove_center_40,01001010111000010011001110000100,01001010111000010011001110000100,1.000000,1,12.8026,13.3841,16015,0
000000057238.png,distributed_q25_9block,25,9,2.5000,black_center_40,01001010111000010011001110000100,01001010111000010011001110000100,1.000000,1,12.8026,8.4897,41457,0
000000057238.png,distributed_q25_9block,25,9,2.5000,crop_top_left_50,01001010111000010011001110000100,00000000000000000000000000000000,0.593750,0,12.8026,10.5970,13289,0
000000057238.png,distributed_q25_9block,25,9,2.5000,crop_bottom_right_50,01001010111000010011001110000100,00000000000000000001000000000000,0.625000,0,12.8026,10.1491,547,0
000000057238.png,distributed_q25_9block,25,9,2.5000,crop_center_50,01001010111000010011001110000100,00000000000000000000000000000000,0.593750,0,12.8026,13.2033,3560,0
000000057238.png,distributed_q25_9block,25,9,2.5000,jpeg_q30,01001010111000010011001110000100,01001010111000010011001110000100,1.000000,1,12.8026,15.8755,23010,0
000000057238.png,distributed_q25_9block,25,9,2.5000,jpeg_q20,01001010111000010011001110000100,00001010111000010011001010000100,0.937500,0,12.8026,16.1322,23499,0
000000057238.png,distributed_q25_9block,25,9,2.5000,resize_0.25_jpeg_q50,01001010111000010011001110000100,00001000110000000011000110000100,0.843750,0,12.8026,18.0744,21518,0
000000057238.png,distributed_q30_5block,30,5,2.5000,none,01001010111000010011001110000100,01001010111000010011001110000100,1.000000,1,12.0048,12.0048,20262,0
000000057238.png,distributed_q30_5block,30,5,2.5000,remove_center_40,01001010111000010011001110000100,01001010111000010011001100000100,0.968750,0,12.0048,13.3963,15111,0
000000057238.png,distributed_q30_5block,30,5,2.5000,black_center_40,01001010111000010011001110000100,01001010111000010011001110000100,1.000000,1,12.0048,8.4937,40532,0
000000057238.png,distributed_q30_5block,30,5,2.5000,crop_top_left_50,01001010111000010011001110000100,00000000000000000000000000000000,0.593750,0,12.0048,10.3801,12956,0
000000057238.png,distributed_q30_5block,30,5,2.5000,crop_bottom_right_50,01001010111000010011001110000100,00100001010010000011010100000001,0.562500,0,12.0048,9.9549,1138,0
000000057238.png,distributed_q30_5block,30,5,2.5000,crop_center_50,01001010111000010011001110000100,00000000000000000000000000000000,0.593750,0,12.0048,11.4915,13851,0
000000057238.png,distributed_q30_5block,30,5,2.5000,jpeg_q30,01001010111000010011001110000100,01001010111000010011001110000100,1.000000,1,12.0048,15.1065,21154,0
000000057238.png,distributed_q30_5block,30,5,2.5000,jpeg_q20,01001010111000010011001110000100,01001010111000010011001110000100,1.000000,1,12.0048,15.2626,21097,0
000000057238.png,distributed_q30_5block,30,5,2.5000,resize_0.25_jpeg_q50,01001010111000010011001110000100,01101000110000000011000110000100,0.843750,0,12.0048,17.5097,21125,0
000000057238.png,distributed_q30_9block,30,9,2.5000,none,01001010111000010011001110000100,01001010111000010011001110000100,1.000000,1,12.0149,12.0149,21480,0
000000057238.png,distributed_q30_9block,30,9,2.5000,remove_center_40,01001010111000010011001110000100,01001010111000010011001110000100,1.000000,1,12.0149,12.5960,18471,0
000000057238.png,distributed_q30_9block,30,9,2.5000,black_center_40,01001010111000010011001110000100,01001010111000010011001110000100,1.000000,1,12.0149,8.2183,43945,0
000000057238.png,distributed_q30_9block,30,9,2.5000,crop_top_left_50,01001010111000010011001110000100,00000000000000000000000000000000,0.593750,0,12.0149,10.2968,17389,0
000000057238.png,distributed_q30_9block,30,9,2.5000,crop_bottom_right_50,01001010111000010011001110000100,00110101000000100011010000000010,0.437500,0,12.0149,9.7509,403,0
000000057238.png,distributed_q30_9block,30,9,2.5000,crop_center_50,01001010111000010011001110000100,00000000000000000000000000000000,0.593750,0,12.0149,12.8823,3098,0
000000057238.png,distributed_q30_9block,30,9,2.5000,jpeg_q30,01001010111000010011001110000100,01001010111000010011001110000100,1.000000,1,12.0149,15.1153,24629,0
000000057238.png,distributed_q30_9block,30,9,2.5000,jpeg_q20,01001010111000010011001110000100,01001010111000010011001110000100,1.000000,1,12.0149,15.3353,25103,0
000000057238.png,distributed_q30_9block,30,9,2.5000,resize_0.25_jpeg_q50,01001010111000010011001110000100,01101000110000010011000110000100,0.875000,0,12.0149,17.4040,24386,0
000000057238.png,distributed_q50_5block,50,5,2.5000,none,01001010111000010011001110000100,01001010111000010011001110000100,1.000000,1,9.8346,9.8346,33940,0
000000057238.png,distributed_q50_5block,50,5,2.5000,remove_center_40,01001010111000010011001110000100,01001010111000010011001110000100,1.000000,1,9.8346,11.7746,21956,0
000000057238.png,distributed_q50_5block,50,5,2.5000,black_center_40,01001010111000010011001110000100,01001010111000010011001110000100,1.000000,1,9.8346,7.9003,30647,0
000000057238.png,distributed_q50_5block,50,5,2.5000,crop_top_left_50,01001010111000010011001110000100,00000100000000000000000010000000,0.593750,0,9.8346,9.3983,16079,0
000000057238.png,distributed_q50_5block,50,5,2.5000,crop_bottom_right_50,01001010111000010011001110000100,00000000000000000000000000000000,0.000000,0,9.8346,8.7667,0,1
000000057238.png,distributed_q50_5block,50,5,2.5000,crop_center_50,01001010111000010011001110000100,00000000000000000000000000000000,0.000000,0,9.8346,9.5052,0,1
000000057238.png,distributed_q50_5block,50,5,2.5000,jpeg_q30,01001010111000010011001110000100,01001010111000010011001110000100,1.000000,1,9.8346,12.9665,35258,0
000000057238.png,distributed_q50_5block,50,5,2.5000,jpeg_q20,01001010111000010011001110000100,01001010111000010011001110000100,1.000000,1,9.8346,13.2032,35430,0
000000057238.png,distributed_q50_5block,50,5,2.5000,resize_0.25_jpeg_q50,01001010111000010011001110000100,01101000110000010011001110000100,0.906250,0,9.8346,15.4234,35913,0
000000057238.png,distributed_q50_9block,50,9,2.5000,none,01001010111000010011001110000100,01001010111000010011001110000100,1.000000,1,9.8443,9.8443,34622,0
000000057238.png,distributed_q50_9block,50,9,2.5000,remove_center_40,01001010111000010011001110000100,01001010111000010011001110000100,1.000000,1,9.8443,11.0624,25901,0
000000057238.png,distributed_q50_9block,50,9,2.5000,black_center_40,01001010111000010011001110000100,01001010111000010011001110000100,1.000000,1,9.8443,7.5942,51928,0
000000057238.png,distributed_q50_9block,50,9,2.5000,crop_top_left_50,01001010111000010011001110000100,00000000000000000000000000000000,0.593750,0,9.8443,9.2722,12409,0
000000057238.png,distributed_q50_9block,50,9,2.5000,crop_bottom_right_50,01001010111000010011001110000100,00000000000000000000000000000000,0.000000,0,9.8443,8.5478,0,1
000000057238.png,distributed_q50_9block,50,9,2.5000,crop_center_50,01001010111000010011001110000100,00000000000000000000000000000000,0.593750,0,9.8443,11.6505,8208,0
000000057238.png,distributed_q50_9block,50,9,2.5000,jpeg_q30,01001010111000010011001110000100,01001010111000010011001110000100,1.000000,1,9.8443,12.9463,36491,0
000000057238.png,distributed_q50_9block,50,9,2.5000,jpeg_q20,01001010111000010011001110000100,01001010111000010011001110000100,1.000000,1,9.8443,13.1274,37330,0
000000057238.png,distributed_q50_9block,50,9,2.5000,resize_0.25_jpeg_q50,01001010111000010011001110000100,01101000110000010011000110000100,0.875000,0,9.8443,15.4537,37038,0
