image,scheme,region_strategy,area_percent,block_count,scaling_w,attack,message,predicted,bit_accuracy,message_success,psnr_watermarked,psnr_attacked,mask_pixels,used_fallback
000000463174.png,single_center50_s2.5,single_center,50,1,2.5000,none,01101000110001000100010011110110,11101000010001000000110011110110,0.875000,0,10.4275,10.4275,35293,0
000000463174.png,single_center50_s2.5,single_center,50,1,2.5000,jpeg_q50,01101000110001000100010011110110,01101000110001000100010011110110,1.000000,1,10.4275,12.6284,35425,0
000000463174.png,single_center50_s2.5,single_center,50,1,2.5000,jpeg_q30,01101000110001000100010011110110,01101000110001000100010011110110,1.000000,1,10.4275,12.7214,35350,0
000000463174.png,single_center50_s2.5,single_center,50,1,2.5000,gaussian_blur_1.2,01101000110001000100010011110110,01101000110001000100010011110110,1.000000,1,10.4275,13.2456,34666,0
000000463174.png,single_center50_s2.5,single_center,50,1,2.5000,median_filter_3,01101000110001000100010011110110,11101000110001000100010011110110,0.968750,0,10.4275,10.6271,34999,0
000000463174.png,single_center50_s2.5,single_center,50,1,2.5000,brightness_1.5,01101000110001000100010011110110,01101000110001000100010011110110,1.000000,1,10.4275,8.9210,35219,0
000000463174.png,single_center50_s2.5,single_center,50,1,2.5000,contrast_1.5,01101000110001000100010011110110,11101000010001000100010011110110,0.937500,0,10.4275,9.0074,35101,0
000000463174.png,single_center50_s2.5,single_center,50,1,2.5000,saturation_1.5,01101000110001000100010011110110,11101000010001000100010011110110,0.937500,0,10.4275,8.5970,35141,0
000000463174.png,single_center50_s2.5,single_center,50,1,2.5000,sharpness_2.0,01101000110001000100010011110110,11101000110001000100010011110110,0.968750,0,10.4275,9.4407,34981,0
000000463174.png,single_center50_s2.5,single_center,50,1,2.5000,bright_contrast_jpeg80,01101000110001000100010011110110,01101000110001000100010011110110,1.000000,1,10.4275,10.8522,34988,0
000000463174.png,single_center50_s2.5,single_center,50,1,2.5000,resize_0.5_jpeg50,01101000110001000100010011110110,01101000110001000100010011110110,1.000000,1,10.4275,13.0802,35119,0
000000463174.png,single_center50_s2.5,single_center,50,1,2.5000,webp_q80,01101000110001000100010011110110,01101000110001000100010011110110,1.000000,1,10.4275,12.7160,34844,0
000000463174.png,single_center50_s2.5,single_center,50,1,2.5000,webp_q50,01101000110001000100010011110110,01101000110001000100010011110110,1.000000,1,10.4275,12.7116,35088,0
000000463174.png,single_center50_s2.5,single_center,50,1,2.5000,saturation_sharpness_webp80,01101000110001000100010011110110,01101000110001000100010011110110,1.000000,1,10.4275,10.9806,34998,0
000000463174.png,single_center50_s3.0,single_center,50,1,3.0000,none,01101000110001000100010011110110,11101000010001000000110011110110,0.875000,0,9.1701,9.1701,35553,0
000000463174.png,single_center50_s3.0,single_center,50,1,3.0000,jpeg_q50,01101000110001000100010011110110,01101000110001000100010011110110,1.000000,1,9.1701,11.2670,35531,0
000000463174.png,single_center50_s3.0,single_center,50,1,3.0000,jpeg_q30,01101000110001000100010011110110,01101000110001000100010011110110,1.000000,1,9.1701,11.3648,35495,0
000000463174.png,single_center50_s3.0,single_center,50,1,3.0000,gaussian_blur_1.2,01101000110001000100010011110110,01101000110001000100010011110110,1.000000,1,9.1701,11.8442,34797,0
000000463174.png,single_center50_s3.0,single_center,50,1,3.0000,median_filter_3,01101000110001000100010011110110,11101000110001000100010011110110,0.968750,0,9.1701,9.3065,35123,0
000000463174.png,single_center50_s3.0,single_center,50,1,3.0000,brightness_1.5,01101000110001000100010011110110,11101000010001000100010011110110,0.937500,0,9.1701,8.3168,35251,0
000000463174.png,single_center50_s3.0,single_center,50,1,3.0000,contrast_1.5,01101000110001000100010011110110,11101000010001000100010011110110,0.937500,0,9.1701,8.0394,35128,0
000000463174.png,single_center50_s3.0,single_center,50,1,3.0000,saturation_1.5,01101000110001000100010011110110,11101000010001000100010011110110,0.937500,0,9.1701,7.8516,35169,0
000000463174.png,single_center50_s3.0,single_center,50,1,3.0000,sharpness_2.0,01101000110001000100010011110110,11101000010001000100010011110110,0.937500,0,9.1701,8.4552,35100,0
000000463174.png,single_center50_s3.0,single_center,50,1,3.0000,bright_contrast_jpeg80,01101000110001000100010011110110,01101000110001000100010011110110,1.000000,1,9.1701,10.1270,35036,0
000000463174.png,single_center50_s3.0,single_center,50,1,3.0000,resize_0.5_jpeg50,01101000110001000100010011110110,01101000110001000100010011110110,1.000000,1,9.1701,11.7282,35260,0
000000463174.png,single_center50_s3.0,single_center,50,1,3.0000,webp_q80,01101000110001000100010011110110,01101000110001000100010011110110,1.000000,1,9.1701,11.2943,35043,0
000000463174.png,single_center50_s3.0,single_center,50,1,3.0000,webp_q50,01101000110001000100010011110110,01101000110001000100010011110110,1.000000,1,9.1701,11.3105,35147,0
000000463174.png,single_center50_s3.0,single_center,50,1,3.0000,saturation_sharpness_webp80,01101000110001000100010011110110,01101000110001000100010011110110,1.000000,1,9.1701,10.0376,34949,0
000000463174.png,coverage_default_q30_s2.5,fixed_anchor_regions,30,5,2.5000,none,01101000110001000100010011110110,11101000010001000000010011110110,0.906250,0,12.7780,12.7780,20447,0
000000463174.png,coverage_default_q30_s2.5,fixed_anchor_regions,30,5,2.5000,jpeg_q50,01101000110001000100010011110110,01101000110001000100010011110110,1.000000,1,12.7780,14.8111,21948,0
000000463174.png,coverage_default_q30_s2.5,fixed_anchor_regions,30,5,2.5000,jpeg_q30,01101000110001000100010011110110,01101000110001000100010011110110,1.000000,1,12.7780,14.8735,21818,0
000000463174.png,coverage_default_q30_s2.5,fixed_anchor_regions,30,5,2.5000,gaussian_blur_1.2,01101000110001000100010011110110,01101000110001000100010011110110,1.000000,1,12.7780,15.3089,20850,0
000000463174.png,coverage_default_q30_s2.5,fixed_anchor_regions,30,5,2.5000,median_filter_3,01101000110001000100010011110110,01101000010001000100010011110110,0.968750,0,12.7780,12.9570,20178,0
000000463174.png,coverage_default_q30_s2.5,fixed_anchor_regions,30,5,2.5000,brightness_1.5,01101000110001000100010011110110,01101000010001000100010011110110,0.968750,0,12.7780,10.0258,22723,0
000000463174.png,coverage_default_q30_s2.5,fixed_anchor_regions,30,5,2.5000,contrast_1.5,01101000110001000100010011110110,01101000010001000100010011110110,0.968750,0,12.7780,10.8536,22562,0
000000463174.png,coverage_default_q30_s2.5,fixed_anchor_regions,30,5,2.5000,saturation_1.5,01101000110001000100010011110110,01101000010001000100010011110110,0.968750,0,12.7780,10.7528,20385,0
000000463174.png,coverage_default_q30_s2.5,fixed_anchor_regions,30,5,2.5000,sharpness_2.0,01101000110001000100010011110110,01101000010001000100010011110110,0.968750,0,12.7780,11.7293,20268,0
000000463174.png,coverage_default_q30_s2.5,fixed_anchor_regions,30,5,2.5000,bright_contrast_jpeg80,01101000110001000100010011110110,01101000010001000100010011110110,0.968750,0,12.7780,11.9101,22969,0
000000463174.png,coverage_default_q30_s2.5,fixed_anchor_regions,30,5,2.5000,resize_0.5_jpeg50,01101000110001000100010011110110,01101000110001000100010011110110,1.000000,1,12.7780,15.1963,21967,0
000000463174.png,coverage_default_q30_s2.5,fixed_anchor_regions,30,5,2.5000,webp_q80,01101000110001000100010011110110,01101000110001000100010011110110,1.000000,1,12.7780,14.9280,21139,0
000000463174.png,coverage_default_q30_s2.5,fixed_anchor_regions,30,5,2.5000,webp_q50,01101000110001000100010011110110,01101000110001000100010011110110,1.000000,1,12.7780,14.9198,21244,0
000000463174.png,coverage_default_q30_s2.5,fixed_anchor_regions,30,5,2.5000,saturation_sharpness_webp80,01101000110001000100010011110110,01101000010001000100010011110110,0.968750,0,12.7780,13.0862,20850,0
000000463174.png,coverage_robust_q50_s2.5,fixed_anchor_regions,50,5,2.5000,none,01101000110001000100010011110110,11101000110001000000010011110110,0.937500,0,10.5491,10.5491,34727,0
000000463174.png,coverage_robust_q50_s2.5,fixed_anchor_regions,50,5,2.5000,jpeg_q50,01101000110001000100010011110110,01101000110001000100010011110110,1.000000,1,10.5491,12.6665,36380,0
000000463174.png,coverage_robust_q50_s2.5,fixed_anchor_regions,50,5,2.5000,jpeg_q30,01101000110001000100010011110110,01101000110001000100010011110110,1.000000,1,10.5491,12.7579,38641,0
000000463174.png,coverage_robust_q50_s2.5,fixed_anchor_regions,50,5,2.5000,gaussian_blur_1.2,01101000110001000100010011110110,01101000110001000100010011110110,1.000000,1,10.5491,13.2223,34351,0
000000463174.png,coverage_robust_q50_s2.5,fixed_anchor_regions,50,5,2.5000,median_filter_3,01101000110001000100010011110110,01101000110001000100010011110110,1.000000,1,10.5491,10.7413,34329,0
000000463174.png,coverage_robust_q50_s2.5,fixed_anchor_regions,50,5,2.5000,brightness_1.5,01101000110001000100010011110110,01101000110001000100010011110110,1.000000,1,10.5491,8.3332,34671,0
000000463174.png,coverage_robust_q50_s2.5,fixed_anchor_regions,50,5,2.5000,contrast_1.5,01101000110001000100010011110110,01101000110001000100010011110110,1.000000,1,10.5491,8.9249,34648,0
000000463174.png,coverage_robust_q50_s2.5,fixed_anchor_regions,50,5,2.5000,saturation_1.5,01101000110001000100010011110110,11101000110001000100010011110110,0.968750,0,10.5491,8.6226,34489,0
000000463174.png,coverage_robust_q50_s2.5,fixed_anchor_regions,50,5,2.5000,sharpness_2.0,01101000110001000100010011110110,01101000110001000100010011110110,1.000000,1,10.5491,9.5496,34338,0
000000463174.png,coverage_robust_q50_s2.5,fixed_anchor_regions,50,5,2.5000,bright_contrast_jpeg80,01101000110001000100010011110110,01101000110001000100010011110110,1.000000,1,10.5491,10.2090,34805,0
000000463174.png,coverage_robust_q50_s2.5,fixed_anchor_regions,50,5,2.5000,resize_0.5_jpeg50,01101000110001000100010011110110,01101000110001000100010011110110,1.000000,1,10.5491,13.1018,36893,0
000000463174.png,coverage_robust_q50_s2.5,fixed_anchor_regions,50,5,2.5000,webp_q80,01101000110001000100010011110110,01101000110001000100010011110110,1.000000,1,10.5491,12.7233,34677,0
000000463174.png,coverage_robust_q50_s2.5,fixed_anchor_regions,50,5,2.5000,webp_q50,01101000110001000100010011110110,01101000110001000100010011110110,1.000000,1,10.5491,12.7388,34621,0
000000463174.png,coverage_robust_q50_s2.5,fixed_anchor_regions,50,5,2.5000,saturation_sharpness_webp80,01101000110001000100010011110110,01101000110001000100010011110110,1.000000,1,10.5491,10.9499,34579,0
000000463174.png,coverage_strong_q30_s3.0,fixed_anchor_regions,30,5,3.0000,none,01101000110001000100010011110110,11101000010001000000010011110110,0.906250,0,11.4387,11.4387,20797,0
000000463174.png,coverage_strong_q30_s3.0,fixed_anchor_regions,30,5,3.0000,jpeg_q50,01101000110001000100010011110110,01101000110001000100010011110110,1.000000,1,11.4387,13.3598,22158,0
000000463174.png,coverage_strong_q30_s3.0,fixed_anchor_regions,30,5,3.0000,jpeg_q30,01101000110001000100010011110110,01101000110001000100010011110110,1.000000,1,11.4387,13.4426,21956,0
000000463174.png,coverage_strong_q30_s3.0,fixed_anchor_regions,30,5,3.0000,gaussian_blur_1.2,01101000110001000100010011110110,01101000110001000100010011110110,1.000000,1,11.4387,13.8637,20948,0
000000463174.png,coverage_strong_q30_s3.0,fixed_anchor_regions,30,5,3.0000,median_filter_3,01101000110001000100010011110110,01101000010001000100010011110110,0.968750,0,11.4387,11.5729,20242,0
000000463174.png,coverage_strong_q30_s3.0,fixed_anchor_regions,30,5,3.0000,brightness_1.5,01101000110001000100010011110110,01101000010001000100010011110110,0.968750,0,11.4387,9.5923,22764,0
000000463174.png,coverage_strong_q30_s3.0,fixed_anchor_regions,30,5,3.0000,contrast_1.5,01101000110001000100010011110110,01101000010001000100010011110110,0.968750,0,11.4387,9.8821,22649,0
000000463174.png,coverage_strong_q30_s3.0,fixed_anchor_regions,30,5,3.0000,saturation_1.5,01101000110001000100010011110110,11101000010001000100010011110110,0.937500,0,11.4387,9.9677,20421,0
000000463174.png,coverage_strong_q30_s3.0,fixed_anchor_regions,30,5,3.0000,sharpness_2.0,01101000110001000100010011110110,01101000010001000100010011110110,0.968750,0,11.4387,10.6615,20289,0
000000463174.png,coverage_strong_q30_s3.0,fixed_anchor_regions,30,5,3.0000,bright_contrast_jpeg80,01101000110001000100010011110110,01101000010001000100010011110110,0.968750,0,11.4387,11.3932,22815,0
000000463174.png,coverage_strong_q30_s3.0,fixed_anchor_regions,30,5,3.0000,resize_0.5_jpeg50,01101000110001000100010011110110,01101000110001000100010011110110,1.000000,1,11.4387,13.7644,22313,0
000000463174.png,coverage_strong_q30_s3.0,fixed_anchor_regions,30,5,3.0000,webp_q80,01101000110001000100010011110110,01101000110001000100010011110110,1.000000,1,11.4387,13.4382,21228,0
000000463174.png,coverage_strong_q30_s3.0,fixed_anchor_regions,30,5,3.0000,webp_q50,01101000110001000100010011110110,01101000110001000100010011110110,1.000000,1,11.4387,13.4254,22079,0
000000463174.png,coverage_strong_q30_s3.0,fixed_anchor_regions,30,5,3.0000,saturation_sharpness_webp80,01101000110001000100010011110110,01101000010001000100010011110110,0.968750,0,11.4387,12.0661,21107,0
000000463174.png,coverage_robust_strong_q50_s3.0,fixed_anchor_regions,50,5,3.0000,none,01101000110001000100010011110110,11101000010001000000110011110110,0.875000,0,9.2453,9.2453,35010,0
000000463174.png,coverage_robust_strong_q50_s3.0,fixed_anchor_regions,50,5,3.0000,jpeg_q50,01101000110001000100010011110110,01101000110001000100010011110110,1.000000,1,9.2453,11.2485,36422,0
000000463174.png,coverage_robust_strong_q50_s3.0,fixed_anchor_regions,50,5,3.0000,jpeg_q30,01101000110001000100010011110110,01101000110001000100010011110110,1.000000,1,9.2453,11.3292,38587,0
000000463174.png,coverage_robust_strong_q50_s3.0,fixed_anchor_regions,50,5,3.0000,gaussian_blur_1.2,01101000110001000100010011110110,01101000110001000100010011110110,1.000000,1,9.2453,11.7811,34443,0
000000463174.png,coverage_robust_strong_q50_s3.0,fixed_anchor_regions,50,5,3.0000,median_filter_3,01101000110001000100010011110110,11101000110001000100010011110110,0.968750,0,9.2453,9.3827,34383,0
000000463174.png,coverage_robust_strong_q50_s3.0,fixed_anchor_regions,50,5,3.0000,brightness_1.5,01101000110001000100010011110110,01101000110001000100010011110110,1.000000,1,9.2453,7.8408,34690,0
000000463174.png,coverage_robust_strong_q50_s3.0,fixed_anchor_regions,50,5,3.0000,contrast_1.5,01101000110001000100010011110110,11101000110001000100010011111110,0.937500,0,9.2453,7.9130,34665,0
000000463174.png,coverage_robust_strong_q50_s3.0,fixed_anchor_regions,50,5,3.0000,saturation_1.5,01101000110001000100010011110110,11101000110001000100010011111110,0.937500,0,9.2453,7.8479,34535,0
000000463174.png,coverage_robust_strong_q50_s3.0,fixed_anchor_regions,50,5,3.0000,sharpness_2.0,01101000110001000100010011110110,11101000110001000100010011111110,0.937500,0,9.2453,8.5044,34340,0
000000463174.png,coverage_robust_strong_q50_s3.0,fixed_anchor_regions,50,5,3.0000,bright_contrast_jpeg80,01101000110001000100010011110110,01101000110001000100010011110110,1.000000,1,9.2453,9.6147,34929,0
000000463174.png,coverage_robust_strong_q50_s3.0,fixed_anchor_regions,50,5,3.0000,resize_0.5_jpeg50,01101000110001000100010011110110,01101000110001000100010011110110,1.000000,1,9.2453,11.6861,36847,0
000000463174.png,coverage_robust_strong_q50_s3.0,fixed_anchor_regions,50,5,3.0000,webp_q80,01101000110001000100010011110110,01101000110001000100010011110110,1.000000,1,9.2453,11.2685,34787,0
000000463174.png,coverage_robust_strong_q50_s3.0,fixed_anchor_regions,50,5,3.0000,webp_q50,01101000110001000100010011110110,01101000110001000100010011110110,1.000000,1,9.2453,11.2772,34789,0
000000463174.png,coverage_robust_strong_q50_s3.0,fixed_anchor_regions,50,5,3.0000,saturation_sharpness_webp80,01101000110001000100010011110110,01101000110001000100010011110110,1.000000,1,9.2453,9.9505,34595,0
000000463199.png,single_center50_s2.5,single_center,50,1,2.5000,none,01101000110001000100010011110110,11101000010001000100010011110110,0.937500,0,9.9645,9.9645,35381,0
000000463199.png,single_center50_s2.5,single_center,50,1,2.5000,jpeg_q50,01101000110001000100010011110110,01101000110001000100010011110110,1.000000,1,9.9645,12.5489,35873,0
000000463199.png,single_center50_s2.5,single_center,50,1,2.5000,jpeg_q30,01101000110001000100010011110110,01101000110001000100010011110110,1.000000,1,9.9645,12.7152,36042,0
000000463199.png,single_center50_s2.5,single_center,50,1,2.5000,gaussian_blur_1.2,01101000110001000100010011110110,01101000110001000100010011110110,1.000000,1,9.9645,13.1969,35145,0
000000463199.png,single_center50_s2.5,single_center,50,1,2.5000,median_filter_3,01101000110001000100010011110110,11101000110001000100010011110110,0.968750,0,9.9645,10.1433,35169,0
000000463199.png,single_center50_s2.5,single_center,50,1,2.5000,brightness_1.5,01101000110001000100010011110110,11101000110001000100010011110110,0.968750,0,9.9645,8.2989,35326,0
000000463199.png,single_center50_s2.5,single_center,50,1,2.5000,contrast_1.5,01101000110001000100010011110110,11101000110001000100010011110110,0.968750,0,9.9645,8.8352,35302,0
000000463199.png,single_center50_s2.5,single_center,50,1,2.5000,saturation_1.5,01101000110001000100010011110110,11101000010001000100010011110110,0.937500,0,9.9645,8.6313,35331,0
000000463199.png,single_center50_s2.5,single_center,50,1,2.5000,sharpness_2.0,01101000110001000100010011110110,11101000110001000100010011110110,0.968750,0,9.9645,9.2743,35220,0
000000463199.png,single_center50_s2.5,single_center,50,1,2.5000,bright_contrast_jpeg80,01101000110001000100010011110110,01101000110001000100010011110110,1.000000,1,9.9645,10.5442,35434,0
000000463199.png,single_center50_s2.5,single_center,50,1,2.5000,resize_0.5_jpeg50,01101000110001000100010011110110,01101000110001000100010011110110,1.000000,1,9.9645,13.1519,35785,0
000000463199.png,single_center50_s2.5,single_center,50,1,2.5000,webp_q80,01101000110001000100010011110110,01101000110001000100010011110110,1.000000,1,9.9645,12.5807,35286,0
000000463199.png,single_center50_s2.5,single_center,50,1,2.5000,webp_q50,01101000110001000100010011110110,01101000110001000100010011110110,1.000000,1,9.9645,12.5711,35374,0
000000463199.png,single_center50_s2.5,single_center,50,1,2.5000,saturation_sharpness_webp80,01101000110001000100010011110110,01101000110001000100010011110110,1.000000,1,9.9645,11.2717,35321,0
000000463199.png,single_center50_s3.0,single_center,50,1,3.0000,none,01101000110001000100010011110110,11101000010001000000110011110110,0.875000,0,9.0432,9.0432,35521,0
000000463199.png,single_center50_s3.0,single_center,50,1,3.0000,jpeg_q50,01101000110001000100010011110110,01101000110001000100010011110110,1.000000,1,9.0432,11.5334,35741,0
000000463199.png,single_center50_s3.0,single_center,50,1,3.0000,jpeg_q30,01101000110001000100010011110110,01101000110001000100010011110110,1.000000,1,9.0432,11.6795,36091,0
000000463199.png,single_center50_s3.0,single_center,50,1,3.0000,gaussian_blur_1.2,01101000110001000100010011110110,01101000110001000100010011110110,1.000000,1,9.0432,12.1228,35177,0
000000463199.png,single_center50_s3.0,single_center,50,1,3.0000,median_filter_3,01101000110001000100010011110110,11101000110001000100010011110110,0.968750,0,9.0432,9.1528,35194,0
000000463199.png,single_center50_s3.0,single_center,50,1,3.0000,brightness_1.5,01101000110001000100010011110110,11101000010001000100010011110110,0.937500,0,9.0432,8.0116,35354,0
000000463199.png,single_center50_s3.0,single_center,50,1,3.0000,contrast_1.5,01101000110001000100010011110110,11101000010001000100010011110110,0.937500,0,9.0432,8.2446,35313,0
000000463199.png,single_center50_s3.0,single_center,50,1,3.0000,saturation_1.5,01101000110001000100010011110110,11101000010001000100010011110110,0.937500,0,9.0432,8.2467,35349,0
000000463199.png,single_center50_s3.0,single_center,50,1,3.0000,sharpness_2.0,01101000110001000100010011110110,11101000010001000100010011110110,0.937500,0,9.0432,8.6036,35245,0
000000463199.png,single_center50_s3.0,single_center,50,1,3.0000,bright_contrast_jpeg80,01101000110001000100010011110110,01101000110001000100010011110110,1.000000,1,9.0432,10.2281,35389,0
000000463199.png,single_center50_s3.0,single_center,50,1,3.0000,resize_0.5_jpeg50,01101000110001000100010011110110,01101000110001000100010011110110,1.000000,1,9.0432,12.1388,35850,0
000000463199.png,single_center50_s3.0,single_center,50,1,3.0000,webp_q80,01101000110001000100010011110110,01101000110001000100010011110110,1.000000,1,9.0432,11.4950,35334,0
000000463199.png,single_center50_s3.0,single_center,50,1,3.0000,webp_q50,01101000110001000100010011110110,01101000110001000100010011110110,1.000000,1,9.0432,11.5061,35482,0
000000463199.png,single_center50_s3.0,single_center,50,1,3.0000,saturation_sharpness_webp80,01101000110001000100010011110110,01101000110001000100010011110110,1.000000,1,9.0432,10.6704,35340,0
000000463199.png,coverage_default_q30_s2.5,fixed_anchor_regions,30,5,2.5000,none,01101000110001000100010011110110,11101000010001000000010011110110,0.906250,0,12.1831,12.1831,20526,0
000000463199.png,coverage_default_q30_s2.5,fixed_anchor_regions,30,5,2.5000,jpeg_q50,01101000110001000100010011110110,01101000110001000100010011110110,1.000000,1,12.1831,14.6814,21165,0
000000463199.png,coverage_default_q30_s2.5,fixed_anchor_regions,30,5,2.5000,jpeg_q30,01101000110001000100010011110110,01101000110001000100010011110110,1.000000,1,12.1831,14.8180,21114,0
000000463199.png,coverage_default_q30_s2.5,fixed_anchor_regions,30,5,2.5000,gaussian_blur_1.2,01101000110001000100010011110110,01101000110001000100010011110110,1.000000,1,12.1831,15.2376,21348,0
000000463199.png,coverage_default_q30_s2.5,fixed_anchor_regions,30,5,2.5000,median_filter_3,01101000110001000100010011110110,01101000010001000100010011110110,0.968750,0,12.1831,12.3127,20260,0
000000463199.png,coverage_default_q30_s2.5,fixed_anchor_regions,30,5,2.5000,brightness_1.5,01101000110001000100010011110110,11101000010001000100010011110110,0.937500,0,12.1831,10.1488,20310,0
000000463199.png,coverage_default_q30_s2.5,fixed_anchor_regions,30,5,2.5000,contrast_1.5,01101000110001000100010011110110,11101000010001000000010011110110,0.906250,0,12.1831,10.8983,20409,0
000000463199.png,coverage_default_q30_s2.5,fixed_anchor_regions,30,5,2.5000,saturation_1.5,01101000110001000100010011110110,11101000010001000000010011110110,0.906250,0,12.1831,10.8760,20499,0
000000463199.png,coverage_default_q30_s2.5,fixed_anchor_regions,30,5,2.5000,sharpness_2.0,01101000110001000100010011110110,01101000010001000100010011110110,0.968750,0,12.1831,11.5016,20244,0
000000463199.png,coverage_default_q30_s2.5,fixed_anchor_regions,30,5,2.5000,bright_contrast_jpeg80,01101000110001000100010011110110,01101000110001000100010011110110,1.000000,1,12.1831,12.3656,21138,0
000000463199.png,coverage_default_q30_s2.5,fixed_anchor_regions,30,5,2.5000,resize_0.5_jpeg50,01101000110001000100010011110110,01101000110001000100010011110110,1.000000,1,12.1831,15.2350,21229,0
000000463199.png,coverage_default_q30_s2.5,fixed_anchor_regions,30,5,2.5000,webp_q80,01101000110001000100010011110110,01101000110001000100010011110110,1.000000,1,12.1831,14.6962,21647,0
000000463199.png,coverage_default_q30_s2.5,fixed_anchor_regions,30,5,2.5000,webp_q50,01101000110001000100010011110110,01101000110001000100010011110110,1.000000,1,12.1831,14.7172,21293,0
000000463199.png,coverage_default_q30_s2.5,fixed_anchor_regions,30,5,2.5000,saturation_sharpness_webp80,01101000110001000100010011110110,01101000110001000100010011110110,1.000000,1,12.1831,13.4265,21362,0
000000463199.png,coverage_robust_q50_s2.5,fixed_anchor_regions,50,5,2.5000,none,01101000110001000100010011110110,11101000110001000100010011110110,0.968750,0,9.9699,9.9699,34774,0
000000463199.png,coverage_robust_q50_s2.5,fixed_anchor_regions,50,5,2.5000,jpeg_q50,01101000110001000100010011110110,01101000110001000100010011110110,1.000000,1,9.9699,12.5294,35841,0
000000463199.png,coverage_robust_q50_s2.5,fixed_anchor_regions,50,5,2.5000,jpeg_q30,01101000110001000100010011110110,01101000110001000100010011110110,1.000000,1,9.9699,12.6965,36543,0
000000463199.png,coverage_robust_q50_s2.5,fixed_anchor_regions,50,5,2.5000,gaussian_blur_1.2,01101000110001000100010011110110,01101000110001000100010011110110,1.000000,1,9.9699,13.1440,34349,0
000000463199.png,coverage_robust_q50_s2.5,fixed_anchor_regions,50,5,2.5000,median_filter_3,01101000110001000100010011110110,11101000110001000100010011110110,0.968750,0,9.9699,10.1202,34271,0
000000463199.png,coverage_robust_q50_s2.5,fixed_anchor_regions,50,5,2.5000,brightness_1.5,01101000110001000100010011110110,11101000110001000100010011110110,0.968750,0,9.9699,8.6379,34659,0
000000463199.png,coverage_robust_q50_s2.5,fixed_anchor_regions,50,5,2.5000,contrast_1.5,01101000110001000100010011110110,11101000110001000100010011110110,0.968750,0,9.9699,8.8635,34550,0
000000463199.png,coverage_robust_q50_s2.5,fixed_anchor_regions,50,5,2.5000,saturation_1.5,01101000110001000100010011110110,11101000110001000100010011110110,0.968750,0,9.9699,8.6981,34678,0
000000463199.png,coverage_robust_q50_s2.5,fixed_anchor_regions,50,5,2.5000,sharpness_2.0,01101000110001000100010011110110,11101000110001000100010011110110,0.968750,0,9.9699,9.3081,34366,0
000000463199.png,coverage_robust_q50_s2.5,fixed_anchor_regions,50,5,2.5000,bright_contrast_jpeg80,01101000110001000100010011110110,01101000110001000100010011110110,1.000000,1,9.9699,10.8200,34825,0
000000463199.png,coverage_robust_q50_s2.5,fixed_anchor_regions,50,5,2.5000,resize_0.5_jpeg50,01101000110001000100010011110110,01101000111001000100010011110110,0.968750,0,9.9699,13.1599,36100,0
000000463199.png,coverage_robust_q50_s2.5,fixed_anchor_regions,50,5,2.5000,webp_q80,01101000110001000100010011110110,01101000110001000100010011110110,1.000000,1,9.9699,12.5167,34596,0
000000463199.png,coverage_robust_q50_s2.5,fixed_anchor_regions,50,5,2.5000,webp_q50,01101000110001000100010011110110,01101000110001000100010011110110,1.000000,1,9.9699,12.5057,34766,0
000000463199.png,coverage_robust_q50_s2.5,fixed_anchor_regions,50,5,2.5000,saturation_sharpness_webp80,01101000110001000100010011110110,01101000110001000100010011110110,1.000000,1,9.9699,11.2562,34624,0
000000463199.png,coverage_strong_q30_s3.0,fixed_anchor_regions,30,5,3.0000,none,01101000110001000100010011110110,11101000010001000000010011110110,0.906250,0,11.2823,11.2823,20748,0
000000463199.png,coverage_strong_q30_s3.0,fixed_anchor_regions,30,5,3.0000,jpeg_q50,01101000110001000100010011110110,01101000110001000100010011110110,1.000000,1,11.2823,13.6822,21226,0
000000463199.png,coverage_strong_q30_s3.0,fixed_anchor_regions,30,5,3.0000,jpeg_q30,01101000110001000100010011110110,01101000110001000100010011110110,1.000000,1,11.2823,13.8298,21224,0
000000463199.png,coverage_strong_q30_s3.0,fixed_anchor_regions,30,5,3.0000,gaussian_blur_1.2,01101000110001000100010011110110,01101000110001000100010011110110,1.000000,1,11.2823,14.2046,21389,0
000000463199.png,coverage_strong_q30_s3.0,fixed_anchor_regions,30,5,3.0000,median_filter_3,01101000110001000100010011110110,01101000010001000000010011110110,0.937500,0,11.2823,11.3651,20351,0
000000463199.png,coverage_strong_q30_s3.0,fixed_anchor_regions,30,5,3.0000,brightness_1.5,01101000110001000100010011110110,11101000010001000000010011110110,0.906250,0,11.2823,9.8177,20366,0
000000463199.png,coverage_strong_q30_s3.0,fixed_anchor_regions,30,5,3.0000,contrast_1.5,01101000110001000100010011110110,11101000010001000000010011110110,0.906250,0,11.2823,10.3721,20473,0
000000463199.png,coverage_strong_q30_s3.0,fixed_anchor_regions,30,5,3.0000,saturation_1.5,01101000110001000100010011110110,11101000010001000000010011110110,0.906250,0,11.2823,10.5080,20555,0
000000463199.png,coverage_strong_q30_s3.0,fixed_anchor_regions,30,5,3.0000,sharpness_2.0,01101000110001000100010011110110,11101000010001000000010011110110,0.906250,0,11.2823,10.8508,20306,0
000000463199.png,coverage_strong_q30_s3.0,fixed_anchor_regions,30,5,3.0000,bright_contrast_jpeg80,01101000110001000100010011110110,01101000110001000100010011110110,1.000000,1,11.2823,12.0071,21156,0
000000463199.png,coverage_strong_q30_s3.0,fixed_anchor_regions,30,5,3.0000,resize_0.5_jpeg50,01101000110001000100010011110110,01101000110001000100010011110110,1.000000,1,11.2823,14.2832,21246,0
000000463199.png,coverage_strong_q30_s3.0,fixed_anchor_regions,30,5,3.0000,webp_q80,01101000110001000100010011110110,01101000110001000100010011110110,1.000000,1,11.2823,13.6437,21708,0
000000463199.png,coverage_strong_q30_s3.0,fixed_anchor_regions,30,5,3.0000,webp_q50,01101000110001000100010011110110,01101000110001000100010011110110,1.000000,1,11.2823,13.6750,21410,0
000000463199.png,coverage_strong_q30_s3.0,fixed_anchor_regions,30,5,3.0000,saturation_sharpness_webp80,01101000110001000100010011110110,01101000110001000100010011110110,1.000000,1,11.2823,12.8740,21421,0
000000463199.png,coverage_robust_strong_q50_s3.0,fixed_anchor_regions,50,5,3.0000,none,01101000110001000100010011110110,11101000010001000000110011110110,0.875000,0,9.0767,9.0767,35106,0
000000463199.png,coverage_robust_strong_q50_s3.0,fixed_anchor_regions,50,5,3.0000,jpeg_q50,01101000110001000100010011110110,01101000110001000100010011110110,1.000000,1,9.0767,11.5395,35793,0
000000463199.png,coverage_robust_strong_q50_s3.0,fixed_anchor_regions,50,5,3.0000,jpeg_q30,01101000110001000100010011110110,01101000111001000100010011110110,0.968750,0,9.0767,11.7100,36642,0
000000463199.png,coverage_robust_strong_q50_s3.0,fixed_anchor_regions,50,5,3.0000,gaussian_blur_1.2,01101000110001000100010011110110,01101000110001000100010011110110,1.000000,1,9.0767,12.0993,34418,0
000000463199.png,coverage_robust_strong_q50_s3.0,fixed_anchor_regions,50,5,3.0000,median_filter_3,01101000110001000100010011110110,11101000110001000100010011110110,0.968750,0,9.0767,9.1730,34329,0
000000463199.png,coverage_robust_strong_q50_s3.0,fixed_anchor_regions,50,5,3.0000,brightness_1.5,01101000110001000100010011110110,11101000110001000100010011110110,0.968750,0,9.0767,8.2686,34699,0
000000463199.png,coverage_robust_strong_q50_s3.0,fixed_anchor_regions,50,5,3.0000,contrast_1.5,01101000110001000100010011110110,11101000110001000100010011110110,0.968750,0,9.0767,8.3478,34618,0
000000463199.png,coverage_robust_strong_q50_s3.0,fixed_anchor_regions,50,5,3.0000,saturation_1.5,01101000110001000100010011110110,11101000110001000100010011110110,0.968750,0,9.0767,8.3518,34708,0
000000463199.png,coverage_robust_strong_q50_s3.0,fixed_anchor_regions,50,5,3.0000,sharpness_2.0,01101000110001000100010011110110,11101000110001000100010011110110,0.968750,0,9.0767,8.6708,34424,0
000000463199.png,coverage_robust_strong_q50_s3.0,fixed_anchor_regions,50,5,3.0000,bright_contrast_jpeg80,01101000110001000100010011110110,01101000110001000100010011110110,1.000000,1,9.0767,10.4342,34865,0
000000463199.png,coverage_robust_strong_q50_s3.0,fixed_anchor_regions,50,5,3.0000,resize_0.5_jpeg50,01101000110001000100010011110110,01101000111001000100010011110110,0.968750,0,9.0767,12.1998,35877,0
000000463199.png,coverage_robust_strong_q50_s3.0,fixed_anchor_regions,50,5,3.0000,webp_q80,01101000110001000100010011110110,01101000110001000100010011110110,1.000000,1,9.0767,11.4685,34572,0
000000463199.png,coverage_robust_strong_q50_s3.0,fixed_anchor_regions,50,5,3.0000,webp_q50,01101000110001000100010011110110,01101000110001000100010011110110,1.000000,1,9.0767,11.4706,34568,0
000000463199.png,coverage_robust_strong_q50_s3.0,fixed_anchor_regions,50,5,3.0000,saturation_sharpness_webp80,01101000110001000100010011110110,01101000110001000100010011110110,1.000000,1,9.0767,10.7189,34716,0
000000463283.png,single_center50_s2.5,single_center,50,1,2.5000,none,01101000110001000100010011110110,11101000010001000100110011111110,0.875000,0,9.9176,9.9176,35336,0
000000463283.png,single_center50_s2.5,single_center,50,1,2.5000,jpeg_q50,01101000110001000100010011110110,01101000110001000100010011110110,1.000000,1,9.9176,12.5110,35535,0
000000463283.png,single_center50_s2.5,single_center,50,1,2.5000,jpeg_q30,01101000110001000100010011110110,01101000110001000100010011110110,1.000000,1,9.9176,12.6300,35717,0
000000463283.png,single_center50_s2.5,single_center,50,1,2.5000,gaussian_blur_1.2,01101000110001000100010011110110,01101000110001000100010011110110,1.000000,1,9.9176,13.2890,35019,0
000000463283.png,single_center50_s2.5,single_center,50,1,2.5000,median_filter_3,01101000110001000100010011110110,01101000110001000100010011110110,1.000000,1,9.9176,10.0448,34996,0
000000463283.png,single_center50_s2.5,single_center,50,1,2.5000,brightness_1.5,01101000110001000100010011110110,01101000010001000100010011111110,0.937500,0,9.9176,8.7469,35669,0
000000463283.png,single_center50_s2.5,single_center,50,1,2.5000,contrast_1.5,01101000110001000100010011110110,01101000010001000100010011111110,0.937500,0,9.9176,8.8308,35313,0
000000463283.png,single_center50_s2.5,single_center,50,1,2.5000,saturation_1.5,01101000110001000100010011110110,11101000010001000100010011111110,0.906250,0,9.9176,8.6786,35249,0
000000463283.png,single_center50_s2.5,single_center,50,1,2.5000,sharpness_2.0,01101000110001000100010011110110,01101000110001000100010011111110,0.968750,0,9.9176,9.2060,35092,0
000000463283.png,single_center50_s2.5,single_center,50,1,2.5000,bright_contrast_jpeg80,01101000110001000100010011110110,01101000110001000100010011110110,1.000000,1,9.9176,10.6373,35621,0
000000463283.png,single_center50_s2.5,single_center,50,1,2.5000,resize_0.5_jpeg50,01101000110001000100010011110110,01101000110001000100010011110110,1.000000,1,9.9176,13.1998,35565,0
000000463283.png,single_center50_s2.5,single_center,50,1,2.5000,webp_q80,01101000110001000100010011110110,01101000110001000100010011110110,1.000000,1,9.9176,12.5194,35246,0
000000463283.png,single_center50_s2.5,single_center,50,1,2.5000,webp_q50,01101000110001000100010011110110,01101000110001000100010011110110,1.000000,1,9.9176,12.5388,35508,0
000000463283.png,single_center50_s2.5,single_center,50,1,2.5000,saturation_sharpness_webp80,01101000110001000100010011110110,01101000110001000100010011110110,1.000000,1,9.9176,11.2996,35243,0
000000463283.png,single_center50_s3.0,single_center,50,1,3.0000,none,01101000110001000100010011110110,11101000010001000000110011111110,0.843750,0,9.0171,9.0171,35535,0
000000463283.png,single_center50_s3.0,single_center,50,1,3.0000,jpeg_q50,01101000110001000100010011110110,01101000110001000100010011110110,1.000000,1,9.0171,11.5335,35646,0
000000463283.png,single_center50_s3.0,single_center,50,1,3.0000,jpeg_q30,01101000110001000100010011110110,01101000110001000100010011110110,1.000000,1,9.0171,11.6818,35753,0
000000463283.png,single_center50_s3.0,single_center,50,1,3.0000,gaussian_blur_1.2,01101000110001000100010011110110,01101000110001000100010011110110,1.000000,1,9.0171,12.2120,35100,0
000000463283.png,single_center50_s3.0,single_center,50,1,3.0000,median_filter_3,01101000110001000100010011110110,11101000110001000100010011110110,0.968750,0,9.0171,9.1072,35052,0
000000463283.png,single_center50_s3.0,single_center,50,1,3.0000,brightness_1.5,01101000110001000100010011110110,01101000010001000100010011111110,0.937500,0,9.0171,8.0866,35711,0
000000463283.png,single_center50_s3.0,single_center,50,1,3.0000,contrast_1.5,01101000110001000100010011110110,11101000010001000100010011111110,0.906250,0,9.0171,8.2984,35363,0
000000463283.png,single_center50_s3.0,single_center,50,1,3.0000,saturation_1.5,01101000110001000100010011110110,11101000010001000100010011111110,0.906250,0,9.0171,8.2826,35280,0
000000463283.png,single_center50_s3.0,single_center,50,1,3.0000,sharpness_2.0,01101000110001000100010011110110,11101000010001000100010011111110,0.906250,0,9.0171,8.5901,35114,0
000000463283.png,single_center50_s3.0,single_center,50,1,3.0000,bright_contrast_jpeg80,01101000110001000100010011110110,01101000110001000100010011110110,1.000000,1,9.0171,10.1175,35620,0
000000463283.png,single_center50_s3.0,single_center,50,1,3.0000,resize_0.5_jpeg50,01101000110001000100010011110110,01101000110001000100010011110110,1.000000,1,9.0171,12.2475,35434,0
000000463283.png,single_center50_s3.0,single_center,50,1,3.0000,webp_q80,01101000110001000100010011110110,01101000110001000100010011110110,1.000000,1,9.0171,11.4858,35349,0
000000463283.png,single_center50_s3.0,single_center,50,1,3.0000,webp_q50,01101000110001000100010011110110,01101000110001000100010011110110,1.000000,1,9.0171,11.5219,35277,0
000000463283.png,single_center50_s3.0,single_center,50,1,3.0000,saturation_sharpness_webp80,01101000110001000100010011110110,01101000010001000100010011110110,0.968750,0,9.0171,10.7521,35355,0
000000463283.png,coverage_default_q30_s2.5,fixed_anchor_regions,30,5,2.5000,none,01101000110001000100010011110110,11101000010001000000010011111110,0.875000,0,12.2143,12.2143,20087,0
000000463283.png,coverage_default_q30_s2.5,fixed_anchor_regions,30,5,2.5000,jpeg_q50,01101000110001000100010011110110,01101000110001000100010011110110,1.000000,1,12.2143,14.7375,20942,0
000000463283.png,coverage_default_q30_s2.5,fixed_anchor_regions,30,5,2.5000,jpeg_q30,01101000110001000100010011110110,01101000110001000100010011110110,1.000000,1,12.2143,14.8770,20879,0
000000463283.png,coverage_default_q30_s2.5,fixed_anchor_regions,30,5,2.5000,gaussian_blur_1.2,01101000110001000100010011110110,01101000110001000100010011110110,1.000000,1,12.2143,15.4333,20563,0
000000463283.png,coverage_default_q30_s2.5,fixed_anchor_regions,30,5,2.5000,median_filter_3,01101000110001000100010011110110,11101000110001000100010011111110,0.937500,0,12.2143,12.3373,19734,0
000000463283.png,coverage_default_q30_s2.5,fixed_anchor_regions,30,5,2.5000,brightness_1.5,01101000110001000100010011110110,01101000110001000100010011111110,0.968750,0,12.2143,10.3924,20426,0
000000463283.png,coverage_default_q30_s2.5,fixed_anchor_regions,30,5,2.5000,contrast_1.5,01101000110001000100010011110110,11101000010001000000010011111110,0.875000,0,12.2143,10.8045,20001,0
000000463283.png,coverage_default_q30_s2.5,fixed_anchor_regions,30,5,2.5000,saturation_1.5,01101000110001000100010011110110,11101000010001000000010011111110,0.875000,0,12.2143,10.7761,20006,0
000000463283.png,coverage_default_q30_s2.5,fixed_anchor_regions,30,5,2.5000,sharpness_2.0,01101000110001000100010011110110,11101000010001000100010011111110,0.906250,0,12.2143,11.5006,19796,0
000000463283.png,coverage_default_q30_s2.5,fixed_anchor_regions,30,5,2.5000,bright_contrast_jpeg80,01101000110001000100010011110110,01101000110001000100010011110110,1.000000,1,12.2143,12.3328,20907,0
000000463283.png,coverage_default_q30_s2.5,fixed_anchor_regions,30,5,2.5000,resize_0.5_jpeg50,01101000110001000100010011110110,01101000110001000100010011110110,1.000000,1,12.2143,15.3460,20941,0
000000463283.png,coverage_default_q30_s2.5,fixed_anchor_regions,30,5,2.5000,webp_q80,01101000110001000100010011110110,01101000110001000100010011110110,1.000000,1,12.2143,14.7554,20488,0
000000463283.png,coverage_default_q30_s2.5,fixed_anchor_regions,30,5,2.5000,webp_q50,01101000110001000100010011110110,01101000110001000100010011110110,1.000000,1,12.2143,14.7642,20901,0
000000463283.png,coverage_default_q30_s2.5,fixed_anchor_regions,30,5,2.5000,saturation_sharpness_webp80,01101000110001000100010011110110,01101000010001000100010011110110,0.968750,0,12.2143,13.4110,20693,0
000000463283.png,coverage_robust_q50_s2.5,fixed_anchor_regions,50,5,2.5000,none,01101000110001000100010011110110,11101000110001000000010011110110,0.937500,0,10.0171,10.0171,34673,0
000000463283.png,coverage_robust_q50_s2.5,fixed_anchor_regions,50,5,2.5000,jpeg_q50,01101000110001000100010011110110,01101000110001000100010011110110,1.000000,1,10.0171,12.5431,36875,0
000000463283.png,coverage_robust_q50_s2.5,fixed_anchor_regions,50,5,2.5000,jpeg_q30,01101000110001000100010011110110,01101000110001000100010011110110,1.000000,1,10.0171,12.7161,37025,0
000000463283.png,coverage_robust_q50_s2.5,fixed_anchor_regions,50,5,2.5000,gaussian_blur_1.2,01101000110001000100010011110110,01101000110001000100010011110110,1.000000,1,10.0171,13.2424,34286,0
000000463283.png,coverage_robust_q50_s2.5,fixed_anchor_regions,50,5,2.5000,median_filter_3,01101000110001000100010011110110,01101000110001000100010011110110,1.000000,1,10.0171,10.1414,34304,0
000000463283.png,coverage_robust_q50_s2.5,fixed_anchor_regions,50,5,2.5000,brightness_1.5,01101000110001000100010011110110,01101000110001000100010011110110,1.000000,1,10.0171,9.3203,36057,0
000000463283.png,coverage_robust_q50_s2.5,fixed_anchor_regions,50,5,2.5000,contrast_1.5,01101000110001000100010011110110,11101000110001000100010011110110,0.968750,0,10.0171,8.7779,34581,0
000000463283.png,coverage_robust_q50_s2.5,fixed_anchor_regions,50,5,2.5000,saturation_1.5,01101000110001000100010011110110,11101000110001000100010011110110,0.968750,0,10.0171,8.6602,34583,0
000000463283.png,coverage_robust_q50_s2.5,fixed_anchor_regions,50,5,2.5000,sharpness_2.0,01101000110001000100010011110110,01101000110001000100010011111110,0.968750,0,10.0171,9.3150,34468,0
000000463283.png,coverage_robust_q50_s2.5,fixed_anchor_regions,50,5,2.5000,bright_contrast_jpeg80,01101000110001000100010011110110,01101000110001000100010011110110,1.000000,1,10.0171,10.9916,35270,0
000000463283.png,coverage_robust_q50_s2.5,fixed_anchor_regions,50,5,2.5000,resize_0.5_jpeg50,01101000110001000100010011110110,01101000110001000100010011110110,1.000000,1,10.0171,13.1861,37152,0
000000463283.png,coverage_robust_q50_s2.5,fixed_anchor_regions,50,5,2.5000,webp_q80,01101000110001000100010011110110,01101000110001000100010011110110,1.000000,1,10.0171,12.5404,34660,0
000000463283.png,coverage_robust_q50_s2.5,fixed_anchor_regions,50,5,2.5000,webp_q50,01101000110001000100010011110110,01101000110001000100010011110110,1.000000,1,10.0171,12.5674,34499,0
000000463283.png,coverage_robust_q50_s2.5,fixed_anchor_regions,50,5,2.5000,saturation_sharpness_webp80,01101000110001000100010011110110,01101000110001000100010011110110,1.000000,1,10.0171,11.2284,35352,0
000000463283.png,coverage_strong_q30_s3.0,fixed_anchor_regions,30,5,3.0000,none,01101000110001000100010011110110,11101000010001000000010011110110,0.906250,0,11.2942,11.2942,20403,0
000000463283.png,coverage_strong_q30_s3.0,fixed_anchor_regions,30,5,3.0000,jpeg_q50,01101000110001000100010011110110,01101000110001000100010011110110,1.000000,1,11.2942,13.7433,20864,0
000000463283.png,coverage_strong_q30_s3.0,fixed_anchor_regions,30,5,3.0000,jpeg_q30,01101000110001000100010011110110,01101000110001000100010011110110,1.000000,1,11.2942,13.8916,20803,0
000000463283.png,coverage_strong_q30_s3.0,fixed_anchor_regions,30,5,3.0000,gaussian_blur_1.2,01101000110001000100010011110110,01101000110001000100010011110110,1.000000,1,11.2942,14.3578,20581,0
000000463283.png,coverage_strong_q30_s3.0,fixed_anchor_regions,30,5,3.0000,median_filter_3,01101000110001000100010011110110,11101000010001000000010011111110,0.875000,0,11.2942,11.3836,19797,0
000000463283.png,coverage_strong_q30_s3.0,fixed_anchor_regions,30,5,3.0000,brightness_1.5,01101000110001000100010011110110,11101000110001000100010011111110,0.937500,0,11.2942,9.7023,20432,0
000000463283.png,coverage_strong_q30_s3.0,fixed_anchor_regions,30,5,3.0000,contrast_1.5,01101000110001000100010011110110,11101000010001000000010011111110,0.875000,0,11.2942,10.2959,20050,0
000000463283.png,coverage_strong_q30_s3.0,fixed_anchor_regions,30,5,3.0000,saturation_1.5,01101000110001000100010011110110,11101000010001000000010011111110,0.875000,0,11.2942,10.3781,20046,0
000000463283.png,coverage_strong_q30_s3.0,fixed_anchor_regions,30,5,3.0000,sharpness_2.0,01101000110001000100010011110110,11101000010001000000010011111110,0.875000,0,11.2942,10.8509,19833,0
000000463283.png,coverage_strong_q30_s3.0,fixed_anchor_regions,30,5,3.0000,bright_contrast_jpeg80,01101000110001000100010011110110,01101000110001000100010011110110,1.000000,1,11.2942,11.7587,21595,0
000000463283.png,coverage_strong_q30_s3.0,fixed_anchor_regions,30,5,3.0000,resize_0.5_jpeg50,01101000110001000100010011110110,01101000110001000100010011110110,1.000000,1,11.2942,14.3682,20869,0
000000463283.png,coverage_strong_q30_s3.0,fixed_anchor_regions,30,5,3.0000,webp_q80,01101000110001000100010011110110,01101000010001000100010011110110,0.968750,0,11.2942,13.7006,20659,0
000000463283.png,coverage_strong_q30_s3.0,fixed_anchor_regions,30,5,3.0000,webp_q50,01101000110001000100010011110110,01101000110001000100010011110110,1.000000,1,11.2942,13.7321,20830,0
000000463283.png,coverage_strong_q30_s3.0,fixed_anchor_regions,30,5,3.0000,saturation_sharpness_webp80,01101000110001000100010011110110,01101000010001000100010011110110,0.968750,0,11.2942,12.8531,20529,0
000000463283.png,coverage_robust_strong_q50_s3.0,fixed_anchor_regions,50,5,3.0000,none,01101000110001000100010011110110,11101000110001000000110011110110,0.906250,0,9.0950,9.0950,34906,0
000000463283.png,coverage_robust_strong_q50_s3.0,fixed_anchor_regions,50,5,3.0000,jpeg_q50,01101000110001000100010011110110,01101000110001000100010011110110,1.000000,1,9.0950,11.5411,36348,0
000000463283.png,coverage_robust_strong_q50_s3.0,fixed_anchor_regions,50,5,3.0000,jpeg_q30,01101000110001000100010011110110,01101000110001000100010011110110,1.000000,1,9.0950,11.7221,36664,0
000000463283.png,coverage_robust_strong_q50_s3.0,fixed_anchor_regions,50,5,3.0000,gaussian_blur_1.2,01101000110001000100010011110110,01101000110001000100010011110110,1.000000,1,9.0950,12.1509,34319,0
000000463283.png,coverage_robust_strong_q50_s3.0,fixed_anchor_regions,50,5,3.0000,median_filter_3,01101000110001000100010011110110,11101000110001000100010011110110,0.968750,0,9.0950,9.1825,34320,0
000000463283.png,coverage_robust_strong_q50_s3.0,fixed_anchor_regions,50,5,3.0000,brightness_1.5,01101000110001000100010011110110,01101000110001000100010011110110,1.000000,1,9.0950,8.4436,35932,0
000000463283.png,coverage_robust_strong_q50_s3.0,fixed_anchor_regions,50,5,3.0000,contrast_1.5,01101000110001000100010011110110,11101000110001000100010011110110,0.968750,0,9.0950,8.2594,34591,0
000000463283.png,coverage_robust_strong_q50_s3.0,fixed_anchor_regions,50,5,3.0000,saturation_1.5,01101000110001000100010011110110,11101000110001000100010011110110,0.968750,0,9.0950,8.2619,34571,0
000000463283.png,coverage_robust_strong_q50_s3.0,fixed_anchor_regions,50,5,3.0000,sharpness_2.0,01101000110001000100010011110110,11101000110001000100010011111110,0.937500,0,9.0950,8.6641,34444,0
000000463283.png,coverage_robust_strong_q50_s3.0,fixed_anchor_regions,50,5,3.0000,bright_contrast_jpeg80,01101000110001000100010011110110,01101000110001000100010011110110,1.000000,1,9.0950,10.3025,35518,0
000000463283.png,coverage_robust_strong_q50_s3.0,fixed_anchor_regions,50,5,3.0000,resize_0.5_jpeg50,01101000110001000100010011110110,01101000110001000100010011110110,1.000000,1,9.0950,12.1901,37306,0
000000463283.png,coverage_robust_strong_q50_s3.0,fixed_anchor_regions,50,5,3.0000,webp_q80,01101000110001000100010011110110,01101000110001000100010011110110,1.000000,1,9.0950,11.4821,34623,0
000000463283.png,coverage_robust_strong_q50_s3.0,fixed_anchor_regions,50,5,3.0000,webp_q50,01101000110001000100010011110110,01101000110001000100010011110110,1.000000,1,9.0950,11.5014,34623,0
000000463283.png,coverage_robust_strong_q50_s3.0,fixed_anchor_regions,50,5,3.0000,saturation_sharpness_webp80,01101000110001000100010011110110,01101000110001000100010011110110,1.000000,1,9.0950,10.6633,35096,0
000000463522.png,single_center50_s2.5,single_center,50,1,2.5000,none,01101000110001000100010011110110,11101000010001000100110011111110,0.875000,0,9.8538,9.8538,35469,0
000000463522.png,single_center50_s2.5,single_center,50,1,2.5000,jpeg_q50,01101000110001000100010011110110,01101000110001000100010011110110,1.000000,1,9.8538,12.4482,35523,0
000000463522.png,single_center50_s2.5,single_center,50,1,2.5000,jpeg_q30,01101000110001000100010011110110,01101000110001000100010011110110,1.000000,1,9.8538,12.6103,35529,0
000000463522.png,single_center50_s2.5,single_center,50,1,2.5000,gaussian_blur_1.2,01101000110001000100010011110110,01101000110001000100010011110110,1.000000,1,9.8538,13.0178,35043,0
000000463522.png,single_center50_s2.5,single_center,50,1,2.5000,median_filter_3,01101000110001000100010011110110,01101000110001000100010011110110,1.000000,1,9.8538,10.0031,35205,0
000000463522.png,single_center50_s2.5,single_center,50,1,2.5000,brightness_1.5,01101000110001000100010011110110,01101000010001000100010011111110,0.937500,0,9.8538,8.2654,35435,0
000000463522.png,single_center50_s2.5,single_center,50,1,2.5000,contrast_1.5,01101000110001000100010011110110,01101000110001000100010011111110,0.968750,0,9.8538,9.0159,35495,0
000000463522.png,single_center50_s2.5,single_center,50,1,2.5000,saturation_1.5,01101000110001000100010011110110,01101000010001000100010011111110,0.937500,0,9.8538,8.7590,35421,0
000000463522.png,single_center50_s2.5,single_center,50,1,2.5000,sharpness_2.0,01101000110001000100010011110110,01101000110001000100010011111110,0.968750,0,9.8538,9.3010,35354,0
000000463522.png,single_center50_s2.5,single_center,50,1,2.5000,bright_contrast_jpeg80,01101000110001000100010011110110,01101000110001000100010011110110,1.000000,1,9.8538,10.4637,35369,0
000000463522.png,single_center50_s2.5,single_center,50,1,2.5000,resize_0.5_jpeg50,01101000110001000100010011110110,01101000110001000100010011110110,1.000000,1,9.8538,13.0556,35604,0
000000463522.png,single_center50_s2.5,single_center,50,1,2.5000,webp_q80,01101000110001000100010011110110,01101000110001000100010011110110,1.000000,1,9.8538,12.4317,35239,0
000000463522.png,single_center50_s2.5,single_center,50,1,2.5000,webp_q50,01101000110001000100010011110110,01101000110001000100010011110110,1.000000,1,9.8538,12.4526,35254,0
000000463522.png,single_center50_s2.5,single_center,50,1,2.5000,saturation_sharpness_webp80,01101000110001000100010011110110,01101000110001000100010011110110,1.000000,1,9.8538,11.3888,35349,0
000000463522.png,single_center50_s3.0,single_center,50,1,3.0000,none,01101000110001000100010011110110,11101000010001000000110011111110,0.843750,0,9.1083,9.1083,35651,0
000000463522.png,single_center50_s3.0,single_center,50,1,3.0000,jpeg_q50,01101000110001000100010011110110,01101000110001000100010011110110,1.000000,1,9.1083,11.6034,35609,0
000000463522.png,single_center50_s3.0,single_center,50,1,3.0000,jpeg_q30,01101000110001000100010011110110,01101000110001000100010011110110,1.000000,1,9.1083,11.7435,35562,0
000000463522.png,single_center50_s3.0,single_center,50,1,3.0000,gaussian_blur_1.2,01101000110001000100010011110110,01101000110001000100010011110110,1.000000,1,9.1083,12.1602,35122,0
000000463522.png,single_center50_s3.0,single_center,50,1,3.0000,median_filter_3,01101000110001000100010011110110,11101000110001000100010011110110,0.968750,0,9.1083,9.2111,35251,0
000000463522.png,single_center50_s3.0,single_center,50,1,3.0000,brightness_1.5,01101000110001000100010011110110,01101000010001000100010011111110,0.937500,0,9.1083,7.8469,35479,0
000000463522.png,single_center50_s3.0,single_center,50,1,3.0000,contrast_1.5,01101000110001000100010011110110,01101000010001000100010011111110,0.937500,0,9.1083,8.3714,35516,0
000000463522.png,single_center50_s3.0,single_center,50,1,3.0000,saturation_1.5,01101000110001000100010011110110,01101000010001000100010011111110,0.937500,0,9.1083,8.2658,35426,0
000000463522.png,single_center50_s3.0,single_center,50,1,3.0000,sharpness_2.0,01101000110001000100010011110110,01101000010001000100010011111110,0.937500,0,9.1083,8.6835,35379,0
000000463522.png,single_center50_s3.0,single_center,50,1,3.0000,bright_contrast_jpeg80,01101000110001000100010011110110,01101000110001000100010011110110,1.000000,1,9.1083,9.9832,35403,0
000000463522.png,single_center50_s3.0,single_center,50,1,3.0000,resize_0.5_jpeg50,01101000110001000100010011110110,01101000110001000100010011110110,1.000000,1,9.1083,12.2084,35530,0
000000463522.png,single_center50_s3.0,single_center,50,1,3.0000,webp_q80,01101000110001000100010011110110,01101000110001000100010011110110,1.000000,1,9.1083,11.5541,35265,0
000000463522.png,single_center50_s3.0,single_center,50,1,3.0000,webp_q50,01101000110001000100010011110110,01101000110001000100010011110110,1.000000,1,9.1083,11.5869,35325,0
000000463522.png,single_center50_s3.0,single_center,50,1,3.0000,saturation_sharpness_webp80,01101000110001000100010011110110,01101000110001000100010011110110,1.000000,1,9.1083,10.7311,35438,0
000000463522.png,coverage_default_q30_s2.5,fixed_anchor_regions,30,5,2.5000,none,01101000110001000100010011110110,11101000010001000000010011111110,0.875000,0,12.3050,12.3050,20215,0
000000463522.png,coverage_default_q30_s2.5,fixed_anchor_regions,30,5,2.5000,jpeg_q50,01101000110001000100010011110110,01101000110001000100010011110110,1.000000,1,12.3050,14.6487,20792,0
000000463522.png,coverage_default_q30_s2.5,fixed_anchor_regions,30,5,2.5000,jpeg_q30,01101000110001000100010011110110,01101000110001000100010011110110,1.000000,1,12.3050,14.7898,20665,0
000000463522.png,coverage_default_q30_s2.5,fixed_anchor_regions,30,5,2.5000,gaussian_blur_1.2,01101000110001000100010011110110,01101000110001000100010011110110,1.000000,1,12.3050,15.0509,21032,0
000000463522.png,coverage_default_q30_s2.5,fixed_anchor_regions,30,5,2.5000,median_filter_3,01101000110001000100010011110110,01101000110001000100010011110110,1.000000,1,12.3050,12.4013,19810,0
000000463522.png,coverage_default_q30_s2.5,fixed_anchor_regions,30,5,2.5000,brightness_1.5,01101000110001000100010011110110,01101000110001000100010011111110,0.968750,0,12.3050,9.6793,20267,0
000000463522.png,coverage_default_q30_s2.5,fixed_anchor_regions,30,5,2.5000,contrast_1.5,01101000110001000100010011110110,01101000010001000100010011110110,0.968750,0,12.3050,11.2378,20139,0
000000463522.png,coverage_default_q30_s2.5,fixed_anchor_regions,30,5,2.5000,saturation_1.5,01101000110001000100010011110110,01101000010001000100010011111110,0.937500,0,12.3050,11.0119,20037,0
000000463522.png,coverage_default_q30_s2.5,fixed_anchor_regions,30,5,2.5000,sharpness_2.0,01101000110001000100010011110110,01101000110001000100010011111110,0.968750,0,12.3050,11.6231,19925,0
000000463522.png,coverage_default_q30_s2.5,fixed_anchor_regions,30,5,2.5000,bright_contrast_jpeg80,01101000110001000100010011110110,01101000110001000100010011110110,1.000000,1,12.3050,11.8196,21130,0
000000463522.png,coverage_default_q30_s2.5,fixed_anchor_regions,30,5,2.5000,resize_0.5_jpeg50,01101000110001000100010011110110,01101000110001000100010011110110,1.000000,1,12.3050,15.0662,20612,0
000000463522.png,coverage_default_q30_s2.5,fixed_anchor_regions,30,5,2.5000,webp_q80,01101000110001000100010011110110,01101000110001000100010011110110,1.000000,1,12.3050,14.7161,20937,0
000000463522.png,coverage_default_q30_s2.5,fixed_anchor_regions,30,5,2.5000,webp_q50,01101000110001000100010011110110,01101000110001000100010011110110,1.000000,1,12.3050,14.7213,20994,0
000000463522.png,coverage_default_q30_s2.5,fixed_anchor_regions,30,5,2.5000,saturation_sharpness_webp80,01101000110001000100010011110110,01101000110001000100010011110110,1.000000,1,12.3050,13.4918,20801,0
000000463522.png,coverage_robust_q50_s2.5,fixed_anchor_regions,50,5,2.5000,none,01101000110001000100010011110110,01101000110001000100010011111110,0.968750,0,10.0424,10.0424,34392,0
000000463522.png,coverage_robust_q50_s2.5,fixed_anchor_regions,50,5,2.5000,jpeg_q50,01101000110001000100010011110110,01101000110001000100010011110110,1.000000,1,10.0424,12.4968,36759,0
000000463522.png,coverage_robust_q50_s2.5,fixed_anchor_regions,50,5,2.5000,jpeg_q30,01101000110001000100010011110110,01101000110001000100010011110110,1.000000,1,10.0424,12.6614,37049,0
000000463522.png,coverage_robust_q50_s2.5,fixed_anchor_regions,50,5,2.5000,gaussian_blur_1.2,01101000110001000100010011110110,01101000110001000100010011110110,1.000000,1,10.0424,12.9778,34172,0
000000463522.png,coverage_robust_q50_s2.5,fixed_anchor_regions,50,5,2.5000,median_filter_3,01101000110001000100010011110110,01101000110001000100010011110110,1.000000,1,10.0424,10.1559,33901,0
000000463522.png,coverage_robust_q50_s2.5,fixed_anchor_regions,50,5,2.5000,brightness_1.5,01101000110001000100010011110110,01101000110001000100010011111110,0.968750,0,10.0424,8.3742,34334,0
000000463522.png,coverage_robust_q50_s2.5,fixed_anchor_regions,50,5,2.5000,contrast_1.5,01101000110001000100010011110110,01101000110001000100010011111110,0.968750,0,10.0424,9.1855,34219,0
000000463522.png,coverage_robust_q50_s2.5,fixed_anchor_regions,50,5,2.5000,saturation_1.5,01101000110001000100010011110110,01101000110001000100010011111110,0.968750,0,10.0424,8.8669,34212,0
000000463522.png,coverage_robust_q50_s2.5,fixed_anchor_regions,50,5,2.5000,sharpness_2.0,01101000110001000100010011110110,01101000110001000100010011111110,0.968750,0,10.0424,9.4271,33943,0
000000463522.png,coverage_robust_q50_s2.5,fixed_anchor_regions,50,5,2.5000,bright_contrast_jpeg80,01101000110001000100010011110110,01101000110001000100010011110110,1.000000,1,10.0424,10.4757,34548,0
000000463522.png,coverage_robust_q50_s2.5,fixed_anchor_regions,50,5,2.5000,resize_0.5_jpeg50,01101000110001000100010011110110,01101000110001000100010011110110,1.000000,1,10.0424,13.0299,36907,0
000000463522.png,coverage_robust_q50_s2.5,fixed_anchor_regions,50,5,2.5000,webp_q80,01101000110001000100010011110110,01101000110001000100010011110110,1.000000,1,10.0424,12.4800,34301,0
000000463522.png,coverage_robust_q50_s2.5,fixed_anchor_regions,50,5,2.5000,webp_q50,01101000110001000100010011110110,01101000110001000100010011110110,1.000000,1,10.0424,12.4684,34491,0
000000463522.png,coverage_robust_q50_s2.5,fixed_anchor_regions,50,5,2.5000,saturation_sharpness_webp80,01101000110001000100010011110110,01101000110001000100010011110110,1.000000,1,10.0424,11.3570,34412,0
000000463522.png,coverage_strong_q30_s3.0,fixed_anchor_regions,30,5,3.0000,none,01101000110001000100010011110110,11101000010001000000010011110110,0.906250,0,11.4149,11.4149,20502,0
000000463522.png,coverage_strong_q30_s3.0,fixed_anchor_regions,30,5,3.0000,jpeg_q50,01101000110001000100010011110110,01101000110001000100010011110110,1.000000,1,11.4149,13.6715,20828,0
000000463522.png,coverage_strong_q30_s3.0,fixed_anchor_regions,30,5,3.0000,jpeg_q30,01101000110001000100010011110110,01101000110001000100010011110110,1.000000,1,11.4149,13.7934,20701,0
000000463522.png,coverage_strong_q30_s3.0,fixed_anchor_regions,30,5,3.0000,gaussian_blur_1.2,01101000110001000100010011110110,01101000110001000100010011110110,1.000000,1,11.4149,14.0678,21030,0
000000463522.png,coverage_strong_q30_s3.0,fixed_anchor_regions,30,5,3.0000,median_filter_3,01101000110001000100010011110110,01101000010001000100010011110110,0.968750,0,11.4149,11.4772,19849,0
000000463522.png,coverage_strong_q30_s3.0,fixed_anchor_regions,30,5,3.0000,brightness_1.5,01101000110001000100010011110110,01101000010001000100010011111110,0.937500,0,11.4149,9.1675,20296,0
000000463522.png,coverage_strong_q30_s3.0,fixed_anchor_regions,30,5,3.0000,contrast_1.5,01101000110001000100010011110110,01101000010001000100010011111110,0.937500,0,11.4149,10.4483,20200,0
000000463522.png,coverage_strong_q30_s3.0,fixed_anchor_regions,30,5,3.0000,saturation_1.5,01101000110001000100010011110110,01101000010001000100010011111110,0.937500,0,11.4149,10.3768,20086,0
000000463522.png,coverage_strong_q30_s3.0,fixed_anchor_regions,30,5,3.0000,sharpness_2.0,01101000110001000100010011110110,01101000010001000100010011111110,0.937500,0,11.4149,10.8701,19947,0
000000463522.png,coverage_strong_q30_s3.0,fixed_anchor_regions,30,5,3.0000,bright_contrast_jpeg80,01101000110001000100010011110110,01101000110001000100010011110110,1.000000,1,11.4149,11.1696,21149,0
000000463522.png,coverage_strong_q30_s3.0,fixed_anchor_regions,30,5,3.0000,resize_0.5_jpeg50,01101000110001000100010011110110,01101000110001000100010011110110,1.000000,1,11.4149,14.1123,20626,0
000000463522.png,coverage_strong_q30_s3.0,fixed_anchor_regions,30,5,3.0000,webp_q80,01101000110001000100010011110110,01101000110001000100010011110110,1.000000,1,11.4149,13.6755,21017,0
000000463522.png,coverage_strong_q30_s3.0,fixed_anchor_regions,30,5,3.0000,webp_q50,01101000110001000100010011110110,01101000110001000100010011110110,1.000000,1,11.4149,13.6890,20987,0
000000463522.png,coverage_strong_q30_s3.0,fixed_anchor_regions,30,5,3.0000,saturation_sharpness_webp80,01101000110001000100010011110110,01101000110001000100010011110110,1.000000,1,11.4149,12.6928,20723,0
000000463522.png,coverage_robust_strong_q50_s3.0,fixed_anchor_regions,50,5,3.0000,none,01101000110001000100010011110110,11101000010001000000010011111110,0.875000,0,9.2125,9.2125,34801,0
000000463522.png,coverage_robust_strong_q50_s3.0,fixed_anchor_regions,50,5,3.0000,jpeg_q50,01101000110001000100010011110110,01101000110001000100010011110110,1.000000,1,9.2125,11.5608,36458,0
000000463522.png,coverage_robust_strong_q50_s3.0,fixed_anchor_regions,50,5,3.0000,jpeg_q30,01101000110001000100010011110110,01101000110001000100010011110110,1.000000,1,9.2125,11.6970,36673,0
000000463522.png,coverage_robust_strong_q50_s3.0,fixed_anchor_regions,50,5,3.0000,gaussian_blur_1.2,01101000110001000100010011110110,01101000110001000100010011110110,1.000000,1,9.2125,12.0227,34157,0
000000463522.png,coverage_robust_strong_q50_s3.0,fixed_anchor_regions,50,5,3.0000,median_filter_3,01101000110001000100010011110110,01101000110001000100010011110110,1.000000,1,9.2125,9.2891,33910,0
000000463522.png,coverage_robust_strong_q50_s3.0,fixed_anchor_regions,50,5,3.0000,brightness_1.5,01101000110001000100010011110110,01101000110001000100010011111110,0.968750,0,9.2125,7.7986,34317,0
000000463522.png,coverage_robust_strong_q50_s3.0,fixed_anchor_regions,50,5,3.0000,contrast_1.5,01101000110001000100010011110110,01101000110001000100010011111110,0.968750,0,9.2125,8.4220,34231,0
000000463522.png,coverage_robust_strong_q50_s3.0,fixed_anchor_regions,50,5,3.0000,saturation_1.5,01101000110001000100010011110110,01101000110001000100010011111110,0.968750,0,9.2125,8.2679,34209,0
000000463522.png,coverage_robust_strong_q50_s3.0,fixed_anchor_regions,50,5,3.0000,sharpness_2.0,01101000110001000100010011110110,01101000110001000100010011111110,0.968750,0,9.2125,8.7216,33966,0
000000463522.png,coverage_robust_strong_q50_s3.0,fixed_anchor_regions,50,5,3.0000,bright_contrast_jpeg80,01101000110001000100010011110110,01101000110001000100010011110110,1.000000,1,9.2125,9.7661,34461,0
000000463522.png,coverage_robust_strong_q50_s3.0,fixed_anchor_regions,50,5,3.0000,resize_0.5_jpeg50,01101000110001000100010011110110,01101000110001000100010011110110,1.000000,1,9.2125,12.0858,36403,0
000000463522.png,coverage_robust_strong_q50_s3.0,fixed_anchor_regions,50,5,3.0000,webp_q80,01101000110001000100010011110110,01101000110001000100010011110110,1.000000,1,9.2125,11.5075,34385,0
000000463522.png,coverage_robust_strong_q50_s3.0,fixed_anchor_regions,50,5,3.0000,webp_q50,01101000110001000100010011110110,01101000110001000100010011110110,1.000000,1,9.2125,11.5169,34454,0
000000463522.png,coverage_robust_strong_q50_s3.0,fixed_anchor_regions,50,5,3.0000,saturation_sharpness_webp80,01101000110001000100010011110110,01101000110001000100010011110110,1.000000,1,9.2125,10.5846,34249,0
000000463527.png,single_center50_s2.5,single_center,50,1,2.5000,none,01101000110001000100010011110110,11101000010001000100110011111110,0.875000,0,9.8770,9.8770,35212,0
000000463527.png,single_center50_s2.5,single_center,50,1,2.5000,jpeg_q50,01101000110001000100010011110110,01101000110001000100010011110110,1.000000,1,9.8770,12.5399,35478,0
000000463527.png,single_center50_s2.5,single_center,50,1,2.5000,jpeg_q30,01101000110001000100010011110110,01101000110001000100010011110110,1.000000,1,9.8770,12.7086,35313,0
000000463527.png,single_center50_s2.5,single_center,50,1,2.5000,gaussian_blur_1.2,01101000110001000100010011110110,01101000110001000100010011110110,1.000000,1,9.8770,13.2183,34515,0
000000463527.png,single_center50_s2.5,single_center,50,1,2.5000,median_filter_3,01101000110001000100010011110110,11101000110001000100010011110110,0.968750,0,9.8770,10.0099,34747,0
000000463527.png,single_center50_s2.5,single_center,50,1,2.5000,brightness_1.5,01101000110001000100010011110110,11101000010001000100010011111110,0.906250,0,9.8770,8.4217,35254,0
000000463527.png,single_center50_s2.5,single_center,50,1,2.5000,contrast_1.5,01101000110001000100010011110110,11101000110001000100010011111110,0.937500,0,9.8770,8.7058,35467,0
000000463527.png,single_center50_s2.5,single_center,50,1,2.5000,saturation_1.5,01101000110001000100010011110110,11101000110001000100010011111110,0.937500,0,9.8770,8.7376,35073,0
000000463527.png,single_center50_s2.5,single_center,50,1,2.5000,sharpness_2.0,01101000110001000100010011110110,11101000110001000100010011111110,0.937500,0,9.8770,9.2310,34960,0
000000463527.png,single_center50_s2.5,single_center,50,1,2.5000,bright_contrast_jpeg80,01101000110001000100010011110110,01101000110001000100010011110110,1.000000,1,9.8770,10.5537,35307,0
000000463527.png,single_center50_s2.5,single_center,50,1,2.5000,resize_0.5_jpeg50,01101000110001000100010011110110,01101000110001000100010011110110,1.000000,1,9.8770,13.2141,35294,0
000000463527.png,single_center50_s2.5,single_center,50,1,2.5000,webp_q80,01101000110001000100010011110110,01101000110001000100010011110110,1.000000,1,9.8770,12.5427,34771,0
000000463527.png,single_center50_s2.5,single_center,50,1,2.5000,webp_q50,01101000110001000100010011110110,01101000110001000100010011110110,1.000000,1,9.8770,12.5509,34901,0
000000463527.png,single_center50_s2.5,single_center,50,1,2.5000,saturation_sharpness_webp80,01101000110001000100010011110110,01101000110001000100010011110110,1.000000,1,9.8770,11.4073,34823,0
000000463527.png,single_center50_s3.0,single_center,50,1,3.0000,none,01101000110001000100010011110110,11101000010001000000110011111110,0.843750,0,9.0335,9.0335,35410,0
000000463527.png,single_center50_s3.0,single_center,50,1,3.0000,jpeg_q50,01101000110001000100010011110110,01101000110001000100010011110110,1.000000,1,9.0335,11.6297,35396,0
000000463527.png,single_center50_s3.0,single_center,50,1,3.0000,jpeg_q30,01101000110001000100010011110110,01101000110001000100010011110110,1.000000,1,9.0335,11.7911,35402,0
000000463527.png,single_center50_s3.0,single_center,50,1,3.0000,gaussian_blur_1.2,01101000110001000100010011110110,01101000110001000100010011110110,1.000000,1,9.0335,12.2324,34624,0
000000463527.png,single_center50_s3.0,single_center,50,1,3.0000,median_filter_3,01101000110001000100010011110110,11101000110001000100010011110110,0.968750,0,9.0335,9.1235,34875,0
000000463527.png,single_center50_s3.0,single_center,50,1,3.0000,brightness_1.5,01101000110001000100010011110110,11101000010001000100010011111110,0.906250,0,9.0335,8.0198,35270,0
000000463527.png,single_center50_s3.0,single_center,50,1,3.0000,contrast_1.5,01101000110001000100010011110110,11101000010001000100010011111110,0.906250,0,9.0335,8.2560,35535,0
000000463527.png,single_center50_s3.0,single_center,50,1,3.0000,saturation_1.5,01101000110001000100010011110110,11101000010001000100010011111110,0.906250,0,9.0335,8.3497,35144,0
000000463527.png,single_center50_s3.0,single_center,50,1,3.0000,sharpness_2.0,01101000110001000100010011110110,11101000110001000100010011111110,0.937500,0,9.0335,8.6335,35036,0
000000463527.png,single_center50_s3.0,single_center,50,1,3.0000,bright_contrast_jpeg80,01101000110001000100010011110110,01101000110001000100010011110110,1.000000,1,9.0335,10.2807,35399,0
000000463527.png,single_center50_s3.0,single_center,50,1,3.0000,resize_0.5_jpeg50,01101000110001000100010011110110,01101000110001000100010011110110,1.000000,1,9.0335,12.3266,35159,0
000000463527.png,single_center50_s3.0,single_center,50,1,3.0000,webp_q80,01101000110001000100010011110110,01101000110001000100010011110110,1.000000,1,9.0335,11.5633,34864,0
000000463527.png,single_center50_s3.0,single_center,50,1,3.0000,webp_q50,01101000110001000100010011110110,01101000110001000100010011110110,1.000000,1,9.0335,11.5890,35086,0
000000463527.png,single_center50_s3.0,single_center,50,1,3.0000,saturation_sharpness_webp80,01101000110001000100010011110110,01101000110001000100010011110110,1.000000,1,9.0335,10.8628,34872,0
000000463527.png,coverage_default_q30_s2.5,fixed_anchor_regions,30,5,2.5000,none,01101000110001000100010011110110,11101000010001000000010011110110,0.906250,0,12.6351,12.6351,20359,0
000000463527.png,coverage_default_q30_s2.5,fixed_anchor_regions,30,5,2.5000,jpeg_q50,01101000110001000100010011110110,01101000110001000100010011110110,1.000000,1,12.6351,14.7839,21258,0
000000463527.png,coverage_default_q30_s2.5,fixed_anchor_regions,30,5,2.5000,jpeg_q30,01101000110001000100010011110110,01101000110001000100010011110110,1.000000,1,12.6351,14.9184,21196,0
000000463527.png,coverage_default_q30_s2.5,fixed_anchor_regions,30,5,2.5000,gaussian_blur_1.2,01101000110001000100010011110110,01101000110001000100010011110110,1.000000,1,12.6351,15.2561,21110,0
000000463527.png,coverage_default_q30_s2.5,fixed_anchor_regions,30,5,2.5000,median_filter_3,01101000110001000100010011110110,01101000110001000100010011110110,1.000000,1,12.6351,12.8089,20029,0
000000463527.png,coverage_default_q30_s2.5,fixed_anchor_regions,30,5,2.5000,brightness_1.5,01101000110001000100010011110110,01101000010001000100010011110110,0.968750,0,12.6351,9.2443,20366,0
000000463527.png,coverage_default_q30_s2.5,fixed_anchor_regions,30,5,2.5000,contrast_1.5,01101000110001000100010011110110,01101000010001000100010011110110,0.968750,0,12.6351,10.8579,20723,0
000000463527.png,coverage_default_q30_s2.5,fixed_anchor_regions,30,5,2.5000,saturation_1.5,01101000110001000100010011110110,01101000010001000100010011110110,0.968750,0,12.6351,10.9542,20272,0
000000463527.png,coverage_default_q30_s2.5,fixed_anchor_regions,30,5,2.5000,sharpness_2.0,01101000110001000100010011110110,01101000110001000100010011110110,1.000000,1,12.6351,11.7763,20080,0
000000463527.png,coverage_default_q30_s2.5,fixed_anchor_regions,30,5,2.5000,bright_contrast_jpeg80,01101000110001000100010011110110,01101000010001000100010011110110,0.968750,0,12.6351,10.9888,21669,0
000000463527.png,coverage_default_q30_s2.5,fixed_anchor_regions,30,5,2.5000,resize_0.5_jpeg50,01101000110001000100010011110110,01101000110001000100010011110110,1.000000,1,12.6351,15.2087,21003,0
000000463527.png,coverage_default_q30_s2.5,fixed_anchor_regions,30,5,2.5000,webp_q80,01101000110001000100010011110110,01101000110001000100010011110110,1.000000,1,12.6351,14.8470,21104,0
000000463527.png,coverage_default_q30_s2.5,fixed_anchor_regions,30,5,2.5000,webp_q50,01101000110001000100010011110110,01101000110001000100010011110110,1.000000,1,12.6351,14.8679,21521,0
000000463527.png,coverage_default_q30_s2.5,fixed_anchor_regions,30,5,2.5000,saturation_sharpness_webp80,01101000110001000100010011110110,01101000110001000100010011110110,1.000000,1,12.6351,13.3203,21262,0
000000463527.png,coverage_robust_q50_s2.5,fixed_anchor_regions,50,5,2.5000,none,01101000110001000100010011110110,11101000110001000000010011111110,0.906250,0,10.3075,10.3075,34557,0
000000463527.png,coverage_robust_q50_s2.5,fixed_anchor_regions,50,5,2.5000,jpeg_q50,01101000110001000100010011110110,01101000110001000100010011110110,1.000000,1,10.3075,12.6166,36567,0
000000463527.png,coverage_robust_q50_s2.5,fixed_anchor_regions,50,5,2.5000,jpeg_q30,01101000110001000100010011110110,01101000110001000100010011110110,1.000000,1,10.3075,12.7639,37127,0
000000463527.png,coverage_robust_q50_s2.5,fixed_anchor_regions,50,5,2.5000,gaussian_blur_1.2,01101000110001000100010011110110,01101000110001000100010011110110,1.000000,1,10.3075,13.1748,34594,0
000000463527.png,coverage_robust_q50_s2.5,fixed_anchor_regions,50,5,2.5000,median_filter_3,01101000110001000100010011110110,01101000110001000100010011110110,1.000000,1,10.3075,10.4830,34416,0
000000463527.png,coverage_robust_q50_s2.5,fixed_anchor_regions,50,5,2.5000,brightness_1.5,01101000110001000100010011110110,01101000110001000100010011111110,0.968750,0,10.3075,7.7440,34612,0
000000463527.png,coverage_robust_q50_s2.5,fixed_anchor_regions,50,5,2.5000,contrast_1.5,01101000110001000100010011110110,01101000110001000100010011110110,1.000000,1,10.3075,8.8677,34595,0
000000463527.png,coverage_robust_q50_s2.5,fixed_anchor_regions,50,5,2.5000,saturation_1.5,01101000110001000100010011110110,01101000110001000100010011110110,1.000000,1,10.3075,8.7832,34517,0
000000463527.png,coverage_robust_q50_s2.5,fixed_anchor_regions,50,5,2.5000,sharpness_2.0,01101000110001000100010011110110,01101000110001000100010011110110,1.000000,1,10.3075,9.5268,34440,0
000000463527.png,coverage_robust_q50_s2.5,fixed_anchor_regions,50,5,2.5000,bright_contrast_jpeg80,01101000110001000100010011110110,01101000110001000100010011110110,1.000000,1,10.3075,9.6291,34652,0
000000463527.png,coverage_robust_q50_s2.5,fixed_anchor_regions,50,5,2.5000,resize_0.5_jpeg50,01101000110001000100010011110110,01101000110001000100010011110110,1.000000,1,10.3075,13.1327,36582,0
000000463527.png,coverage_robust_q50_s2.5,fixed_anchor_regions,50,5,2.5000,webp_q80,01101000110001000100010011110110,01101000110001000100010011110110,1.000000,1,10.3075,12.6412,34919,0
000000463527.png,coverage_robust_q50_s2.5,fixed_anchor_regions,50,5,2.5000,webp_q50,01101000110001000100010011110110,01101000110001000100010011110110,1.000000,1,10.3075,12.6441,34794,0
000000463527.png,coverage_robust_q50_s2.5,fixed_anchor_regions,50,5,2.5000,saturation_sharpness_webp80,01101000110001000100010011110110,01101000110001000100010011110110,1.000000,1,10.3075,11.2027,34757,0
000000463527.png,coverage_strong_q30_s3.0,fixed_anchor_regions,30,5,3.0000,none,01101000110001000100010011110110,11101000010001000000010011110110,0.906250,0,11.4632,11.4632,20630,0
000000463527.png,coverage_strong_q30_s3.0,fixed_anchor_regions,30,5,3.0000,jpeg_q50,01101000110001000100010011110110,01101000110001000100010011110110,1.000000,1,11.4632,13.4987,21380,0
000000463527.png,coverage_strong_q30_s3.0,fixed_anchor_regions,30,5,3.0000,jpeg_q30,01101000110001000100010011110110,01101000110001000100010011110110,1.000000,1,11.4632,13.6252,21198,0
000000463527.png,coverage_strong_q30_s3.0,fixed_anchor_regions,30,5,3.0000,gaussian_blur_1.2,01101000110001000100010011110110,01101000110001000100010011110110,1.000000,1,11.4632,13.9532,21179,0
000000463527.png,coverage_strong_q30_s3.0,fixed_anchor_regions,30,5,3.0000,median_filter_3,01101000110001000100010011110110,01101000010001000100010011110110,0.968750,0,11.4632,11.5905,20105,0
000000463527.png,coverage_strong_q30_s3.0,fixed_anchor_regions,30,5,3.0000,brightness_1.5,01101000110001000100010011110110,01101000010001000100010011110110,0.968750,0,11.4632,8.8696,20408,0
000000463527.png,coverage_strong_q30_s3.0,fixed_anchor_regions,30,5,3.0000,contrast_1.5,01101000110001000100010011110110,01101000010001000100010011110110,0.968750,0,11.4632,9.9307,21300,0
000000463527.png,coverage_strong_q30_s3.0,fixed_anchor_regions,30,5,3.0000,saturation_1.5,01101000110001000100010011110110,01101000010001000100010011110110,0.968750,0,11.4632,10.1135,20321,0
000000463527.png,coverage_strong_q30_s3.0,fixed_anchor_regions,30,5,3.0000,sharpness_2.0,01101000110001000100010011110110,01101000010001000100010011110110,0.968750,0,11.4632,10.7783,20103,0
000000463527.png,coverage_strong_q30_s3.0,fixed_anchor_regions,30,5,3.0000,bright_contrast_jpeg80,01101000110001000100010011110110,01101000010001000100010011110110,0.968750,0,11.4632,10.5960,21629,0
000000463527.png,coverage_strong_q30_s3.0,fixed_anchor_regions,30,5,3.0000,resize_0.5_jpeg50,01101000110001000100010011110110,01101000110001000100010011110110,1.000000,1,11.4632,13.9343,21133,0
000000463527.png,coverage_strong_q30_s3.0,fixed_anchor_regions,30,5,3.0000,webp_q80,01101000110001000100010011110110,01101000110001000100010011110110,1.000000,1,11.4632,13.5304,21163,0
000000463527.png,coverage_strong_q30_s3.0,fixed_anchor_regions,30,5,3.0000,webp_q50,01101000110001000100010011110110,01101000110001000100010011110110,1.000000,1,11.4632,13.5489,21508,0
000000463527.png,coverage_strong_q30_s3.0,fixed_anchor_regions,30,5,3.0000,saturation_sharpness_webp80,01101000110001000100010011110110,01101000110001000100010011110110,1.000000,1,11.4632,12.2906,21525,0
000000463527.png,coverage_robust_strong_q50_s3.0,fixed_anchor_regions,50,5,3.0000,none,01101000110001000100010011110110,11101000010001000000110011111110,0.843750,0,9.2207,9.2207,34928,0
000000463527.png,coverage_robust_strong_q50_s3.0,fixed_anchor_regions,50,5,3.0000,jpeg_q50,01101000110001000100010011110110,01101000110001000100010011110110,1.000000,1,9.2207,11.4064,36143,0
000000463527.png,coverage_robust_strong_q50_s3.0,fixed_anchor_regions,50,5,3.0000,jpeg_q30,01101000110001000100010011110110,01101000110001000100010011110110,1.000000,1,9.2207,11.5485,36666,0
000000463527.png,coverage_robust_strong_q50_s3.0,fixed_anchor_regions,50,5,3.0000,gaussian_blur_1.2,01101000110001000100010011110110,01101000110001000100010011110110,1.000000,1,9.2207,11.9227,34546,0
000000463527.png,coverage_robust_strong_q50_s3.0,fixed_anchor_regions,50,5,3.0000,median_filter_3,01101000110001000100010011110110,01101000110001000100010011110110,1.000000,1,9.2207,9.3418,34382,0
000000463527.png,coverage_robust_strong_q50_s3.0,fixed_anchor_regions,50,5,3.0000,brightness_1.5,01101000110001000100010011110110,11101000110001000100010011111110,0.937500,0,9.2207,7.3288,34656,0
000000463527.png,coverage_robust_strong_q50_s3.0,fixed_anchor_regions,50,5,3.0000,contrast_1.5,01101000110001000100010011110110,11101000110001000100010011111110,0.937500,0,9.2207,8.0329,34510,0
000000463527.png,coverage_robust_strong_q50_s3.0,fixed_anchor_regions,50,5,3.0000,saturation_1.5,01101000110001000100010011110110,11101000110001000100010011110110,0.968750,0,9.2207,8.0504,34479,0
000000463527.png,coverage_robust_strong_q50_s3.0,fixed_anchor_regions,50,5,3.0000,sharpness_2.0,01101000110001000100010011110110,01101000110001000100010011110110,1.000000,1,9.2207,8.6295,34405,0
000000463527.png,coverage_robust_strong_q50_s3.0,fixed_anchor_regions,50,5,3.0000,bright_contrast_jpeg80,01101000110001000100010011110110,01101000110001000100010011110110,1.000000,1,9.2207,9.1964,34600,0
000000463527.png,coverage_robust_strong_q50_s3.0,fixed_anchor_regions,50,5,3.0000,resize_0.5_jpeg50,01101000110001000100010011110110,01101000110001000100010011110110,1.000000,1,9.2207,11.9297,36182,0
000000463527.png,coverage_robust_strong_q50_s3.0,fixed_anchor_regions,50,5,3.0000,webp_q80,01101000110001000100010011110110,01101000110001000100010011110110,1.000000,1,9.2207,11.3893,34803,0
000000463527.png,coverage_robust_strong_q50_s3.0,fixed_anchor_regions,50,5,3.0000,webp_q50,01101000110001000100010011110110,01101000110001000100010011110110,1.000000,1,9.2207,11.4035,34848,0
000000463527.png,coverage_robust_strong_q50_s3.0,fixed_anchor_regions,50,5,3.0000,saturation_sharpness_webp80,01101000110001000100010011110110,01101000110001000100010011110110,1.000000,1,9.2207,10.2801,34635,0
