image,attack,method,bit_accuracy,message_success,psnr_watermarked,psnr_attacked,best_scale
000000005529.png,none,single_scale,1.000000,1,10.3899,10.3899,1.0
000000005529.png,none,multi_scale,1.000000,1,10.3899,10.3899,1.00
000000005529.png,center_crop_0.5,single_scale,0.500000,0,10.3899,6.9257,1.0
000000005529.png,center_crop_0.5,multi_scale,1.000000,1,10.3899,6.9257,0.50
000000005529.png,center_crop_0.75,single_scale,0.531250,0,10.3899,7.8876,1.0
000000005529.png,center_crop_0.75,multi_scale,1.000000,1,10.3899,7.8876,0.75
000000005529.png,random_crop_0.5,single_scale,0.593750,0,10.3899,8.6994,1.0
000000005529.png,random_crop_0.5,multi_scale,0.593750,0,10.3899,8.6994,1.00
000000005529.png,jpeg_q30,single_scale,1.000000,1,10.3899,12.9961,1.0
000000005529.png,jpeg_q30,multi_scale,1.000000,1,10.3899,12.9961,1.00
000000021167.png,none,single_scale,1.000000,1,10.6151,10.6151,1.0
000000021167.png,none,multi_scale,1.000000,1,10.6151,10.6151,1.00
000000021167.png,center_crop_0.5,single_scale,0.500000,0,10.6151,7.4021,1.0
000000021167.png,center_crop_0.5,multi_scale,1.000000,1,10.6151,7.4021,0.50
000000021167.png,center_crop_0.75,single_scale,0.531250,0,10.6151,8.5036,1.0
000000021167.png,center_crop_0.75,multi_scale,1.000000,1,10.6151,8.5036,0.75
000000021167.png,random_crop_0.5,single_scale,0.531250,0,10.6151,7.7566,1.0
000000021167.png,random_crop_0.5,multi_scale,0.593750,0,10.6151,7.7566,0.50
000000021167.png,jpeg_q30,single_scale,1.000000,1,10.6151,13.2009,1.0
000000021167.png,jpeg_q30,multi_scale,1.000000,1,10.6151,13.2009,1.00
000000022705.png,none,single_scale,1.000000,1,10.0887,10.0887,1.0
000000022705.png,none,multi_scale,1.000000,1,10.0887,10.0887,1.00
000000022705.png,center_crop_0.5,single_scale,0.500000,0,10.0887,7.0201,1.0
000000022705.png,center_crop_0.5,multi_scale,1.000000,1,10.0887,7.0201,0.50
000000022705.png,center_crop_0.75,single_scale,0.531250,0,10.0887,8.1954,1.0
000000022705.png,center_crop_0.75,multi_scale,1.000000,1,10.0887,8.1954,0.75
000000022705.png,random_crop_0.5,single_scale,0.562500,0,10.0887,7.0358,1.0
000000022705.png,random_crop_0.5,multi_scale,0.750000,0,10.0887,7.0358,0.50
000000022705.png,jpeg_q30,single_scale,1.000000,1,10.0887,12.9828,1.0
000000022705.png,jpeg_q30,multi_scale,1.000000,1,10.0887,12.9828,1.00
000000025228.png,none,single_scale,1.000000,1,10.1974,10.1974,1.0
000000025228.png,none,multi_scale,1.000000,1,10.1974,10.1974,1.00
000000025228.png,center_crop_0.5,single_scale,0.500000,0,10.1974,7.5830,1.0
000000025228.png,center_crop_0.5,multi_scale,1.000000,1,10.1974,7.5830,0.50
000000025228.png,center_crop_0.75,single_scale,0.500000,0,10.1974,8.6551,1.0
000000025228.png,center_crop_0.75,multi_scale,1.000000,1,10.1974,8.6551,0.75
000000025228.png,random_crop_0.5,single_scale,0.593750,0,10.1974,8.4500,1.0
000000025228.png,random_crop_0.5,multi_scale,0.593750,0,10.1974,8.4500,1.00
000000025228.png,jpeg_q30,single_scale,1.000000,1,10.1974,12.9065,1.0
000000025228.png,jpeg_q30,multi_scale,1.000000,1,10.1974,12.9065,1.00
000000027620.png,none,single_scale,1.000000,1,10.0226,10.0226,1.0
000000027620.png,none,multi_scale,1.000000,1,10.0226,10.0226,1.00
000000027620.png,center_crop_0.5,single_scale,0.500000,0,10.0226,6.7739,1.0
000000027620.png,center_crop_0.5,multi_scale,1.000000,1,10.0226,6.7739,0.50
000000027620.png,center_crop_0.75,single_scale,0.531250,0,10.0226,7.5891,1.0
000000027620.png,center_crop_0.75,multi_scale,1.000000,1,10.0226,7.5891,0.75
000000027620.png,random_crop_0.5,single_scale,0.531250,0,10.0226,7.3034,1.0
000000027620.png,random_crop_0.5,multi_scale,0.687500,0,10.0226,7.3034,0.50
000000027620.png,jpeg_q30,single_scale,1.000000,1,10.0226,13.0083,1.0
000000027620.png,jpeg_q30,multi_scale,1.000000,1,10.0226,13.0083,1.00
000000039405.png,none,single_scale,1.000000,1,10.8173,10.8173,1.0
000000039405.png,none,multi_scale,1.000000,1,10.8173,10.8173,1.00
000000039405.png,center_crop_0.5,single_scale,0.500000,0,10.8173,7.9610,1.0
000000039405.png,center_crop_0.5,multi_scale,1.000000,1,10.8173,7.9610,0.50
000000039405.png,center_crop_0.75,single_scale,0.531250,0,10.8173,9.0996,1.0
000000039405.png,center_crop_0.75,multi_scale,1.000000,1,10.8173,9.0996,0.75
000000039405.png,random_crop_0.5,single_scale,0.500000,0,10.8173,7.8058,1.0
000000039405.png,random_crop_0.5,multi_scale,0.500000,0,10.8173,7.8058,1.00
000000039405.png,jpeg_q30,single_scale,1.000000,1,10.8173,13.0954,1.0
000000039405.png,jpeg_q30,multi_scale,1.000000,1,10.8173,13.0954,1.00
000000075612.png,none,single_scale,1.000000,1,10.0977,10.0977,1.0
000000075612.png,none,multi_scale,1.000000,1,10.0977,10.0977,1.00
000000075612.png,center_crop_0.5,single_scale,0.500000,0,10.0977,6.9649,1.0
000000075612.png,center_crop_0.5,multi_scale,1.000000,1,10.0977,6.9649,0.50
000000075612.png,center_crop_0.75,single_scale,0.562500,0,10.0977,7.8792,1.0
000000075612.png,center_crop_0.75,multi_scale,1.000000,1,10.0977,7.8792,0.75
000000075612.png,random_crop_0.5,single_scale,0.468750,0,10.0977,7.0416,1.0
000000075612.png,random_crop_0.5,multi_scale,0.687500,0,10.0977,7.0416,0.50
000000075612.png,jpeg_q30,single_scale,1.000000,1,10.0977,12.9690,1.0
000000075612.png,jpeg_q30,multi_scale,1.000000,1,10.0977,12.9690,1.00
000000083531.png,none,single_scale,1.000000,1,10.0489,10.0489,1.0
000000083531.png,none,multi_scale,1.000000,1,10.0489,10.0489,1.00
000000083531.png,center_crop_0.5,single_scale,0.500000,0,10.0489,6.6866,1.0
000000083531.png,center_crop_0.5,multi_scale,1.000000,1,10.0489,6.6866,0.50
000000083531.png,center_crop_0.75,single_scale,0.531250,0,10.0489,7.7952,1.0
000000083531.png,center_crop_0.75,multi_scale,1.000000,1,10.0489,7.7952,0.75
000000083531.png,random_crop_0.5,single_scale,0.500000,0,10.0489,8.3430,1.0
000000083531.png,random_crop_0.5,multi_scale,0.843750,0,10.0489,8.3430,0.50
000000083531.png,jpeg_q30,single_scale,1.000000,1,10.0489,12.8817,1.0
000000083531.png,jpeg_q30,multi_scale,1.000000,1,10.0489,12.8817,1.00
000000088848.png,none,single_scale,1.000000,1,10.1326,10.1326,1.0
000000088848.png,none,multi_scale,1.000000,1,10.1326,10.1326,1.00
000000088848.png,center_crop_0.5,single_scale,0.500000,0,10.1326,6.2482,1.0
000000088848.png,center_crop_0.5,multi_scale,1.000000,1,10.1326,6.2482,0.50
000000088848.png,center_crop_0.75,single_scale,0.500000,0,10.1326,6.8604,1.0
000000088848.png,center_crop_0.75,multi_scale,1.000000,1,10.1326,6.8604,0.75
000000088848.png,random_crop_0.5,single_scale,0.562500,0,10.1326,7.6307,1.0
000000088848.png,random_crop_0.5,multi_scale,0.656250,0,10.1326,7.6307,0.50
000000088848.png,jpeg_q30,single_scale,1.000000,1,10.1326,12.9265,1.0
000000088848.png,jpeg_q30,multi_scale,1.000000,1,10.1326,12.9265,1.00
000000089648.png,none,single_scale,1.000000,1,10.2146,10.2146,1.0
000000089648.png,none,multi_scale,1.000000,1,10.2146,10.2146,1.00
000000089648.png,center_crop_0.5,single_scale,0.500000,0,10.2146,7.1466,1.0
000000089648.png,center_crop_0.5,multi_scale,1.000000,1,10.2146,7.1466,0.50
000000089648.png,center_crop_0.75,single_scale,0.531250,0,10.2146,7.8921,1.0
000000089648.png,center_crop_0.75,multi_scale,1.000000,1,10.2146,7.8921,0.75
000000089648.png,random_crop_0.5,single_scale,0.500000,0,10.2146,7.6561,1.0
000000089648.png,random_crop_0.5,multi_scale,0.750000,0,10.2146,7.6561,0.50
000000089648.png,jpeg_q30,single_scale,1.000000,1,10.2146,12.8960,1.0
000000089648.png,jpeg_q30,multi_scale,1.000000,1,10.2146,12.8960,1.00
000000092177.png,none,single_scale,1.000000,1,10.4022,10.4022,1.0
000000092177.png,none,multi_scale,1.000000,1,10.4022,10.4022,1.00
000000092177.png,center_crop_0.5,single_scale,0.500000,0,10.4022,5.8281,1.0
000000092177.png,center_crop_0.5,multi_scale,1.000000,1,10.4022,5.8281,0.50
000000092177.png,center_crop_0.75,single_scale,0.531250,0,10.4022,7.1549,1.0
000000092177.png,center_crop_0.75,multi_scale,1.000000,1,10.4022,7.1549,0.75
000000092177.png,random_crop_0.5,single_scale,0.437500,0,10.4022,6.3235,1.0
000000092177.png,random_crop_0.5,multi_scale,0.750000,0,10.4022,6.3235,0.50
000000092177.png,jpeg_q30,single_scale,1.000000,1,10.4022,12.9832,1.0
000000092177.png,jpeg_q30,multi_scale,1.000000,1,10.4022,12.9832,1.00
000000098392.png,none,single_scale,1.000000,1,10.3808,10.3808,1.0
000000098392.png,none,multi_scale,1.000000,1,10.3808,10.3808,1.00
000000098392.png,center_crop_0.5,single_scale,0.500000,0,10.3808,7.0581,1.0
000000098392.png,center_crop_0.5,multi_scale,1.000000,1,10.3808,7.0581,0.50
000000098392.png,center_crop_0.75,single_scale,0.531250,0,10.3808,7.8475,1.0
000000098392.png,center_crop_0.75,multi_scale,1.000000,1,10.3808,7.8475,0.75
000000098392.png,random_crop_0.5,single_scale,0.406250,0,10.3808,6.6704,1.0
000000098392.png,random_crop_0.5,multi_scale,0.750000,0,10.3808,6.6704,0.50
000000098392.png,jpeg_q30,single_scale,1.000000,1,10.3808,12.9899,1.0
000000098392.png,jpeg_q30,multi_scale,1.000000,1,10.3808,12.9899,1.00
000000098520.png,none,single_scale,1.000000,1,10.2634,10.2634,1.0
000000098520.png,none,multi_scale,1.000000,1,10.2634,10.2634,1.00
000000098520.png,center_crop_0.5,single_scale,0.500000,0,10.2634,7.7319,1.0
000000098520.png,center_crop_0.5,multi_scale,1.000000,1,10.2634,7.7319,0.50
000000098520.png,center_crop_0.75,single_scale,0.531250,0,10.2634,9.2153,1.0
000000098520.png,center_crop_0.75,multi_scale,1.000000,1,10.2634,9.2153,0.75
000000098520.png,random_crop_0.5,single_scale,0.500000,0,10.2634,8.0696,1.0
000000098520.png,random_crop_0.5,multi_scale,0.593750,0,10.2634,8.0696,0.50
000000098520.png,jpeg_q30,single_scale,1.000000,1,10.2634,12.9957,1.0
000000098520.png,jpeg_q30,multi_scale,1.000000,1,10.2634,12.9957,1.00
000000107554.png,none,single_scale,1.000000,1,10.1989,10.1989,1.0
000000107554.png,none,multi_scale,1.000000,1,10.1989,10.1989,1.00
000000107554.png,center_crop_0.5,single_scale,0.500000,0,10.1989,7.3615,1.0
000000107554.png,center_crop_0.5,multi_scale,1.000000,1,10.1989,7.3615,0.50
000000107554.png,center_crop_0.75,single_scale,0.500000,0,10.1989,8.1657,1.0
000000107554.png,center_crop_0.75,multi_scale,1.000000,1,10.1989,8.1657,0.75
000000107554.png,random_crop_0.5,single_scale,0.531250,0,10.1989,7.0688,1.0
000000107554.png,random_crop_0.5,multi_scale,0.656250,0,10.1989,7.0688,0.50
000000107554.png,jpeg_q30,single_scale,1.000000,1,10.1989,12.8921,1.0
000000107554.png,jpeg_q30,multi_scale,1.000000,1,10.1989,12.8921,1.00
000000121673.png,none,single_scale,1.000000,1,9.9752,9.9752,1.0
000000121673.png,none,multi_scale,1.000000,1,9.9752,9.9752,1.00
000000121673.png,center_crop_0.5,single_scale,0.500000,0,9.9752,6.9265,1.0
000000121673.png,center_crop_0.5,multi_scale,1.000000,1,9.9752,6.9265,0.50
000000121673.png,center_crop_0.75,single_scale,0.531250,0,9.9752,7.8314,1.0
000000121673.png,center_crop_0.75,multi_scale,1.000000,1,9.9752,7.8314,0.75
000000121673.png,random_crop_0.5,single_scale,0.500000,0,9.9752,7.1828,1.0
000000121673.png,random_crop_0.5,multi_scale,0.812500,0,9.9752,7.1828,0.50
000000121673.png,jpeg_q30,single_scale,1.000000,1,9.9752,12.9217,1.0
000000121673.png,jpeg_q30,multi_scale,1.000000,1,9.9752,12.9217,1.00
000000134322.png,none,single_scale,1.000000,1,10.5075,10.5075,1.0
000000134322.png,none,multi_scale,1.000000,1,10.5075,10.5075,1.00
000000134322.png,center_crop_0.5,single_scale,0.500000,0,10.5075,7.4919,1.0
000000134322.png,center_crop_0.5,multi_scale,1.000000,1,10.5075,7.4919,0.50
000000134322.png,center_crop_0.75,single_scale,0.531250,0,10.5075,8.9362,1.0
000000134322.png,center_crop_0.75,multi_scale,1.000000,1,10.5075,8.9362,0.75
000000134322.png,random_crop_0.5,single_scale,0.562500,0,10.5075,8.2535,1.0
000000134322.png,random_crop_0.5,multi_scale,0.812500,0,10.5075,8.2535,0.50
000000134322.png,jpeg_q30,single_scale,1.000000,1,10.5075,12.9889,1.0
000000134322.png,jpeg_q30,multi_scale,1.000000,1,10.5075,12.9889,1.00
000000150649.png,none,single_scale,1.000000,1,9.7372,9.7372,1.0
000000150649.png,none,multi_scale,1.000000,1,9.7372,9.7372,1.00
000000150649.png,center_crop_0.5,single_scale,0.500000,0,9.7372,6.8901,1.0
000000150649.png,center_crop_0.5,multi_scale,1.000000,1,9.7372,6.8901,0.50
000000150649.png,center_crop_0.75,single_scale,0.531250,0,9.7372,8.2106,1.0
000000150649.png,center_crop_0.75,multi_scale,1.000000,1,9.7372,8.2106,0.75
000000150649.png,random_crop_0.5,single_scale,0.625000,0,9.7372,7.2021,1.0
000000150649.png,random_crop_0.5,multi_scale,0.750000,0,9.7372,7.2021,0.50
000000150649.png,jpeg_q30,single_scale,1.000000,1,9.7372,12.8317,1.0
000000150649.png,jpeg_q30,multi_scale,1.000000,1,9.7372,12.8317,1.00
000000154000.png,none,single_scale,1.000000,1,10.2240,10.2240,1.0
000000154000.png,none,multi_scale,1.000000,1,10.2240,10.2240,1.00
000000154000.png,center_crop_0.5,single_scale,0.500000,0,10.2240,6.2151,1.0
000000154000.png,center_crop_0.5,multi_scale,1.000000,1,10.2240,6.2151,0.50
000000154000.png,center_crop_0.75,single_scale,0.531250,0,10.2240,7.6719,1.0
000000154000.png,center_crop_0.75,multi_scale,1.000000,1,10.2240,7.6719,0.75
000000154000.png,random_crop_0.5,single_scale,0.500000,0,10.2240,6.1328,1.0
000000154000.png,random_crop_0.5,multi_scale,0.500000,0,10.2240,6.1328,1.00
000000154000.png,jpeg_q30,single_scale,1.000000,1,10.2240,12.9862,1.0
000000154000.png,jpeg_q30,multi_scale,1.000000,1,10.2240,12.9862,1.00
000000186632.png,none,single_scale,1.000000,1,10.1591,10.1591,1.0
000000186632.png,none,multi_scale,1.000000,1,10.1591,10.1591,1.00
000000186632.png,center_crop_0.5,single_scale,0.500000,0,10.1591,7.1500,1.0
000000186632.png,center_crop_0.5,multi_scale,1.000000,1,10.1591,7.1500,0.50
000000186632.png,center_crop_0.75,single_scale,0.531250,0,10.1591,7.8929,1.0
000000186632.png,center_crop_0.75,multi_scale,1.000000,1,10.1591,7.8929,0.75
000000186632.png,random_crop_0.5,single_scale,0.500000,0,10.1591,6.5228,1.0
000000186632.png,random_crop_0.5,multi_scale,0.937500,0,10.1591,6.5228,0.50
000000186632.png,jpeg_q30,single_scale,1.000000,1,10.1591,12.9004,1.0
000000186632.png,jpeg_q30,multi_scale,1.000000,1,10.1591,12.9004,1.00
000000201775.png,none,single_scale,1.000000,1,9.9217,9.9217,1.0
000000201775.png,none,multi_scale,1.000000,1,9.9217,9.9217,1.00
000000201775.png,center_crop_0.5,single_scale,0.500000,0,9.9217,6.6920,1.0
000000201775.png,center_crop_0.5,multi_scale,1.000000,1,9.9217,6.6920,0.50
000000201775.png,center_crop_0.75,single_scale,0.500000,0,9.9217,7.4504,1.0
000000201775.png,center_crop_0.75,multi_scale,1.000000,1,9.9217,7.4504,0.75
000000201775.png,random_crop_0.5,single_scale,0.500000,0,9.9217,8.1516,1.0
000000201775.png,random_crop_0.5,multi_scale,0.500000,0,9.9217,8.1516,1.00
000000201775.png,jpeg_q30,single_scale,1.000000,1,9.9217,12.9820,1.0
000000201775.png,jpeg_q30,multi_scale,1.000000,1,9.9217,12.9820,1.00
000000205647.png,none,single_scale,1.000000,1,9.8941,9.8941,1.0
000000205647.png,none,multi_scale,1.000000,1,9.8941,9.8941,1.00
000000205647.png,center_crop_0.5,single_scale,0.500000,0,9.8941,7.1636,1.0
000000205647.png,center_crop_0.5,multi_scale,1.000000,1,9.8941,7.1636,0.50
000000205647.png,center_crop_0.75,single_scale,0.531250,0,9.8941,7.9019,1.0
000000205647.png,center_crop_0.75,multi_scale,1.000000,1,9.8941,7.9019,0.75
000000205647.png,random_crop_0.5,single_scale,0.500000,0,9.8941,6.9692,1.0
000000205647.png,random_crop_0.5,multi_scale,0.718750,0,9.8941,6.9692,0.50
000000205647.png,jpeg_q30,single_scale,1.000000,1,9.8941,12.7337,1.0
000000205647.png,jpeg_q30,multi_scale,1.000000,1,9.8941,12.7337,1.00
000000207306.png,none,single_scale,1.000000,1,10.0106,10.0106,1.0
000000207306.png,none,multi_scale,1.000000,1,10.0106,10.0106,1.00
000000207306.png,center_crop_0.5,single_scale,0.500000,0,10.0106,6.9930,1.0
000000207306.png,center_crop_0.5,multi_scale,1.000000,1,10.0106,6.9930,0.50
000000207306.png,center_crop_0.75,single_scale,0.531250,0,10.0106,8.7353,1.0
000000207306.png,center_crop_0.75,multi_scale,1.000000,1,10.0106,8.7353,0.75
000000207306.png,random_crop_0.5,single_scale,0.437500,0,10.0106,8.4535,1.0
000000207306.png,random_crop_0.5,multi_scale,0.625000,0,10.0106,8.4535,0.50
000000207306.png,jpeg_q30,single_scale,1.000000,1,10.0106,12.8841,1.0
000000207306.png,jpeg_q30,multi_scale,1.000000,1,10.0106,12.8841,1.00
000000210299.png,none,single_scale,1.000000,1,10.0326,10.0326,1.0
000000210299.png,none,multi_scale,1.000000,1,10.0326,10.0326,1.00
000000210299.png,center_crop_0.5,single_scale,0.500000,0,10.0326,6.9366,1.0
000000210299.png,center_crop_0.5,multi_scale,1.000000,1,10.0326,6.9366,0.50
000000210299.png,center_crop_0.75,single_scale,0.531250,0,10.0326,8.3466,1.0
000000210299.png,center_crop_0.75,multi_scale,1.000000,1,10.0326,8.3466,0.75
000000210299.png,random_crop_0.5,single_scale,0.468750,0,10.0326,8.6234,1.0
000000210299.png,random_crop_0.5,multi_scale,0.812500,0,10.0326,8.6234,0.50
000000210299.png,jpeg_q30,single_scale,1.000000,1,10.0326,12.9627,1.0
000000210299.png,jpeg_q30,multi_scale,1.000000,1,10.0326,12.9627,1.00
000000219440.png,none,single_scale,1.000000,1,10.4322,10.4322,1.0
000000219440.png,none,multi_scale,1.000000,1,10.4322,10.4322,1.00
000000219440.png,center_crop_0.5,single_scale,0.500000,0,10.4322,7.3576,1.0
000000219440.png,center_crop_0.5,multi_scale,1.000000,1,10.4322,7.3576,0.50
000000219440.png,center_crop_0.75,single_scale,0.531250,0,10.4322,8.5448,1.0
000000219440.png,center_crop_0.75,multi_scale,1.000000,1,10.4322,8.5448,0.75
000000219440.png,random_crop_0.5,single_scale,0.500000,0,10.4322,7.1893,1.0
000000219440.png,random_crop_0.5,multi_scale,0.843750,0,10.4322,7.1893,0.50
000000219440.png,jpeg_q30,single_scale,1.000000,1,10.4322,13.0411,1.0
000000219440.png,jpeg_q30,multi_scale,1.000000,1,10.4322,13.0411,1.00
000000230166.png,none,single_scale,1.000000,1,10.1357,10.1357,1.0
000000230166.png,none,multi_scale,1.000000,1,10.1357,10.1357,1.00
000000230166.png,center_crop_0.5,single_scale,0.500000,0,10.1357,7.3436,1.0
000000230166.png,center_crop_0.5,multi_scale,1.000000,1,10.1357,7.3436,0.50
000000230166.png,center_crop_0.75,single_scale,0.593750,0,10.1357,8.4037,1.0
000000230166.png,center_crop_0.75,multi_scale,1.000000,1,10.1357,8.4037,0.75
000000230166.png,random_crop_0.5,single_scale,0.343750,0,10.1357,7.9270,1.0
000000230166.png,random_crop_0.5,multi_scale,0.750000,0,10.1357,7.9270,0.50
000000230166.png,jpeg_q30,single_scale,1.000000,1,10.1357,12.9970,1.0
000000230166.png,jpeg_q30,multi_scale,1.000000,1,10.1357,12.9970,1.00
000000249180.png,none,single_scale,1.000000,1,10.1005,10.1005,1.0
000000249180.png,none,multi_scale,1.000000,1,10.1005,10.1005,1.00
000000249180.png,center_crop_0.5,single_scale,0.500000,0,10.1005,6.7880,1.0
000000249180.png,center_crop_0.5,multi_scale,1.000000,1,10.1005,6.7880,0.50
000000249180.png,center_crop_0.75,single_scale,0.500000,0,10.1005,7.8116,1.0
000000249180.png,center_crop_0.75,multi_scale,1.000000,1,10.1005,7.8116,0.75
000000249180.png,random_crop_0.5,single_scale,0.500000,0,10.1005,8.8445,1.0
000000249180.png,random_crop_0.5,multi_scale,0.500000,0,10.1005,8.8445,1.00
000000249180.png,jpeg_q30,single_scale,1.000000,1,10.1005,12.7686,1.0
000000249180.png,jpeg_q30,multi_scale,1.000000,1,10.1005,12.7686,1.00
000000260657.png,none,single_scale,1.000000,1,10.3642,10.3642,1.0
000000260657.png,none,multi_scale,1.000000,1,10.3642,10.3642,1.00
000000260657.png,center_crop_0.5,single_scale,0.500000,0,10.3642,6.2740,1.0
000000260657.png,center_crop_0.5,multi_scale,1.000000,1,10.3642,6.2740,0.50
000000260657.png,center_crop_0.75,single_scale,0.562500,0,10.3642,6.8996,1.0
000000260657.png,center_crop_0.75,multi_scale,1.000000,1,10.3642,6.8996,0.75
000000260657.png,random_crop_0.5,single_scale,0.593750,0,10.3642,7.4279,1.0
000000260657.png,random_crop_0.5,multi_scale,0.750000,0,10.3642,7.4279,0.50
000000260657.png,jpeg_q30,single_scale,1.000000,1,10.3642,12.9241,1.0
000000260657.png,jpeg_q30,multi_scale,1.000000,1,10.3642,12.9241,1.00
000000262938.png,none,single_scale,1.000000,1,10.0849,10.0849,1.0
000000262938.png,none,multi_scale,1.000000,1,10.0849,10.0849,1.00
000000262938.png,center_crop_0.5,single_scale,0.500000,0,10.0849,6.1654,1.0
000000262938.png,center_crop_0.5,multi_scale,1.000000,1,10.0849,6.1654,0.50
000000262938.png,center_crop_0.75,single_scale,0.531250,0,10.0849,6.4216,1.0
000000262938.png,center_crop_0.75,multi_scale,1.000000,1,10.0849,6.4216,0.75
000000262938.png,random_crop_0.5,single_scale,0.500000,0,10.0849,6.4783,1.0
000000262938.png,random_crop_0.5,multi_scale,0.656250,0,10.0849,6.4783,0.50
000000262938.png,jpeg_q30,single_scale,1.000000,1,10.0849,12.9082,1.0
000000262938.png,jpeg_q30,multi_scale,1.000000,1,10.0849,12.9082,1.00
000000263299.png,none,single_scale,1.000000,1,10.2428,10.2428,1.0
000000263299.png,none,multi_scale,1.000000,1,10.2428,10.2428,1.00
000000263299.png,center_crop_0.5,single_scale,0.500000,0,10.2428,6.7579,1.0
000000263299.png,center_crop_0.5,multi_scale,1.000000,1,10.2428,6.7579,0.50
000000263299.png,center_crop_0.75,single_scale,0.531250,0,10.2428,7.8506,1.0
000000263299.png,center_crop_0.75,multi_scale,1.000000,1,10.2428,7.8506,0.75
000000263299.png,random_crop_0.5,single_scale,0.500000,0,10.2428,6.7452,1.0
000000263299.png,random_crop_0.5,multi_scale,0.781250,0,10.2428,6.7452,0.50
000000263299.png,jpeg_q30,single_scale,1.000000,1,10.2428,12.9166,1.0
000000263299.png,jpeg_q30,multi_scale,1.000000,1,10.2428,12.9166,1.00
000000319617.png,none,single_scale,1.000000,1,9.8478,9.8478,1.0
000000319617.png,none,multi_scale,1.000000,1,9.8478,9.8478,1.00
000000319617.png,center_crop_0.5,single_scale,0.500000,0,9.8478,6.6295,1.0
000000319617.png,center_crop_0.5,multi_scale,1.000000,1,9.8478,6.6295,0.50
000000319617.png,center_crop_0.75,single_scale,0.531250,0,9.8478,7.9073,1.0
000000319617.png,center_crop_0.75,multi_scale,1.000000,1,9.8478,7.9073,0.75
000000319617.png,random_crop_0.5,single_scale,0.500000,0,9.8478,8.0650,1.0
000000319617.png,random_crop_0.5,multi_scale,0.593750,0,9.8478,8.0650,0.50
000000319617.png,jpeg_q30,single_scale,1.000000,1,9.8478,12.9235,1.0
000000319617.png,jpeg_q30,multi_scale,1.000000,1,9.8478,12.9235,1.00
000000322895.png,none,single_scale,1.000000,1,10.0660,10.0660,1.0
000000322895.png,none,multi_scale,1.000000,1,10.0660,10.0660,1.00
000000322895.png,center_crop_0.5,single_scale,0.500000,0,10.0660,7.3762,1.0
000000322895.png,center_crop_0.5,multi_scale,1.000000,1,10.0660,7.3762,0.50
000000322895.png,center_crop_0.75,single_scale,0.531250,0,10.0660,8.4919,1.0
000000322895.png,center_crop_0.75,multi_scale,1.000000,1,10.0660,8.4919,0.75
000000322895.png,random_crop_0.5,single_scale,0.562500,0,10.0660,7.6526,1.0
000000322895.png,random_crop_0.5,multi_scale,0.750000,0,10.0660,7.6526,0.50
000000322895.png,jpeg_q30,single_scale,1.000000,1,10.0660,12.9820,1.0
000000322895.png,jpeg_q30,multi_scale,1.000000,1,10.0660,12.9820,1.00
000000326128.png,none,single_scale,1.000000,1,10.2236,10.2236,1.0
000000326128.png,none,multi_scale,1.000000,1,10.2236,10.2236,1.00
000000326128.png,center_crop_0.5,single_scale,0.500000,0,10.2236,6.4802,1.0
000000326128.png,center_crop_0.5,multi_scale,1.000000,1,10.2236,6.4802,0.50
000000326128.png,center_crop_0.75,single_scale,0.531250,0,10.2236,7.7230,1.0
000000326128.png,center_crop_0.75,multi_scale,1.000000,1,10.2236,7.7230,0.75
000000326128.png,random_crop_0.5,single_scale,0.437500,0,10.2236,7.0530,1.0
000000326128.png,random_crop_0.5,multi_scale,0.750000,0,10.2236,7.0530,0.50
000000326128.png,jpeg_q30,single_scale,1.000000,1,10.2236,12.9467,1.0
000000326128.png,jpeg_q30,multi_scale,1.000000,1,10.2236,12.9467,1.00
000000341681.png,none,single_scale,1.000000,1,9.5006,9.5006,1.0
000000341681.png,none,multi_scale,1.000000,1,9.5006,9.5006,1.00
000000341681.png,center_crop_0.5,single_scale,0.500000,0,9.5006,7.0591,1.0
000000341681.png,center_crop_0.5,multi_scale,1.000000,1,9.5006,7.0591,0.50
000000341681.png,center_crop_0.75,single_scale,0.531250,0,9.5006,8.0564,1.0
000000341681.png,center_crop_0.75,multi_scale,1.000000,1,9.5006,8.0564,0.75
000000341681.png,random_crop_0.5,single_scale,0.468750,0,9.5006,7.0482,1.0
000000341681.png,random_crop_0.5,multi_scale,0.718750,0,9.5006,7.0482,0.50
000000341681.png,jpeg_q30,single_scale,1.000000,1,9.5006,12.8318,1.0
000000341681.png,jpeg_q30,multi_scale,1.000000,1,9.5006,12.8318,1.00
000000358427.png,none,single_scale,1.000000,1,10.2963,10.2963,1.0
000000358427.png,none,multi_scale,1.000000,1,10.2963,10.2963,1.00
000000358427.png,center_crop_0.5,single_scale,0.500000,0,10.2963,7.7397,1.0
000000358427.png,center_crop_0.5,multi_scale,1.000000,1,10.2963,7.7397,0.50
000000358427.png,center_crop_0.75,single_scale,0.500000,0,10.2963,8.8467,1.0
000000358427.png,center_crop_0.75,multi_scale,1.000000,1,10.2963,8.8467,0.75
000000358427.png,random_crop_0.5,single_scale,0.500000,0,10.2963,8.7519,1.0
000000358427.png,random_crop_0.5,multi_scale,0.718750,0,10.2963,8.7519,0.50
000000358427.png,jpeg_q30,single_scale,0.968750,0,10.2963,13.0628,1.0
000000358427.png,jpeg_q30,multi_scale,0.968750,0,10.2963,13.0628,1.00
000000360137.png,none,single_scale,1.000000,1,10.7689,10.7689,1.0
000000360137.png,none,multi_scale,1.000000,1,10.7689,10.7689,1.00
000000360137.png,center_crop_0.5,single_scale,0.500000,0,10.7689,7.5065,1.0
000000360137.png,center_crop_0.5,multi_scale,1.000000,1,10.7689,7.5065,0.50
000000360137.png,center_crop_0.75,single_scale,0.500000,0,10.7689,8.5315,1.0
000000360137.png,center_crop_0.75,multi_scale,1.000000,1,10.7689,8.5315,0.75
000000360137.png,random_crop_0.5,single_scale,0.468750,0,10.7689,7.9318,1.0
000000360137.png,random_crop_0.5,multi_scale,0.781250,0,10.7689,7.9318,0.50
000000360137.png,jpeg_q30,single_scale,1.000000,1,10.7689,12.9351,1.0
000000360137.png,jpeg_q30,multi_scale,1.000000,1,10.7689,12.9351,1.00
000000397681.png,none,single_scale,1.000000,1,10.1504,10.1504,1.0
000000397681.png,none,multi_scale,1.000000,1,10.1504,10.1504,1.00
000000397681.png,center_crop_0.5,single_scale,0.500000,0,10.1504,6.4279,1.0
000000397681.png,center_crop_0.5,multi_scale,1.000000,1,10.1504,6.4279,0.50
000000397681.png,center_crop_0.75,single_scale,0.531250,0,10.1504,6.9564,1.0
000000397681.png,center_crop_0.75,multi_scale,1.000000,1,10.1504,6.9564,0.75
000000397681.png,random_crop_0.5,single_scale,0.468750,0,10.1504,6.4918,1.0
000000397681.png,random_crop_0.5,multi_scale,0.718750,0,10.1504,6.4918,0.50
000000397681.png,jpeg_q30,single_scale,1.000000,1,10.1504,12.5861,1.0
000000397681.png,jpeg_q30,multi_scale,1.000000,1,10.1504,12.5861,1.00
000000400573.png,none,single_scale,1.000000,1,9.8577,9.8577,1.0
000000400573.png,none,multi_scale,1.000000,1,9.8577,9.8577,1.00
000000400573.png,center_crop_0.5,single_scale,0.500000,0,9.8577,6.8505,1.0
000000400573.png,center_crop_0.5,multi_scale,1.000000,1,9.8577,6.8505,0.50
000000400573.png,center_crop_0.75,single_scale,0.531250,0,9.8577,7.5484,1.0
000000400573.png,center_crop_0.75,multi_scale,1.000000,1,9.8577,7.5484,0.75
000000400573.png,random_crop_0.5,single_scale,0.500000,0,9.8577,6.9584,1.0
000000400573.png,random_crop_0.5,multi_scale,0.781250,0,9.8577,6.9584,0.50
000000400573.png,jpeg_q30,single_scale,1.000000,1,9.8577,12.9913,1.0
000000400573.png,jpeg_q30,multi_scale,1.000000,1,9.8577,12.9913,1.00
000000401250.png,none,single_scale,1.000000,1,9.4467,9.4467,1.0
000000401250.png,none,multi_scale,1.000000,1,9.4467,9.4467,1.00
000000401250.png,center_crop_0.5,single_scale,0.500000,0,9.4467,7.0847,1.0
000000401250.png,center_crop_0.5,multi_scale,1.000000,1,9.4467,7.0847,0.50
000000401250.png,center_crop_0.75,single_scale,0.562500,0,9.4467,7.8176,1.0
000000401250.png,center_crop_0.75,multi_scale,1.000000,1,9.4467,7.8176,0.75
000000401250.png,random_crop_0.5,single_scale,0.500000,0,9.4467,7.8189,1.0
000000401250.png,random_crop_0.5,multi_scale,0.625000,0,9.4467,7.8189,0.50
000000401250.png,jpeg_q30,single_scale,1.000000,1,9.4467,12.7524,1.0
000000401250.png,jpeg_q30,multi_scale,1.000000,1,9.4467,12.7524,1.00
000000426372.png,none,single_scale,1.000000,1,10.5816,10.5816,1.0
000000426372.png,none,multi_scale,1.000000,1,10.5816,10.5816,1.00
000000426372.png,center_crop_0.5,single_scale,0.500000,0,10.5816,5.9912,1.0
000000426372.png,center_crop_0.5,multi_scale,1.000000,1,10.5816,5.9912,0.50
000000426372.png,center_crop_0.75,single_scale,0.531250,0,10.5816,7.1278,1.0
000000426372.png,center_crop_0.75,multi_scale,1.000000,1,10.5816,7.1278,0.75
000000426372.png,random_crop_0.5,single_scale,0.468750,0,10.5816,6.8543,1.0
000000426372.png,random_crop_0.5,multi_scale,0.531250,0,10.5816,6.8543,0.50
000000426372.png,jpeg_q30,single_scale,1.000000,1,10.5816,12.8711,1.0
000000426372.png,jpeg_q30,multi_scale,1.000000,1,10.5816,12.8711,1.00
000000437351.png,none,single_scale,1.000000,1,10.5279,10.5279,1.0
000000437351.png,none,multi_scale,1.000000,1,10.5279,10.5279,1.00
000000437351.png,center_crop_0.5,single_scale,0.500000,0,10.5279,6.3512,1.0
000000437351.png,center_crop_0.5,multi_scale,1.000000,1,10.5279,6.3512,0.50
000000437351.png,center_crop_0.75,single_scale,0.562500,0,10.5279,6.9029,1.0
000000437351.png,center_crop_0.75,multi_scale,1.000000,1,10.5279,6.9029,0.75
000000437351.png,random_crop_0.5,single_scale,0.562500,0,10.5279,6.4187,1.0
000000437351.png,random_crop_0.5,multi_scale,0.656250,0,10.5279,6.4187,0.50
000000437351.png,jpeg_q30,single_scale,1.000000,1,10.5279,12.7984,1.0
000000437351.png,jpeg_q30,multi_scale,1.000000,1,10.5279,12.7984,1.00
000000477805.png,none,single_scale,1.000000,1,11.1685,11.1685,1.0
000000477805.png,none,multi_scale,1.000000,1,11.1685,11.1685,1.00
000000477805.png,center_crop_0.5,single_scale,0.500000,0,11.1685,8.8760,1.0
000000477805.png,center_crop_0.5,multi_scale,1.000000,1,11.1685,8.8760,0.50
000000477805.png,center_crop_0.75,single_scale,0.531250,0,11.1685,9.8465,1.0
000000477805.png,center_crop_0.75,multi_scale,1.000000,1,11.1685,9.8465,0.75
000000477805.png,random_crop_0.5,single_scale,0.687500,0,11.1685,11.8107,1.0
000000477805.png,random_crop_0.5,multi_scale,0.750000,0,11.1685,11.8107,0.50
000000477805.png,jpeg_q30,single_scale,1.000000,1,11.1685,12.7079,1.0
000000477805.png,jpeg_q30,multi_scale,1.000000,1,11.1685,12.7079,1.00
000000508730.png,none,single_scale,1.000000,1,10.0376,10.0376,1.0
000000508730.png,none,multi_scale,1.000000,1,10.0376,10.0376,1.00
000000508730.png,center_crop_0.5,single_scale,0.500000,0,10.0376,7.0046,1.0
000000508730.png,center_crop_0.5,multi_scale,1.000000,1,10.0376,7.0046,0.50
000000508730.png,center_crop_0.75,single_scale,0.500000,0,10.0376,8.6464,1.0
000000508730.png,center_crop_0.75,multi_scale,1.000000,1,10.0376,8.6464,0.75
000000508730.png,random_crop_0.5,single_scale,0.468750,0,10.0376,8.1454,1.0
000000508730.png,random_crop_0.5,multi_scale,0.687500,0,10.0376,8.1454,0.50
000000508730.png,jpeg_q30,single_scale,1.000000,1,10.0376,12.8367,1.0
000000508730.png,jpeg_q30,multi_scale,1.000000,1,10.0376,12.8367,1.00
000000517056.png,none,single_scale,1.000000,1,10.5434,10.5434,1.0
000000517056.png,none,multi_scale,1.000000,1,10.5434,10.5434,1.00
000000517056.png,center_crop_0.5,single_scale,0.500000,0,10.5434,6.2731,1.0
000000517056.png,center_crop_0.5,multi_scale,1.000000,1,10.5434,6.2731,0.50
000000517056.png,center_crop_0.75,single_scale,0.500000,0,10.5434,7.4508,1.0
000000517056.png,center_crop_0.75,multi_scale,1.000000,1,10.5434,7.4508,0.75
000000517056.png,random_crop_0.5,single_scale,0.500000,0,10.5434,6.3526,1.0
000000517056.png,random_crop_0.5,multi_scale,0.656250,0,10.5434,6.3526,0.50
000000517056.png,jpeg_q30,single_scale,1.000000,1,10.5434,12.9615,1.0
000000517056.png,jpeg_q30,multi_scale,1.000000,1,10.5434,12.9615,1.00
000000517687.png,none,single_scale,1.000000,1,10.3701,10.3701,1.0
000000517687.png,none,multi_scale,1.000000,1,10.3701,10.3701,1.00
000000517687.png,center_crop_0.5,single_scale,0.500000,0,10.3701,6.7517,1.0
000000517687.png,center_crop_0.5,multi_scale,1.000000,1,10.3701,6.7517,0.50
000000517687.png,center_crop_0.75,single_scale,0.531250,0,10.3701,7.1614,1.0
000000517687.png,center_crop_0.75,multi_scale,1.000000,1,10.3701,7.1614,0.75
000000517687.png,random_crop_0.5,single_scale,0.625000,0,10.3701,6.4892,1.0
000000517687.png,random_crop_0.5,multi_scale,0.687500,0,10.3701,6.4892,0.50
000000517687.png,jpeg_q30,single_scale,1.000000,1,10.3701,12.9377,1.0
000000517687.png,jpeg_q30,multi_scale,1.000000,1,10.3701,12.9377,1.00
000000523957.png,none,single_scale,1.000000,1,10.4108,10.4108,1.0
000000523957.png,none,multi_scale,1.000000,1,10.4108,10.4108,1.00
000000523957.png,center_crop_0.5,single_scale,0.500000,0,10.4108,7.0747,1.0
000000523957.png,center_crop_0.5,multi_scale,1.000000,1,10.4108,7.0747,0.50
000000523957.png,center_crop_0.75,single_scale,0.500000,0,10.4108,7.9509,1.0
000000523957.png,center_crop_0.75,multi_scale,1.000000,1,10.4108,7.9509,0.75
000000523957.png,random_crop_0.5,single_scale,0.625000,0,10.4108,7.7498,1.0
000000523957.png,random_crop_0.5,multi_scale,0.656250,0,10.4108,7.7498,0.50
000000523957.png,jpeg_q30,single_scale,1.000000,1,10.4108,12.9560,1.0
000000523957.png,jpeg_q30,multi_scale,1.000000,1,10.4108,12.9560,1.00
000000533145.png,none,single_scale,1.000000,1,10.5773,10.5773,1.0
000000533145.png,none,multi_scale,1.000000,1,10.5773,10.5773,1.00
000000533145.png,center_crop_0.5,single_scale,0.500000,0,10.5773,7.2012,1.0
000000533145.png,center_crop_0.5,multi_scale,1.000000,1,10.5773,7.2012,0.50
000000533145.png,center_crop_0.75,single_scale,0.531250,0,10.5773,8.4031,1.0
000000533145.png,center_crop_0.75,multi_scale,1.000000,1,10.5773,8.4031,0.75
000000533145.png,random_crop_0.5,single_scale,0.531250,0,10.5773,7.1152,1.0
000000533145.png,random_crop_0.5,multi_scale,0.875000,0,10.5773,7.1152,0.50
000000533145.png,jpeg_q30,single_scale,0.968750,0,10.5773,13.1008,1.0
000000533145.png,jpeg_q30,multi_scale,0.968750,0,10.5773,13.1008,1.00
000000562243.png,none,single_scale,1.000000,1,10.5284,10.5284,1.0
000000562243.png,none,multi_scale,1.000000,1,10.5284,10.5284,1.00
000000562243.png,center_crop_0.5,single_scale,0.500000,0,10.5284,7.6469,1.0
000000562243.png,center_crop_0.5,multi_scale,1.000000,1,10.5284,7.6469,0.50
000000562243.png,center_crop_0.75,single_scale,0.531250,0,10.5284,8.8952,1.0
000000562243.png,center_crop_0.75,multi_scale,1.000000,1,10.5284,8.8952,0.75
000000562243.png,random_crop_0.5,single_scale,0.625000,0,10.5284,9.1030,1.0
000000562243.png,random_crop_0.5,multi_scale,0.656250,0,10.5284,9.1030,0.50
000000562243.png,jpeg_q30,single_scale,0.968750,0,10.5284,13.1283,1.0
000000562243.png,jpeg_q30,multi_scale,0.968750,0,10.5284,13.1283,1.00
000000563470.png,none,single_scale,1.000000,1,10.1369,10.1369,1.0
000000563470.png,none,multi_scale,1.000000,1,10.1369,10.1369,1.00
000000563470.png,center_crop_0.5,single_scale,0.500000,0,10.1369,7.5351,1.0
000000563470.png,center_crop_0.5,multi_scale,1.000000,1,10.1369,7.5351,0.50
000000563470.png,center_crop_0.75,single_scale,0.531250,0,10.1369,8.4949,1.0
000000563470.png,center_crop_0.75,multi_scale,1.000000,1,10.1369,8.4949,0.75
000000563470.png,random_crop_0.5,single_scale,0.500000,0,10.1369,9.4683,1.0
000000563470.png,random_crop_0.5,multi_scale,0.687500,0,10.1369,9.4683,0.50
000000563470.png,jpeg_q30,single_scale,1.000000,1,10.1369,12.9082,1.0
000000563470.png,jpeg_q30,multi_scale,1.000000,1,10.1369,12.9082,1.00
000000573258.png,none,single_scale,1.000000,1,10.5119,10.5119,1.0
000000573258.png,none,multi_scale,1.000000,1,10.5119,10.5119,1.00
000000573258.png,center_crop_0.5,single_scale,0.500000,0,10.5119,6.8874,1.0
000000573258.png,center_crop_0.5,multi_scale,1.000000,1,10.5119,6.8874,0.50
000000573258.png,center_crop_0.75,single_scale,0.531250,0,10.5119,7.8143,1.0
000000573258.png,center_crop_0.75,multi_scale,1.000000,1,10.5119,7.8143,0.75
000000573258.png,random_crop_0.5,single_scale,0.531250,0,10.5119,7.4532,1.0
000000573258.png,random_crop_0.5,multi_scale,0.781250,0,10.5119,7.4532,0.50
000000573258.png,jpeg_q30,single_scale,1.000000,1,10.5119,12.9904,1.0
000000573258.png,jpeg_q30,multi_scale,1.000000,1,10.5119,12.9904,1.00
000000575243.png,none,single_scale,1.000000,1,10.4528,10.4528,1.0
000000575243.png,none,multi_scale,1.000000,1,10.4528,10.4528,1.00
000000575243.png,center_crop_0.5,single_scale,0.500000,0,10.4528,6.6661,1.0
000000575243.png,center_crop_0.5,multi_scale,1.000000,1,10.4528,6.6661,0.50
000000575243.png,center_crop_0.75,single_scale,0.531250,0,10.4528,7.4917,1.0
000000575243.png,center_crop_0.75,multi_scale,1.000000,1,10.4528,7.4917,0.75
000000575243.png,random_crop_0.5,single_scale,0.468750,0,10.4528,6.8503,1.0
000000575243.png,random_crop_0.5,multi_scale,0.656250,0,10.4528,6.8503,0.50
000000575243.png,jpeg_q30,single_scale,1.000000,1,10.4528,12.8905,1.0
000000575243.png,jpeg_q30,multi_scale,1.000000,1,10.4528,12.8905,1.00
