image,scheme,attack,msg_a,msg_b,pred_msg_a_slot,pred_msg_b_slot,msg_a_accuracy,msg_b_accuracy,both_success,slot_a_pixels,slot_b_pixels,psnr_watermarked,psnr_attacked
000000005529.png,overlap_replace_same_region,none,11010110100110011110001000101100,00010011010111010000101101001101,00011011010111010000101101001101,00011011010111010000101101001101,0.500000,0.968750,0,19697,19697,12.4842,12.4842
000000005529.png,overlap_replace_same_region,jpeg_q50,11010110100110011110001000101100,00010011010111010000101101001101,00010011010111010000101101001101,00010011010111010000101101001101,0.531250,1.000000,0,19720,19720,12.4842,14.8990
000000005529.png,overlap_replace_same_region,resize_0.5_jpeg_q50,11010110100110011110001000101100,00010011010111010000101101001101,00010011010111010000101101001101,00010011010111010000101101001101,0.531250,1.000000,0,19719,19719,12.4842,15.1693
000000005529.png,disjoint_append_side_regions,none,11010110100110011110001000101100,00010011010111010000101101001101,11010100100110011010001100101100,01010010010111010000101101000101,0.906250,0.906250,0,19708,15612,10.0035,10.0035
000000005529.png,disjoint_append_side_regions,jpeg_q50,11010110100110011110001000101100,00010011010111010000101101001101,11010110100110011110001000101100,01010011010111010000101101001101,1.000000,0.968750,0,19720,15624,10.0035,12.4134
000000005529.png,disjoint_append_side_regions,resize_0.5_jpeg_q50,11010110100110011110001000101100,00010011010111010000101101001101,11010110100110011110001000101100,01010011010111010000101101001101,1.000000,0.968750,0,19720,15624,10.0035,12.8640
000000021167.png,overlap_replace_same_region,none,11010110100110011110001000101100,00010011010111010000101101001101,00010011010111110000101101101101,00010011010111110000101101101101,0.531250,0.937500,0,19703,19703,12.6524,12.6524
000000021167.png,overlap_replace_same_region,jpeg_q50,11010110100110011110001000101100,00010011010111010000101101001101,00010011010111010000101101001101,00010011010111010000101101001101,0.531250,1.000000,0,19717,19717,12.6524,15.0419
000000021167.png,overlap_replace_same_region,resize_0.5_jpeg_q50,11010110100110011110001000101100,00010011010111010000101101001101,00010011010111010000101101001101,00010011010111010000101101001101,0.531250,1.000000,0,19719,19719,12.6524,15.5238
000000021167.png,disjoint_append_side_regions,none,11010110100110011110001000101100,00010011010111010000101101001101,11000100100111011010001000101100,01010010010111010000101101000100,0.875000,0.875000,0,19702,15605,10.1394,10.1394
000000021167.png,disjoint_append_side_regions,jpeg_q50,11010110100110011110001000101100,00010011010111010000101101001101,11010110100110011110001000101100,01010011010111010000101101001101,1.000000,0.968750,0,19720,15624,10.1394,12.4877
000000021167.png,disjoint_append_side_regions,resize_0.5_jpeg_q50,11010110100110011110001000101100,00010011010111010000101101001101,11010110100110011110001000101100,01010011010111010000101101001101,1.000000,0.968750,0,19720,15624,10.1394,13.0262
000000022705.png,overlap_replace_same_region,none,11010110100110011110001000101100,00010011010111010000101101001101,00010011010111110000101101101101,00010011010111110000101101101101,0.531250,0.937500,0,19688,19688,12.6428,12.6428
000000022705.png,overlap_replace_same_region,jpeg_q50,11010110100110011110001000101100,00010011010111010000101101001101,00010011010111010000101101001101,00010011010111010000101101001101,0.531250,1.000000,0,19718,19718,12.6428,15.0241
000000022705.png,overlap_replace_same_region,resize_0.5_jpeg_q50,11010110100110011110001000101100,00010011010111010000101101001101,00010011010111010000101101001101,00010011010111010000101101001101,0.531250,1.000000,0,19712,19712,12.6428,15.4693
000000022705.png,disjoint_append_side_regions,none,11010110100110011110001000101100,00010011010111010000101101001101,11010110100110011010001100101100,01010010010111010000101101000101,0.937500,0.906250,0,19698,15618,9.9539,9.9539
000000022705.png,disjoint_append_side_regions,jpeg_q50,11010110100110011110001000101100,00010011010111010000101101001101,11010110100110011110001000101100,01010011010111010000101101001101,1.000000,0.968750,0,19720,15624,9.9539,12.3909
000000022705.png,disjoint_append_side_regions,resize_0.5_jpeg_q50,11010110100110011110001000101100,00010011010111010000101101001101,11010110100110011110001000101100,01010011010111010000101101001101,1.000000,0.968750,0,19719,15624,9.9539,12.9129
000000025228.png,overlap_replace_same_region,none,11010110100110011110001000101100,00010011010111010000101101001101,00010011010111110000101101101101,00010011010111110000101101101101,0.531250,0.937500,0,19700,19700,12.3711,12.3711
000000025228.png,overlap_replace_same_region,jpeg_q50,11010110100110011110001000101100,00010011010111010000101101001101,00010011010111010000101101001101,00010011010111010000101101001101,0.531250,1.000000,0,19710,19710,12.3711,14.8349
000000025228.png,overlap_replace_same_region,resize_0.5_jpeg_q50,11010110100110011110001000101100,00010011010111010000101101001101,01010011010111010000101101001101,01010011010111010000101101001101,0.562500,0.968750,0,19697,19697,12.3711,15.4832
000000025228.png,disjoint_append_side_regions,none,11010110100110011110001000101100,00010011010111010000101101001101,11000110100010011010001000101100,01010010010111010000101101000101,0.906250,0.906250,0,19708,15606,9.7054,9.7054
000000025228.png,disjoint_append_side_regions,jpeg_q50,11010110100110011110001000101100,00010011010111010000101101001101,11010110100110011110001000101100,01010011010111010000101101001101,1.000000,0.968750,0,19720,15624,9.7054,12.2640
000000025228.png,disjoint_append_side_regions,resize_0.5_jpeg_q50,11010110100110011110001000101100,00010011010111010000101101001101,11010110100110011110001000101100,01010011010111010000101101001101,1.000000,0.968750,0,19719,15624,9.7054,12.9404
000000027620.png,overlap_replace_same_region,none,11010110100110011110001000101100,00010011010111010000101101001101,00010011010111010000101101001101,00010011010111010000101101001101,0.531250,1.000000,0,19707,19707,12.4434,12.4434
000000027620.png,overlap_replace_same_region,jpeg_q50,11010110100110011110001000101100,00010011010111010000101101001101,01010011010111010000101101001101,01010011010111010000101101001101,0.562500,0.968750,0,19720,19720,12.4434,14.9592
000000027620.png,overlap_replace_same_region,resize_0.5_jpeg_q50,11010110100110011110001000101100,00010011010111010000101101001101,01010011010111010000101101001101,01010011010111010000101101001101,0.562500,0.968750,0,19720,19720,12.4434,15.4248
000000027620.png,disjoint_append_side_regions,none,11010110100110011110001000101100,00010011010111010000101101001101,11000110100110011010001000101100,01010010010111010000101101000100,0.937500,0.875000,0,19705,15616,9.8478,9.8478
000000027620.png,disjoint_append_side_regions,jpeg_q50,11010110100110011110001000101100,00010011010111010000101101001101,11010110100110011110001000101100,01010011010111010000101101001101,1.000000,0.968750,0,19720,15624,9.8478,12.4293
000000027620.png,disjoint_append_side_regions,resize_0.5_jpeg_q50,11010110100110011110001000101100,00010011010111010000101101001101,11010110100110011110001000101100,01010011010111010000101101001101,1.000000,0.968750,0,19720,15624,9.8478,12.9905
000000039405.png,overlap_replace_same_region,none,11010110100110011110001000101100,00010011010111010000101101001101,01010011010111110000101101101101,01010011010111110000101101101101,0.562500,0.906250,0,19690,19690,12.9591,12.9591
000000039405.png,overlap_replace_same_region,jpeg_q50,11010110100110011110001000101100,00010011010111010000101101001101,01010011010111010000101101001101,01010011010111010000101101001101,0.562500,0.968750,0,19719,19719,12.9591,14.9793
000000039405.png,overlap_replace_same_region,resize_0.5_jpeg_q50,11010110100110011110001000101100,00010011010111010000101101001101,01010011010111010000101101001101,01010011010111010000101101001101,0.562500,0.968750,0,19719,19719,12.9591,15.3227
000000039405.png,disjoint_append_side_regions,none,11010110100110011110001000101100,00010011010111010000101101001101,11000110100110011010001100101100,01010010010111010000101101000100,0.906250,0.875000,0,19694,15593,10.4081,10.4081
000000039405.png,disjoint_append_side_regions,jpeg_q50,11010110100110011110001000101100,00010011010111010000101101001101,11010110100110011110001000101100,00010011010111010000101101001101,1.000000,1.000000,1,19718,15624,10.4081,12.4644
000000039405.png,disjoint_append_side_regions,resize_0.5_jpeg_q50,11010110100110011110001000101100,00010011010111010000101101001101,11010110100110011110001000101100,01010011010111010000101101001101,1.000000,0.968750,0,19717,15624,10.4081,12.8531
000000075612.png,overlap_replace_same_region,none,11010110100110011110001000101100,00010011010111010000101101001101,00010011010111110000101101101101,00010011010111110000101101101101,0.531250,0.937500,0,19700,19700,12.0823,12.0823
000000075612.png,overlap_replace_same_region,jpeg_q50,11010110100110011110001000101100,00010011010111010000101101001101,00010011010111010000101101001101,00010011010111010000101101001101,0.531250,1.000000,0,19712,19712,12.0823,14.8132
000000075612.png,overlap_replace_same_region,resize_0.5_jpeg_q50,11010110100110011110001000101100,00010011010111010000101101001101,00010011010111010000101101001101,00010011010111010000101101001101,0.531250,1.000000,0,19695,19695,12.0823,15.4540
000000075612.png,disjoint_append_side_regions,none,11010110100110011110001000101100,00010011010111010000101101001101,11000100100011011010001100101100,01010010010111010000101101000101,0.812500,0.906250,0,19707,15616,9.6764,9.6764
000000075612.png,disjoint_append_side_regions,jpeg_q50,11010110100110011110001000101100,00010011010111010000101101001101,11010110100110011110001000101100,01010011010111010000101101001101,1.000000,0.968750,0,19718,15620,9.6764,12.3136
000000075612.png,disjoint_append_side_regions,resize_0.5_jpeg_q50,11010110100110011110001000101100,00010011010111010000101101001101,11010110100110011110001000101100,01010011010111010000101101001101,1.000000,0.968750,0,19716,15621,9.6764,12.9474
000000083531.png,overlap_replace_same_region,none,11010110100110011110001000101100,00010011010111010000101101001101,00010011010111110000101101101101,00010011010111110000101101101101,0.531250,0.937500,0,19708,19708,12.3405,12.3405
000000083531.png,overlap_replace_same_region,jpeg_q50,11010110100110011110001000101100,00010011010111010000101101001101,01010011010111010000101101001101,01010011010111010000101101001101,0.562500,0.968750,0,19683,19683,12.3405,14.9088
000000083531.png,overlap_replace_same_region,resize_0.5_jpeg_q50,11010110100110011110001000101100,00010011010111010000101101001101,01010011010111010000101101001101,01010011010111010000101101001101,0.562500,0.968750,0,19668,19668,12.3405,15.4623
000000083531.png,disjoint_append_side_regions,none,11010110100110011110001000101100,00010011010111010000101101001101,11000110100111011010001100101100,01010010010111010000101101000101,0.875000,0.906250,0,19709,15614,9.7660,9.7660
000000083531.png,disjoint_append_side_regions,jpeg_q50,11010110100110011110001000101100,00010011010111010000101101001101,11010110100110011110001000101100,00010011010111010000101101001101,1.000000,1.000000,1,19705,15616,9.7660,12.2754
000000083531.png,disjoint_append_side_regions,resize_0.5_jpeg_q50,11010110100110011110001000101100,00010011010111010000101101001101,11010110100110011110001000101100,00010011010111010000101101001101,1.000000,1.000000,1,19706,15613,9.7660,12.9353
000000088848.png,overlap_replace_same_region,none,11010110100110011110001000101100,00010011010111010000101101001101,00010011010111010000101101001101,00010011010111010000101101001101,0.531250,1.000000,0,19698,19698,12.4478,12.4478
000000088848.png,overlap_replace_same_region,jpeg_q50,11010110100110011110001000101100,00010011010111010000101101001101,01010011010111010000101101001101,01010011010111010000101101001101,0.562500,0.968750,0,19696,19696,12.4478,14.7156
000000088848.png,overlap_replace_same_region,resize_0.5_jpeg_q50,11010110100110011110001000101100,00010011010111010000101101001101,01010011010111010000101101001101,01010011010111010000101101001101,0.562500,0.968750,0,19678,19678,12.4478,15.0623
000000088848.png,disjoint_append_side_regions,none,11010110100110011110001000101100,00010011010111010000101101001101,01000110100010011010001100101100,01010010010111010000101101000101,0.843750,0.906250,0,19708,15620,9.8656,9.8656
000000088848.png,disjoint_append_side_regions,jpeg_q50,11010110100110011110001000101100,00010011010111010000101101001101,11010110100110011110001000101100,01010011010111010000101101001101,1.000000,0.968750,0,19702,15620,9.8656,12.2127
000000088848.png,disjoint_append_side_regions,resize_0.5_jpeg_q50,11010110100110011110001000101100,00010011010111010000101101001101,11010110100110011110001000101100,01010011010111010000101101001101,1.000000,0.968750,0,19696,15615,9.8656,12.6598
000000089648.png,overlap_replace_same_region,none,11010110100110011110001000101100,00010011010111010000101101001101,01010011010111010000101101001101,01010011010111010000101101001101,0.562500,0.968750,0,19700,19700,12.2527,12.2527
000000089648.png,overlap_replace_same_region,jpeg_q50,11010110100110011110001000101100,00010011010111010000101101001101,01010011010111010000101101001101,01010011010111010000101101001101,0.562500,0.968750,0,19709,19709,12.2527,14.8292
000000089648.png,overlap_replace_same_region,resize_0.5_jpeg_q50,11010110100110011110001000101100,00010011010111010000101101001101,00010011010111010000101101001101,00010011010111010000101101001101,0.531250,1.000000,0,19709,19709,12.2527,15.3730
000000089648.png,disjoint_append_side_regions,none,11010110100110011110001000101100,00010011010111010000101101001101,11000110100011011010001100101100,01010010010111010000101101000101,0.843750,0.906250,0,19698,15615,9.8399,9.8399
000000089648.png,disjoint_append_side_regions,jpeg_q50,11010110100110011110001000101100,00010011010111010000101101001101,11010110100110011110001000101100,01010011010111010000101101001101,1.000000,0.968750,0,19720,15624,9.8399,12.2566
000000089648.png,disjoint_append_side_regions,resize_0.5_jpeg_q50,11010110100110011110001000101100,00010011010111010000101101001101,11010110100110011110001000101100,01010011010111010000101101001101,1.000000,0.968750,0,19719,15622,9.8399,12.7797
000000092177.png,overlap_replace_same_region,none,11010110100110011110001000101100,00010011010111010000101101001101,00010011010111110000101101101101,00010011010111110000101101101101,0.531250,0.937500,0,19697,19697,12.8787,12.8787
000000092177.png,overlap_replace_same_region,jpeg_q50,11010110100110011110001000101100,00010011010111010000101101001101,00010011010111010000101101001101,00010011010111010000101101001101,0.531250,1.000000,0,19702,19702,12.8787,14.9414
000000092177.png,overlap_replace_same_region,resize_0.5_jpeg_q50,11010110100110011110001000101100,00010011010111010000101101001101,00010011010111010000101101001101,00010011010111010000101101001101,0.531250,1.000000,0,19708,19708,12.8787,15.0291
000000092177.png,disjoint_append_side_regions,none,11010110100110011110001000101100,00010011010111010000101101001101,11000110100110011010001100101100,01000010010111010000001101000100,0.906250,0.812500,0,19704,15621,10.3285,10.3285
000000092177.png,disjoint_append_side_regions,jpeg_q50,11010110100110011110001000101100,00010011010111010000101101001101,11010110100110011110001000101100,01010011010111010000101101001101,1.000000,0.968750,0,19692,15614,10.3285,12.3590
000000092177.png,disjoint_append_side_regions,resize_0.5_jpeg_q50,11010110100110011110001000101100,00010011010111010000101101001101,11010110100110011110001000101100,01010011010111010000101101001100,1.000000,0.937500,0,19698,15619,10.3285,12.6210
000000098392.png,overlap_replace_same_region,none,11010110100110011110001000101100,00010011010111010000101101001101,00010011010111010000101101001101,00010011010111010000101101001101,0.531250,1.000000,0,19702,19702,12.6433,12.6433
000000098392.png,overlap_replace_same_region,jpeg_q50,11010110100110011110001000101100,00010011010111010000101101001101,00010011010111010000101101001101,00010011010111010000101101001101,0.531250,1.000000,0,19715,19715,12.6433,14.9115
000000098392.png,overlap_replace_same_region,resize_0.5_jpeg_q50,11010110100110011110001000101100,00010011010111010000101101001101,00010011010111010000101101001101,00010011010111010000101101001101,0.531250,1.000000,0,19703,19703,12.6433,15.2270
000000098392.png,disjoint_append_side_regions,none,11010110100110011110001000101100,00010011010111010000101101001101,11000110100111011010001100101100,01010010010111010000101101000101,0.875000,0.906250,0,19703,15613,10.0532,10.0532
000000098392.png,disjoint_append_side_regions,jpeg_q50,11010110100110011110001000101100,00010011010111010000101101001101,11010110100110011110001000101100,00010011010111010000101101001101,1.000000,1.000000,1,19720,15624,10.0532,12.3743
000000098392.png,disjoint_append_side_regions,resize_0.5_jpeg_q50,11010110100110011110001000101100,00010011010111010000101101001101,11010110100110011110001000101100,01010011010111010000101101001101,1.000000,0.968750,0,19719,15624,10.0532,12.8202
000000098520.png,overlap_replace_same_region,none,11010110100110011110001000101100,00010011010111010000101101001101,00011011010111010000101101001101,00011011010111010000101101001101,0.500000,0.968750,0,19691,19691,12.2727,12.2727
000000098520.png,overlap_replace_same_region,jpeg_q50,11010110100110011110001000101100,00010011010111010000101101001101,01010011010111010000101101001101,01010011010111010000101101001101,0.562500,0.968750,0,19719,19719,12.2727,14.9219
000000098520.png,overlap_replace_same_region,resize_0.5_jpeg_q50,11010110100110011110001000101100,00010011010111010000101101001101,01010011010111010000101101001101,01010011010111010000101101001101,0.562500,0.968750,0,19718,19718,12.2727,15.5129
000000098520.png,disjoint_append_side_regions,none,11010110100110011110001000101100,00010011010111010000101101001101,01000110100111011010001100101100,01010010010111010000101101000101,0.843750,0.906250,0,19701,15607,9.6834,9.6834
000000098520.png,disjoint_append_side_regions,jpeg_q50,11010110100110011110001000101100,00010011010111010000101101001101,11010110100110011110001000101100,01010011010111010000101101001101,1.000000,0.968750,0,19720,15624,9.6834,12.3450
000000098520.png,disjoint_append_side_regions,resize_0.5_jpeg_q50,11010110100110011110001000101100,00010011010111010000101101001101,11010110100110011110001000101100,01010011010111010000101101001101,1.000000,0.968750,0,19720,15624,9.6834,13.0165
000000107554.png,overlap_replace_same_region,none,11010110100110011110001000101100,00010011010111010000101101001101,00010011010111110000101101101101,00010011010111110000101101101101,0.531250,0.937500,0,19693,19693,12.3756,12.3756
000000107554.png,overlap_replace_same_region,jpeg_q50,11010110100110011110001000101100,00010011010111010000101101001101,00010011010111010000101101001101,00010011010111010000101101001101,0.531250,1.000000,0,19714,19714,12.3756,14.8177
000000107554.png,overlap_replace_same_region,resize_0.5_jpeg_q50,11010110100110011110001000101100,00010011010111010000101101001101,00010011010111010000101101001101,00010011010111010000101101001101,0.531250,1.000000,0,19708,19708,12.3756,15.2670
000000107554.png,disjoint_append_side_regions,none,11010110100110011110001000101100,00010011010111010000101101001101,11010110100110011010001100101100,01010010010111011000101101000101,0.937500,0.875000,0,19707,15615,9.8032,9.8032
000000107554.png,disjoint_append_side_regions,jpeg_q50,11010110100110011110001000101100,00010011010111010000101101001101,11010110100110011110001000101100,01010011010111010000101101001101,1.000000,0.968750,0,19718,15622,9.8032,12.2666
000000107554.png,disjoint_append_side_regions,resize_0.5_jpeg_q50,11010110100110011110001000101100,00010011010111010000101101001101,11010110100110011110001000101100,01010011010111010000101101001101,1.000000,0.968750,0,19711,15618,9.8032,12.8260
000000121673.png,overlap_replace_same_region,none,11010110100110011110001000101100,00010011010111010000101101001101,00010011010111110000101101101101,00010011010111110000101101101101,0.531250,0.937500,0,19693,19693,12.0956,12.0956
000000121673.png,overlap_replace_same_region,jpeg_q50,11010110100110011110001000101100,00010011010111010000101101001101,00010011010111010000101101001101,00010011010111010000101101001101,0.531250,1.000000,0,19707,19707,12.0956,14.7839
000000121673.png,overlap_replace_same_region,resize_0.5_jpeg_q50,11010110100110011110001000101100,00010011010111010000101101001101,00010011010111010000101101001101,00010011010111010000101101001101,0.531250,1.000000,0,19707,19707,12.0956,15.4175
000000121673.png,disjoint_append_side_regions,none,11010110100110011110001000101100,00010011010111010000101101001101,11000110100010011010001100101100,01010010010111010000101101000100,0.875000,0.875000,0,19704,15615,9.7361,9.7361
000000121673.png,disjoint_append_side_regions,jpeg_q50,11010110100110011110001000101100,00010011010111010000101101001101,11010110100110011110001000101100,01010011010111010000101101001101,1.000000,0.968750,0,19717,15624,9.7361,12.2403
000000121673.png,disjoint_append_side_regions,resize_0.5_jpeg_q50,11010110100110011110001000101100,00010011010111010000101101001101,11010110100110011110001000101100,00010011010111010000101101001101,1.000000,1.000000,1,19716,15623,9.7361,12.7941
000000134322.png,overlap_replace_same_region,none,11010110100110011110001000101100,00010011010111010000101101001101,00010011010111110000101101101101,00010011010111110000101101101101,0.531250,0.937500,0,19699,19699,12.8293,12.8293
000000134322.png,overlap_replace_same_region,jpeg_q50,11010110100110011110001000101100,00010011010111010000101101001101,00010011010111010000101101001101,00010011010111010000101101001101,0.531250,1.000000,0,19710,19710,12.8293,14.9332
000000134322.png,overlap_replace_same_region,resize_0.5_jpeg_q50,11010110100110011110001000101100,00010011010111010000101101001101,00010011010111010000101101001101,00010011010111010000101101001101,0.531250,1.000000,0,19705,19705,12.8293,15.3235
000000134322.png,disjoint_append_side_regions,none,11010110100110011110001000101100,00010011010111010000101101001101,11010110100110011010001100101100,01010010010101010000101101000101,0.937500,0.875000,0,19708,15614,10.2910,10.2910
000000134322.png,disjoint_append_side_regions,jpeg_q50,11010110100110011110001000101100,00010011010111010000101101001101,11010110100110011110001000101100,01010011010111010000101101001101,1.000000,0.968750,0,19718,15620,10.2910,12.4733
000000134322.png,disjoint_append_side_regions,resize_0.5_jpeg_q50,11010110100110011110001000101100,00010011010111010000101101001101,11010110100110011110001000101100,01010011010111010000101101001101,1.000000,0.968750,0,19713,15617,10.2910,12.8951
000000150649.png,overlap_replace_same_region,none,11010110100110011110001000101100,00010011010111010000101101001101,00010011010111110000101101101101,00010011010111110000101101101101,0.531250,0.937500,0,19710,19710,11.9581,11.9581
000000150649.png,overlap_replace_same_region,jpeg_q50,11010110100110011110001000101100,00010011010111010000101101001101,00010011010111010000101101001101,00010011010111010000101101001101,0.531250,1.000000,0,19718,19718,11.9581,14.7695
000000150649.png,overlap_replace_same_region,resize_0.5_jpeg_q50,11010110100110011110001000101100,00010011010111010000101101001101,00010011010111010000101101001101,00010011010111010000101101001101,0.531250,1.000000,0,19713,19713,11.9581,15.4500
000000150649.png,disjoint_append_side_regions,none,11010110100110011110001000101100,00010011010111010000101101001101,11000110100111011010001100101100,01010010010111010000101101000100,0.875000,0.875000,0,19715,15619,9.4319,9.4319
000000150649.png,disjoint_append_side_regions,jpeg_q50,11010110100110011110001000101100,00010011010111010000101101001101,11010110100110011110001000101100,01010011010111010000101101001101,1.000000,0.968750,0,19720,15623,9.4319,12.2114
000000150649.png,disjoint_append_side_regions,resize_0.5_jpeg_q50,11010110100110011110001000101100,00010011010111010000101101001101,11010110100110011110001000101100,01010011010111010000101101001100,1.000000,0.937500,0,19718,15621,9.4319,12.8924
000000154000.png,overlap_replace_same_region,none,11010110100110011110001000101100,00010011010111010000101101001101,00011011010111110000101101001101,00011011010111110000101101001101,0.468750,0.937500,0,19709,19709,12.5457,12.5457
000000154000.png,overlap_replace_same_region,jpeg_q50,11010110100110011110001000101100,00010011010111010000101101001101,01010011010111010000101101001101,01010011010111010000101101001101,0.562500,0.968750,0,19719,19719,12.5457,14.8215
000000154000.png,overlap_replace_same_region,resize_0.5_jpeg_q50,11010110100110011110001000101100,00010011010111010000101101001101,01010011010111010000101101001101,01010011010111010000101101001101,0.562500,0.968750,0,19718,19718,12.5457,15.2461
000000154000.png,disjoint_append_side_regions,none,11010110100110011110001000101100,00010011010111010000101101001101,11000110100110011010001000101100,01011010010111010000101101000101,0.937500,0.875000,0,19715,15616,10.0033,10.0033
000000154000.png,disjoint_append_side_regions,jpeg_q50,11010110100110011110001000101100,00010011010111010000101101001101,11010110100110011110001000101100,01010011010111010000101101001101,1.000000,0.968750,0,19720,15624,10.0033,12.3295
000000154000.png,disjoint_append_side_regions,resize_0.5_jpeg_q50,11010110100110011110001000101100,00010011010111010000101101001101,11010110100110011110001000101100,01010011010111010000101101001101,1.000000,0.968750,0,19720,15624,10.0033,12.8112
000000186632.png,overlap_replace_same_region,none,11010110100110011110001000101100,00010011010111010000101101001101,00010011010111010000101101001101,00010011010111010000101101001101,0.531250,1.000000,0,19694,19694,12.1694,12.1694
000000186632.png,overlap_replace_same_region,jpeg_q50,11010110100110011110001000101100,00010011010111010000101101001101,00010011010111010000101101001101,00010011010111010000101101001101,0.531250,1.000000,0,19715,19715,12.1694,14.7999
000000186632.png,overlap_replace_same_region,resize_0.5_jpeg_q50,11010110100110011110001000101100,00010011010111010000101101001101,00010011010111010000101101001101,00010011010111010000101101001101,0.531250,1.000000,0,19715,19715,12.1694,15.4026
000000186632.png,disjoint_append_side_regions,none,11010110100110011110001000101100,00010011010111010000101101001101,11000110100110011010001100101100,01010010010111010000101101000100,0.906250,0.875000,0,19705,15613,9.7720,9.7720
000000186632.png,disjoint_append_side_regions,jpeg_q50,11010110100110011110001000101100,00010011010111010000101101001101,11010110100110011110001000101100,00010011010111010000101101001101,1.000000,1.000000,1,19718,15623,9.7720,12.2431
000000186632.png,disjoint_append_side_regions,resize_0.5_jpeg_q50,11010110100110011110001000101100,00010011010111010000101101001101,11010110100110011110001000101100,01010011010111010000101101001101,1.000000,0.968750,0,19720,15618,9.7720,12.8189
000000201775.png,overlap_replace_same_region,none,11010110100110011110001000101100,00010011010111010000101101001101,00010011010101110000101101101101,00010011010101110000101101101101,0.500000,0.906250,0,19704,19704,12.1730,12.1730
000000201775.png,overlap_replace_same_region,jpeg_q50,11010110100110011110001000101100,00010011010111010000101101001101,00010011010111010000101101001101,00010011010111010000101101001101,0.531250,1.000000,0,19712,19712,12.1730,14.8585
000000201775.png,overlap_replace_same_region,resize_0.5_jpeg_q50,11010110100110011110001000101100,00010011010111010000101101001101,01010011010111010000101101001101,01010011010111010000101101001101,0.562500,0.968750,0,19709,19709,12.1730,15.5228
000000201775.png,disjoint_append_side_regions,none,11010110100110011110001000101100,00010011010111010000101101001101,11000110100111011010001100101100,01011010010111010000101101000100,0.875000,0.843750,0,19708,15621,9.6328,9.6328
000000201775.png,disjoint_append_side_regions,jpeg_q50,11010110100110011110001000101100,00010011010111010000101101001101,11010110100110011110001000101100,01010011010111010000101101001101,1.000000,0.968750,0,19720,15623,9.6328,12.3470
000000201775.png,disjoint_append_side_regions,resize_0.5_jpeg_q50,11010110100110011110001000101100,00010011010111010000101101001101,11010110100110011110001000101100,01010011010111010000101101001101,1.000000,0.968750,0,19719,15623,9.6328,13.0721
000000205647.png,overlap_replace_same_region,none,11010110100110011110001000101100,00010011010111010000101101001101,00010011010111110000101101101101,00010011010111110000101101101101,0.531250,0.937500,0,19707,19707,11.9910,11.9910
000000205647.png,overlap_replace_same_region,jpeg_q50,11010110100110011110001000101100,00010011010111010000101101001101,00010011010111010000101101001101,00010011010111010000101101001101,0.531250,1.000000,0,19719,19719,11.9910,14.7465
000000205647.png,overlap_replace_same_region,resize_0.5_jpeg_q50,11010110100110011110001000101100,00010011010111010000101101001101,01010011010111010000101101001101,01010011010111010000101101001101,0.562500,0.968750,0,19718,19718,11.9910,15.2988
000000205647.png,disjoint_append_side_regions,none,11010110100110011110001000101100,00010011010111010000101101001101,11000110100110011010001000101100,01010010010111010000101101000100,0.937500,0.875000,0,19709,15614,9.4487,9.4487
000000205647.png,disjoint_append_side_regions,jpeg_q50,11010110100110011110001000101100,00010011010111010000101101001101,11010110100110011110001000101100,01010011010111010000101101001101,1.000000,0.968750,0,19720,15624,9.4487,12.2289
000000205647.png,disjoint_append_side_regions,resize_0.5_jpeg_q50,11010110100110011110001000101100,00010011010111010000101101001101,11010110100110011110001000101100,01010011010111010000101101001101,1.000000,0.968750,0,19719,15623,9.4487,12.8701
000000207306.png,overlap_replace_same_region,none,11010110100110011110001000101100,00010011010111010000101101001101,00010011010111110000101101001101,00010011010111110000101101001101,0.500000,0.968750,0,19701,19701,12.3912,12.3912
000000207306.png,overlap_replace_same_region,jpeg_q50,11010110100110011110001000101100,00010011010111010000101101001101,00010011010111010000101101001101,00010011010111010000101101001101,0.531250,1.000000,0,19717,19717,12.3912,14.9393
000000207306.png,overlap_replace_same_region,resize_0.5_jpeg_q50,11010110100110011110001000101100,00010011010111010000101101001101,01010011010111010000101101001101,01010011010111010000101101001101,0.562500,0.968750,0,19714,19714,12.3912,15.4072
000000207306.png,disjoint_append_side_regions,none,11010110100110011110001000101100,00010011010111010000101101001101,11010110100110011010001100101100,01010010010111010000101101000101,0.937500,0.906250,0,19701,15612,9.8308,9.8308
000000207306.png,disjoint_append_side_regions,jpeg_q50,11010110100110011110001000101100,00010011010111010000101101001101,11010110100110011110001000101100,01010011010111010000101101001101,1.000000,0.968750,0,19720,15624,9.8308,12.3895
000000207306.png,disjoint_append_side_regions,resize_0.5_jpeg_q50,11010110100110011110001000101100,00010011010111010000101101001101,11010110100110011110001000101100,01010011010111010000101101001101,1.000000,0.968750,0,19720,15623,9.8308,12.9386
000000210299.png,overlap_replace_same_region,none,11010110100110011110001000101100,00010011010111010000101101001101,01010011010111110000101101101101,01010011010111110000101101101101,0.562500,0.906250,0,19704,19704,12.1953,12.1953
000000210299.png,overlap_replace_same_region,jpeg_q50,11010110100110011110001000101100,00010011010111010000101101001101,01010011010111010000101101001101,01010011010111010000101101001101,0.562500,0.968750,0,19716,19716,12.1953,14.8314
000000210299.png,overlap_replace_same_region,resize_0.5_jpeg_q50,11010110100110011110001000101100,00010011010111010000101101001101,01010011010111010000101101001101,01010011010111010000101101001101,0.562500,0.968750,0,19713,19713,12.1953,15.3890
000000210299.png,disjoint_append_side_regions,none,11010110100110011110001000101100,00010011010111010000101101001101,01000110100111011010001100101100,01010010010111010000101101000101,0.843750,0.906250,0,19707,15615,9.7019,9.7019
000000210299.png,disjoint_append_side_regions,jpeg_q50,11010110100110011110001000101100,00010011010111010000101101001101,11010110100110011110001000101100,00010011010111010000101101001101,1.000000,1.000000,1,19720,15624,9.7019,12.3848
000000210299.png,disjoint_append_side_regions,resize_0.5_jpeg_q50,11010110100110011110001000101100,00010011010111010000101101001101,11010110100110011110001000101100,00010011010111010000101101001101,1.000000,1.000000,1,19719,15624,9.7019,12.9657
000000219440.png,overlap_replace_same_region,none,11010110100110011110001000101100,00010011010111010000101101001101,00010011010111110000101101101101,00010011010111110000101101101101,0.531250,0.937500,0,19685,19685,12.7622,12.7622
000000219440.png,overlap_replace_same_region,jpeg_q50,11010110100110011110001000101100,00010011010111010000101101001101,00010011010111010000101101001101,00010011010111010000101101001101,0.531250,1.000000,0,19716,19716,12.7622,14.9254
000000219440.png,overlap_replace_same_region,resize_0.5_jpeg_q50,11010110100110011110001000101100,00010011010111010000101101001101,00010011010111010000101101001101,00010011010111010000101101001101,0.531250,1.000000,0,19714,19714,12.7622,15.3758
000000219440.png,disjoint_append_side_regions,none,11010110100110011110001000101100,00010011010111010000101101001101,11000110100110011010001000101100,01010010010111010000101101000100,0.937500,0.875000,0,19696,15610,10.0669,10.0669
000000219440.png,disjoint_append_side_regions,jpeg_q50,11010110100110011110001000101100,00010011010111010000101101001101,11010110100110011110001000101100,01010011010111010000101101001101,1.000000,0.968750,0,19720,15624,10.0669,12.4185
000000219440.png,disjoint_append_side_regions,resize_0.5_jpeg_q50,11010110100110011110001000101100,00010011010111010000101101001101,11010110100110011110001000101100,01010011010111010000101101001101,1.000000,0.968750,0,19720,15624,10.0669,12.9751
000000230166.png,overlap_replace_same_region,none,11010110100110011110001000101100,00010011010111010000101101001101,01010011010111110000101101101101,01010011010111110000101101101101,0.562500,0.906250,0,19695,19695,12.1741,12.1741
000000230166.png,overlap_replace_same_region,jpeg_q50,11010110100110011110001000101100,00010011010111010000101101001101,01010011010111010000101101001101,01010011010111010000101101001101,0.562500,0.968750,0,19719,19719,12.1741,14.8164
000000230166.png,overlap_replace_same_region,resize_0.5_jpeg_q50,11010110100110011110001000101100,00010011010111010000101101001101,01010011010111010000101101001101,01010011010111010000101101001101,0.562500,0.968750,0,19714,19714,12.1741,15.4434
000000230166.png,disjoint_append_side_regions,none,11010110100110011110001000101100,00010011010111010000101101001101,11010110100110011010001100101100,01010010010111010000101101000101,0.937500,0.906250,0,19693,15610,9.6312,9.6312
000000230166.png,disjoint_append_side_regions,jpeg_q50,11010110100110011110001000101100,00010011010111010000101101001101,11010110100110011110001000101100,01010011010111010000101101001101,1.000000,0.968750,0,19719,15624,9.6312,12.3130
000000230166.png,disjoint_append_side_regions,resize_0.5_jpeg_q50,11010110100110011110001000101100,00010011010111010000101101001101,11010110100110011110001000101100,01010011010111010000101101001101,1.000000,0.968750,0,19713,15621,9.6312,12.9753
000000249180.png,overlap_replace_same_region,none,11010110100110011110001000101100,00010011010111010000101101001101,00010011010111010000101101001101,00010011010111010000101101001101,0.531250,1.000000,0,19697,19697,12.3603,12.3603
000000249180.png,overlap_replace_same_region,jpeg_q50,11010110100110011110001000101100,00010011010111010000101101001101,00010011010111010000101101001101,00010011010111010000101101001101,0.531250,1.000000,0,19706,19706,12.3603,14.7704
000000249180.png,overlap_replace_same_region,resize_0.5_jpeg_q50,11010110100110011110001000101100,00010011010111010000101101001101,00010011010111010000101101001101,00010011010111010000101101001101,0.531250,1.000000,0,19699,19699,12.3603,14.9760
000000249180.png,disjoint_append_side_regions,none,11010110100110011110001000101100,00010011010111010000101101001101,11010100100110011010001100101100,01010010010111010000101101000101,0.906250,0.906250,0,19699,15608,9.7214,9.7214
000000249180.png,disjoint_append_side_regions,jpeg_q50,11010110100110011110001000101100,00010011010111010000101101001101,11010110100110011110001000101100,01010011010111010000101101001101,1.000000,0.968750,0,19714,15621,9.7214,12.2497
000000249180.png,disjoint_append_side_regions,resize_0.5_jpeg_q50,11010110100110011110001000101100,00010011010111010000101101001101,11010110100110011110001000101100,01010011010111010000101101001101,1.000000,0.968750,0,19704,15619,9.7214,12.6839
000000260657.png,overlap_replace_same_region,none,11010110100110011110001000101100,00010011010111010000101101001101,01010011010111110000101101101101,01010011010111110000101101101101,0.562500,0.906250,0,19705,19705,12.5549,12.5549
000000260657.png,overlap_replace_same_region,jpeg_q50,11010110100110011110001000101100,00010011010111010000101101001101,01010011010111010000101101001101,01010011010111010000101101001101,0.562500,0.968750,0,19697,19697,12.5549,14.8112
000000260657.png,overlap_replace_same_region,resize_0.5_jpeg_q50,11010110100110011110001000101100,00010011010111010000101101001101,01010011010111010000101101001101,01010011010111010000101101001101,0.562500,0.968750,0,19685,19685,12.5549,15.0087
000000260657.png,disjoint_append_side_regions,none,11010110100110011110001000101100,00010011010111010000101101001101,11000100100011011010001100101100,01010010010111010000101101000101,0.812500,0.906250,0,19701,15616,10.0646,10.0646
000000260657.png,disjoint_append_side_regions,jpeg_q50,11010110100110011110001000101100,00010011010111010000101101001101,11010110100110011110001000101100,01010011010111010000101101001101,1.000000,0.968750,0,19712,15609,10.0646,12.3204
000000260657.png,disjoint_append_side_regions,resize_0.5_jpeg_q50,11010110100110011110001000101100,00010011010111010000101101001101,11010110100110011110001000101100,01010011010111010000101101001101,1.000000,0.968750,0,19703,15598,10.0646,12.6927
000000262938.png,overlap_replace_same_region,none,11010110100110011110001000101100,00010011010111010000101101001101,00010011010111110000101101101101,00010011010111110000101101101101,0.531250,0.937500,0,19693,19693,12.4401,12.4401
000000262938.png,overlap_replace_same_region,jpeg_q50,11010110100110011110001000101100,00010011010111010000101101001101,00010011010111010000101101001101,00010011010111010000101101001101,0.531250,1.000000,0,19712,19712,12.4401,14.8129
000000262938.png,overlap_replace_same_region,resize_0.5_jpeg_q50,11010110100110011110001000101100,00010011010111010000101101001101,00010011010111010000101101001101,00010011010111010000101101001101,0.531250,1.000000,0,19709,19709,12.4401,15.2844
000000262938.png,disjoint_append_side_regions,none,11010110100110011110001000101100,00010011010111010000101101001101,11000100100110011010001000101100,01010010010111010000101101000100,0.906250,0.875000,0,19707,15615,9.9287,9.9287
000000262938.png,disjoint_append_side_regions,jpeg_q50,11010110100110011110001000101100,00010011010111010000101101001101,11010110100110011110001000101100,01010011010111010000101101001101,1.000000,0.968750,0,19717,15620,9.9287,12.3338
000000262938.png,disjoint_append_side_regions,resize_0.5_jpeg_q50,11010110100110011110001000101100,00010011010111010000101101001101,11010110100110011110001000101100,01010011010111010000101101001101,1.000000,0.968750,0,19715,15617,9.9287,12.8084
000000263299.png,overlap_replace_same_region,none,11010110100110011110001000101100,00010011010111010000101101001101,01010011010111110000001101101101,01010011010111110000001101101101,0.593750,0.875000,0,19704,19704,12.6301,12.6301
000000263299.png,overlap_replace_same_region,jpeg_q50,11010110100110011110001000101100,00010011010111010000101101001101,00010011010111010000101101001101,00010011010111010000101101001101,0.531250,1.000000,0,19704,19704,12.6301,14.7665
000000263299.png,overlap_replace_same_region,resize_0.5_jpeg_q50,11010110100110011110001000101100,00010011010111010000101101001101,01010011010111010000101101001101,01010011010111010000101101001101,0.562500,0.968750,0,19702,19702,12.6301,15.1324
000000263299.png,disjoint_append_side_regions,none,11010110100110011110001000101100,00010011010111010000101101001101,11010100100110011010001100101100,01010010010111010000101101000101,0.906250,0.906250,0,19707,15604,10.0820,10.0820
000000263299.png,disjoint_append_side_regions,jpeg_q50,11010110100110011110001000101100,00010011010111010000101101001101,11010110100110011110001000101100,01010011010111010000101101001101,1.000000,0.968750,0,19716,15621,10.0820,12.2415
000000263299.png,disjoint_append_side_regions,resize_0.5_jpeg_q50,11010110100110011110001000101100,00010011010111010000101101001101,11010110100110011110001000101100,01010011010111010000101101001101,1.000000,0.968750,0,19711,15617,10.0820,12.6884
000000319617.png,overlap_replace_same_region,none,11010110100110011110001000101100,00010011010111010000101101001101,00010011010111010000101101001101,00010011010111010000101101001101,0.531250,1.000000,0,19696,19696,12.0851,12.0851
000000319617.png,overlap_replace_same_region,jpeg_q50,11010110100110011110001000101100,00010011010111010000101101001101,00010011010111010000101101001101,00010011010111010000101101001101,0.531250,1.000000,0,19709,19709,12.0851,14.8188
000000319617.png,overlap_replace_same_region,resize_0.5_jpeg_q50,11010110100110011110001000101100,00010011010111010000101101001101,00010011010111010000101101001101,00010011010111010000101101001101,0.531250,1.000000,0,19709,19709,12.0851,15.4503
000000319617.png,disjoint_append_side_regions,none,11010110100110011110001000101100,00010011010111010000101101001101,11010100100110011010001100101100,01010010010111010000101101000101,0.906250,0.906250,0,19707,15614,9.5623,9.5623
000000319617.png,disjoint_append_side_regions,jpeg_q50,11010110100110011110001000101100,00010011010111010000101101001101,11010110100110011110001000101100,01010011010111010000101101001101,1.000000,0.968750,0,19719,15624,9.5623,12.2448
000000319617.png,disjoint_append_side_regions,resize_0.5_jpeg_q50,11010110100110011110001000101100,00010011010111010000101101001101,11010110100110011110001000101100,01010011010111010000101101001101,1.000000,0.968750,0,19717,15624,9.5623,12.9091
000000322895.png,overlap_replace_same_region,none,11010110100110011110001000101100,00010011010111010000101101001101,00010011010111110000101101101101,00010011010111110000101101101101,0.531250,0.937500,0,19701,19701,12.2678,12.2678
000000322895.png,overlap_replace_same_region,jpeg_q50,11010110100110011110001000101100,00010011010111010000101101001101,00010011010111010000101101001101,00010011010111010000101101001101,0.531250,1.000000,0,19716,19716,12.2678,14.8811
000000322895.png,overlap_replace_same_region,resize_0.5_jpeg_q50,11010110100110011110001000101100,00010011010111010000101101001101,00010011010111010000101101001101,00010011010111010000101101001101,0.531250,1.000000,0,19716,19716,12.2678,15.4550
000000322895.png,disjoint_append_side_regions,none,11010110100110011110001000101100,00010011010111010000101101001101,11000110100011011010001000101100,01011010010111010000101101000101,0.875000,0.875000,0,19703,15611,9.7664,9.7664
000000322895.png,disjoint_append_side_regions,jpeg_q50,11010110100110011110001000101100,00010011010111010000101101001101,11010110100110011110001000101100,01010011010111010000101101001101,1.000000,0.968750,0,19720,15624,9.7664,12.3607
000000322895.png,disjoint_append_side_regions,resize_0.5_jpeg_q50,11010110100110011110001000101100,00010011010111010000101101001101,11010110100110011110001000101100,01010011010111010000101101001101,1.000000,0.968750,0,19720,15624,9.7664,12.9487
000000326128.png,overlap_replace_same_region,none,11010110100110011110001000101100,00010011010111010000101101001101,00010011010111110000101101101101,00010011010111110000101101101101,0.531250,0.937500,0,19694,19694,12.5351,12.5351
000000326128.png,overlap_replace_same_region,jpeg_q50,11010110100110011110001000101100,00010011010111010000101101001101,01010011010111010000101101001101,01010011010111010000101101001101,0.562500,0.968750,0,19705,19705,12.5351,14.8706
000000326128.png,overlap_replace_same_region,resize_0.5_jpeg_q50,11010110100110011110001000101100,00010011010111010000101101001101,01010011010111010000101101001101,01010011010111010000101101001101,0.562500,0.968750,0,19704,19704,12.5351,15.2557
000000326128.png,disjoint_append_side_regions,none,11010110100110011110001000101100,00010011010111010000101101001101,11000110100110011010001100101100,01010010010111010000101101000101,0.906250,0.906250,0,19697,15613,10.0242,10.0242
000000326128.png,disjoint_append_side_regions,jpeg_q50,11010110100110011110001000101100,00010011010111010000101101001101,11010110100110011110001000101100,01010011010111010000101101001101,1.000000,0.968750,0,19701,15624,10.0242,12.3671
000000326128.png,disjoint_append_side_regions,resize_0.5_jpeg_q50,11010110100110011110001000101100,00010011010111010000101101001101,11010110100110011110001000101100,01010011010111010000101101001101,1.000000,0.968750,0,19694,15624,10.0242,12.8305
000000341681.png,overlap_replace_same_region,none,11010110100110011110001000101100,00010011010111010000101101001101,00010011010111110000101101101101,00010011010111110000101101101101,0.531250,0.937500,0,19703,19703,11.7357,11.7357
000000341681.png,overlap_replace_same_region,jpeg_q50,11010110100110011110001000101100,00010011010111010000101101001101,01010011010111010000101101001101,01010011010111010000101101001101,0.562500,0.968750,0,19709,19709,11.7357,14.7213
000000341681.png,overlap_replace_same_region,resize_0.5_jpeg_q50,11010110100110011110001000101100,00010011010111010000101101001101,01010011010111010000101101001101,01010011010111010000101101001101,0.562500,0.968750,0,19703,19703,11.7357,15.5093
000000341681.png,disjoint_append_side_regions,none,11010110100110011110001000101100,00010011010111010000101101001101,11010100100110011010001000101100,01010010010111010000101101000100,0.937500,0.875000,0,19696,15610,9.1805,9.1805
000000341681.png,disjoint_append_side_regions,jpeg_q50,11010110100110011110001000101100,00010011010111010000101101001101,11010110100110011110001000101100,01010011010111010000101101001101,1.000000,0.968750,0,19718,15621,9.1805,12.1617
000000341681.png,disjoint_append_side_regions,resize_0.5_jpeg_q50,11010110100110011110001000101100,00010011010111010000101101001101,11010110100110011110001000101100,01010011010111010000101101001100,1.000000,0.937500,0,19708,15620,9.1805,13.0174
000000358427.png,overlap_replace_same_region,none,11010110100110011110001000101100,00010011010111010000101101001101,00010011010111110000101101101101,00010011010111110000101101101101,0.531250,0.937500,0,19702,19702,12.1823,12.1823
000000358427.png,overlap_replace_same_region,jpeg_q50,11010110100110011110001000101100,00010011010111010000101101001101,00010011010111010000101101001101,00010011010111010000101101001101,0.531250,1.000000,0,19717,19717,12.1823,14.9086
000000358427.png,overlap_replace_same_region,resize_0.5_jpeg_q50,11010110100110011110001000101100,00010011010111010000101101001101,00010011010111010000101101001101,00010011010111010000101101001101,0.531250,1.000000,0,19718,19718,12.1823,15.6605
000000358427.png,disjoint_append_side_regions,none,11010110100110011110001000101100,00010011010111010000101101001101,11000110100110011010001100101100,01011010010111010000101101000100,0.906250,0.843750,0,19707,15613,9.7212,9.7212
000000358427.png,disjoint_append_side_regions,jpeg_q50,11010110100110011110001000101100,00010011010111010000101101001101,11010110100110011110001000101100,01010011010111010000101101001101,1.000000,0.968750,0,19716,15620,9.7212,12.3677
000000358427.png,disjoint_append_side_regions,resize_0.5_jpeg_q50,11010110100110011110001000101100,00010011010111010000101101001101,11010110100110011110001000101100,01010011010111010000101101001101,1.000000,0.968750,0,19717,15620,9.7212,13.0258
000000360137.png,overlap_replace_same_region,none,11010110100110011110001000101100,00010011010111010000101101001101,01010011010111010000101101001101,01010011010111010000101101001101,0.562500,0.968750,0,19695,19695,13.0194,13.0194
000000360137.png,overlap_replace_same_region,jpeg_q50,11010110100110011110001000101100,00010011010111010000101101001101,00010011010111010000101101001101,00010011010111010000101101001101,0.531250,1.000000,0,19714,19714,13.0194,14.6999
000000360137.png,overlap_replace_same_region,resize_0.5_jpeg_q50,11010110100110011110001000101100,00010011010111010000101101001101,00010011010111010000101101001101,00010011010111010000101101001101,0.531250,1.000000,0,19708,19708,13.0194,14.9655
000000360137.png,disjoint_append_side_regions,none,11010110100110011110001000101100,00010011010111010000101101001101,11000110100010011010001000101100,01010010010111010000101101000101,0.906250,0.906250,0,19696,15614,10.4484,10.4484
000000360137.png,disjoint_append_side_regions,jpeg_q50,11010110100110011110001000101100,00010011010111010000101101001101,11010110100110011110001000101100,01010011010111010000101101001101,1.000000,0.968750,0,19713,15616,10.4484,12.2691
000000360137.png,disjoint_append_side_regions,resize_0.5_jpeg_q50,11010110100110011110001000101100,00010011010111010000101101001101,11010110100110011110001000101100,01010011010111010000101101001101,1.000000,0.968750,0,19713,15616,10.4484,12.6459
000000397681.png,overlap_replace_same_region,none,11010110100110011110001000101100,00010011010111010000101101001101,01010011010111110000101101101101,01010011010111110000101101101101,0.562500,0.906250,0,19687,19687,12.4253,12.4253
000000397681.png,overlap_replace_same_region,jpeg_q50,11010110100110011110001000101100,00010011010111010000101101001101,00010011010111010000101101001101,00010011010111010000101101001101,0.531250,1.000000,0,19678,19678,12.4253,14.4881
000000397681.png,overlap_replace_same_region,resize_0.5_jpeg_q50,11010110100110011110001000101100,00010011010111010000101101001101,00010011010111010000101101001101,00010011010111010000101101001101,0.531250,1.000000,0,19705,19705,12.4253,14.6098
000000397681.png,disjoint_append_side_regions,none,11010110100110011110001000101100,00010011010111010000101101001101,11000100100110011010001000101100,01010010010111010000101101000100,0.906250,0.875000,0,19706,15620,9.9054,9.9054
000000397681.png,disjoint_append_side_regions,jpeg_q50,11010110100110011110001000101100,00010011010111010000101101001101,11010110100110011110001000101100,01010011010111010000101101001101,1.000000,0.968750,0,19662,15612,9.9054,12.1738
000000397681.png,disjoint_append_side_regions,resize_0.5_jpeg_q50,11010110100110011110001000101100,00010011010111010000101101001101,11010110100110011110001000101100,01010011010111010000101101001101,1.000000,0.968750,0,19676,15606,9.9054,12.4938
000000400573.png,overlap_replace_same_region,none,11010110100110011110001000101100,00010011010111010000101101001101,00010011010111010000101101001101,00010011010111010000101101001101,0.531250,1.000000,0,19700,19700,12.2409,12.2409
000000400573.png,overlap_replace_same_region,jpeg_q50,11010110100110011110001000101100,00010011010111010000101101001101,01010011010111010000101101001101,01010011010111010000101101001101,0.562500,0.968750,0,19719,19719,12.2409,14.9360
000000400573.png,overlap_replace_same_region,resize_0.5_jpeg_q50,11010110100110011110001000101100,00010011010111010000101101001101,01010011010111010000101101001101,01010011010111010000101101001101,0.562500,0.968750,0,19716,19716,12.2409,15.5455
000000400573.png,disjoint_append_side_regions,none,11010110100110011110001000101100,00010011010111010000101101001101,11000110100111011010001100101100,01010010010111010000101101000101,0.875000,0.906250,0,19709,15610,9.6530,9.6530
000000400573.png,disjoint_append_side_regions,jpeg_q50,11010110100110011110001000101100,00010011010111010000101101001101,11010110100110011110001000101100,01010011010111010000101101001101,1.000000,0.968750,0,19720,15624,9.6530,12.3079
000000400573.png,disjoint_append_side_regions,resize_0.5_jpeg_q50,11010110100110011110001000101100,00010011010111010000101101001101,11010110100110011110001000101100,01010011010111010000101101001101,1.000000,0.968750,0,19720,15624,9.6530,12.9586
000000401250.png,overlap_replace_same_region,none,11010110100110011110001000101100,00010011010111010000101101001101,00010011010111110000101101101101,00010011010111110000101101101101,0.531250,0.937500,0,19698,19698,11.7884,11.7884
000000401250.png,overlap_replace_same_region,jpeg_q50,11010110100110011110001000101100,00010011010111010000101101001101,00010011010111010000101101001101,00010011010111010000101101001101,0.531250,1.000000,0,19716,19716,11.7884,14.7786
000000401250.png,overlap_replace_same_region,resize_0.5_jpeg_q50,11010110100110011110001000101100,00010011010111010000101101001101,01010011010111010000101101001101,01010011010111010000101101001101,0.562500,0.968750,0,19708,19708,11.7884,15.5274
000000401250.png,disjoint_append_side_regions,none,11010110100110011110001000101100,00010011010111010000101101001101,11000110100110011010001000101100,01010010010111010000101101000101,0.937500,0.906250,0,19703,15611,9.1934,9.1934
000000401250.png,disjoint_append_side_regions,jpeg_q50,11010110100110011110001000101100,00010011010111010000101101001101,11010110100110011110001000101100,01010011010111010000101101001101,1.000000,0.968750,0,19720,15624,9.1934,12.1482
000000401250.png,disjoint_append_side_regions,resize_0.5_jpeg_q50,11010110100110011110001000101100,00010011010111010000101101001101,11010110100110011110001000101100,01010011010111010000101101001101,1.000000,0.968750,0,19718,15624,9.1934,12.9627
000000426372.png,overlap_replace_same_region,none,11010110100110011110001000101100,00010011010111010000101101001101,01011011010111010000101101001101,01011011010111010000101101001101,0.531250,0.937500,0,19713,19713,12.4682,12.4682
000000426372.png,overlap_replace_same_region,jpeg_q50,11010110100110011110001000101100,00010011010111010000101101001101,01010011010111010000101101001101,01010011010111010000101101001101,0.562500,0.968750,0,19703,19703,12.4682,14.8567
000000426372.png,overlap_replace_same_region,resize_0.5_jpeg_q50,11010110100110011110001000101100,00010011010111010000101101001101,01010011010111010000101101001101,01010011010111010000101101001101,0.562500,0.968750,0,19695,19695,12.4682,15.2302
000000426372.png,disjoint_append_side_regions,none,11010110100110011110001000101100,00010011010111010000101101001101,01010110100111011010001100101100,01010010010111010000101101000101,0.875000,0.906250,0,19714,15618,10.0213,10.0213
000000426372.png,disjoint_append_side_regions,jpeg_q50,11010110100110011110001000101100,00010011010111010000101101001101,11010110100110011110001000101100,01010011010111010000101101001101,1.000000,0.968750,0,19719,15624,10.0213,12.3303
000000426372.png,disjoint_append_side_regions,resize_0.5_jpeg_q50,11010110100110011110001000101100,00010011010111010000101101001101,11010110100110011110001000101100,01010011010111010000101101001101,1.000000,0.968750,0,19720,15624,10.0213,12.7472
000000437351.png,overlap_replace_same_region,none,11010110100110011110001000101100,00010011010111010000101101001101,00010011010111010000101101001101,00010011010111010000101101001101,0.531250,1.000000,0,19707,19707,12.9170,12.9170
000000437351.png,overlap_replace_same_region,jpeg_q50,11010110100110011110001000101100,00010011010111010000101101001101,00010011010111010000101101001101,00010011010111010000101101001101,0.531250,1.000000,0,19703,19703,12.9170,14.7376
000000437351.png,overlap_replace_same_region,resize_0.5_jpeg_q50,11010110100110011110001000101100,00010011010111010000101101001101,00010011010111010000101101001101,00010011010111010000101101001101,0.531250,1.000000,0,19702,19702,12.9170,15.0051
000000437351.png,disjoint_append_side_regions,none,11010110100110011110001000101100,00010011010111010000101101001101,11000110100110011010001100101100,01010010010111010000101101000101,0.906250,0.906250,0,19713,15619,10.3161,10.3161
000000437351.png,disjoint_append_side_regions,jpeg_q50,11010110100110011110001000101100,00010011010111010000101101001101,11010110100110011110001000101100,01010011010111010000101101001101,1.000000,0.968750,0,19704,15623,10.3161,12.2457
000000437351.png,disjoint_append_side_regions,resize_0.5_jpeg_q50,11010110100110011110001000101100,00010011010111010000101101001101,11010110100110011110001000101100,01010011010111010000101101001101,1.000000,0.968750,0,19711,15615,10.3161,12.5806
000000477805.png,overlap_replace_same_region,none,11010110100110011110001000101100,00010011010111010000101101001101,00010011010111110000101101101101,00010011010111110000101101101101,0.531250,0.937500,0,19716,19716,13.3342,13.3342
000000477805.png,overlap_replace_same_region,jpeg_q50,11010110100110011110001000101100,00010011010111010000101101001101,00010011010111010000101101001101,00010011010111010000101101001101,0.531250,1.000000,0,19720,19720,13.3342,14.7412
000000477805.png,overlap_replace_same_region,resize_0.5_jpeg_q50,11010110100110011110001000101100,00010011010111010000101101001101,01010011010111010000101101001101,01010011010111010000101101001101,0.562500,0.968750,0,19720,19720,13.3342,14.9855
000000477805.png,disjoint_append_side_regions,none,11010110100110011110001000101100,00010011010111010000101101001101,01000110100111011010001100101100,01010010010111010000101101000101,0.843750,0.906250,0,19719,15624,10.8059,10.8059
000000477805.png,disjoint_append_side_regions,jpeg_q50,11010110100110011110001000101100,00010011010111010000101101001101,11010110100110011110001000101100,01010011010111010000101101001101,1.000000,0.968750,0,19717,15624,10.8059,12.1850
000000477805.png,disjoint_append_side_regions,resize_0.5_jpeg_q50,11010110100110011110001000101100,00010011010111010000101101001101,11010110100110011110001000101100,01010011010111010000101101001101,1.000000,0.968750,0,19720,15624,10.8059,12.4413
000000508730.png,overlap_replace_same_region,none,11010110100110011110001000101100,00010011010111010000101101001101,00010011010111110000101101101101,00010011010111110000101101101101,0.531250,0.937500,0,19704,19704,12.2391,12.2391
000000508730.png,overlap_replace_same_region,jpeg_q50,11010110100110011110001000101100,00010011010111010000101101001101,00010011010111010000101101001101,00010011010111010000101101001101,0.531250,1.000000,0,19716,19716,12.2391,14.8148
000000508730.png,overlap_replace_same_region,resize_0.5_jpeg_q50,11010110100110011110001000101100,00010011010111010000101101001101,00010011010111010000101101001101,00010011010111010000101101001101,0.531250,1.000000,0,19711,19711,12.2391,15.4633
000000508730.png,disjoint_append_side_regions,none,11010110100110011110001000101100,00010011010111010000101101001101,11000110100111011010001100101100,01010010010111010000101101000101,0.875000,0.906250,0,19706,15618,9.7507,9.7507
000000508730.png,disjoint_append_side_regions,jpeg_q50,11010110100110011110001000101100,00010011010111010000101101001101,11010110100110011110001000101100,01010011010111010000101101001101,1.000000,0.968750,0,19710,15611,9.7507,12.3011
000000508730.png,disjoint_append_side_regions,resize_0.5_jpeg_q50,11010110100110011110001000101100,00010011010111010000101101001101,11010110100110011110001000101100,01010011010111010000101101001101,1.000000,0.968750,0,19688,15605,9.7507,12.9268
000000517056.png,overlap_replace_same_region,none,11010110100110011110001000101100,00010011010111010000101101001101,00001011010101010000101101001101,00001011010101010000101101001101,0.437500,0.906250,0,19698,19698,12.8526,12.8526
000000517056.png,overlap_replace_same_region,jpeg_q50,11010110100110011110001000101100,00010011010111010000101101001101,00010011010111010000101101001101,00010011010111010000101101001101,0.531250,1.000000,0,19717,19717,12.8526,14.9143
000000517056.png,overlap_replace_same_region,resize_0.5_jpeg_q50,11010110100110011110001000101100,00010011010111010000101101001101,01010011010111010000101101001101,01010011010111010000101101001101,0.562500,0.968750,0,19717,19717,12.8526,15.1868
000000517056.png,disjoint_append_side_regions,none,11010110100110011110001000101100,00010011010111010000101101001101,01000110100111011010001100101100,01010010010111010000101101000101,0.843750,0.906250,0,19705,15616,10.1632,10.1632
000000517056.png,disjoint_append_side_regions,jpeg_q50,11010110100110011110001000101100,00010011010111010000101101001101,11010110100110011110001000101100,01010011010111010000101101001101,1.000000,0.968750,0,19717,15624,10.1632,12.3366
000000517056.png,disjoint_append_side_regions,resize_0.5_jpeg_q50,11010110100110011110001000101100,00010011010111010000101101001101,01010110100110011110001000101100,01010011010111010000101101001101,0.968750,0.968750,0,19719,15624,10.1632,12.7555
000000517687.png,overlap_replace_same_region,none,11010110100110011110001000101100,00010011010111010000101101001101,01010011010101110000101101001101,01010011010101110000101101001101,0.500000,0.906250,0,19706,19706,12.7788,12.7788
000000517687.png,overlap_replace_same_region,jpeg_q50,11010110100110011110001000101100,00010011010111010000101101001101,00010011010111010000101101001101,00010011010111010000101101001101,0.531250,1.000000,0,19696,19696,12.7788,14.7683
000000517687.png,overlap_replace_same_region,resize_0.5_jpeg_q50,11010110100110011110001000101100,00010011010111010000101101001101,01010011010111010000101101001101,01010011010111010000101101001101,0.562500,0.968750,0,19697,19697,12.7788,14.7697
000000517687.png,disjoint_append_side_regions,none,11010110100110011110001000101100,00010011010111010000101101001101,11000110100010011010001000101100,01010010010111010000101101000101,0.906250,0.906250,0,19703,15616,10.1420,10.1420
000000517687.png,disjoint_append_side_regions,jpeg_q50,11010110100110011110001000101100,00010011010111010000101101001101,11010110100110011110001000101100,01010011010111010000101101001101,1.000000,0.968750,0,19709,15619,10.1420,12.3234
000000517687.png,disjoint_append_side_regions,resize_0.5_jpeg_q50,11010110100110011110001000101100,00010011010111010000101101001101,11010110100110011110001000101100,01010011010111010000101101001101,1.000000,0.968750,0,19704,15619,10.1420,12.5709
000000523957.png,overlap_replace_same_region,none,11010110100110011110001000101100,00010011010111010000101101001101,00010011010111110000101101101101,00010011010111110000101101101101,0.531250,0.937500,0,19707,19707,12.3873,12.3873
000000523957.png,overlap_replace_same_region,jpeg_q50,11010110100110011110001000101100,00010011010111010000101101001101,01010011010111010000101101001101,01010011010111010000101101001101,0.562500,0.968750,0,19715,19715,12.3873,14.8290
000000523957.png,overlap_replace_same_region,resize_0.5_jpeg_q50,11010110100110011110001000101100,00010011010111010000101101001101,01010011010111010000101101001101,01010011010111010000101101001101,0.562500,0.968750,0,19711,19711,12.3873,15.3475
000000523957.png,disjoint_append_side_regions,none,11010110100110011110001000101100,00010011010111010000101101001101,11000110100010011010001000101100,01010010010111010000101101000100,0.906250,0.875000,0,19708,15615,9.8031,9.8031
000000523957.png,disjoint_append_side_regions,jpeg_q50,11010110100110011110001000101100,00010011010111010000101101001101,11010110100110011110001000101100,01010011010111010000101101001101,1.000000,0.968750,0,19716,15624,9.8031,12.3105
000000523957.png,disjoint_append_side_regions,resize_0.5_jpeg_q50,11010110100110011110001000101100,00010011010111010000101101001101,11010110100110011110001000101100,01010011010111010000101101001101,1.000000,0.968750,0,19713,15624,9.8031,12.8614
000000533145.png,overlap_replace_same_region,none,11010110100110011110001000101100,00010011010111010000101101001101,00010011010111110000101101101101,00010011010111110000101101101101,0.531250,0.937500,0,19694,19694,12.9019,12.9019
000000533145.png,overlap_replace_same_region,jpeg_q50,11010110100110011110001000101100,00010011010111010000101101001101,00010011010111010000101101001101,00010011010111010000101101001101,0.531250,1.000000,0,19710,19710,12.9019,15.0352
000000533145.png,overlap_replace_same_region,resize_0.5_jpeg_q50,11010110100110011110001000101100,00010011010111010000101101001101,00010011010111010000101101001101,00010011010111010000101101001101,0.531250,1.000000,0,19705,19705,12.9019,15.4567
000000533145.png,disjoint_append_side_regions,none,11010110100110011110001000101100,00010011010111010000101101001101,11000100100110011010001100101100,01010010010111010000101101000101,0.875000,0.906250,0,19688,15610,10.3196,10.3196
000000533145.png,disjoint_append_side_regions,jpeg_q50,11010110100110011110001000101100,00010011010111010000101101001101,11010110100110011110001000101100,00010011010111010000101101001101,1.000000,1.000000,1,19702,15624,10.3196,12.5162
000000533145.png,disjoint_append_side_regions,resize_0.5_jpeg_q50,11010110100110011110001000101100,00010011010111010000101101001101,11010110100110011110001000101100,01010011010111010000101101001101,1.000000,0.968750,0,19711,15624,10.3196,12.9632
000000562243.png,overlap_replace_same_region,none,11010110100110011110001000101100,00010011010111010000101101001101,00010011010111110000101101101101,00010011010111110000101101101101,0.531250,0.937500,0,19692,19692,12.7995,12.7995
000000562243.png,overlap_replace_same_region,jpeg_q50,11010110100110011110001000101100,00010011010111010000101101001101,00010011010111010000101101001101,00010011010111010000101101001101,0.531250,1.000000,0,19720,19720,12.7995,15.1430
000000562243.png,overlap_replace_same_region,resize_0.5_jpeg_q50,11010110100110011110001000101100,00010011010111010000101101001101,01010011010111010000101101001101,01010011010111010000101101001101,0.562500,0.968750,0,19713,19713,12.7995,15.6671
000000562243.png,disjoint_append_side_regions,none,11010110100110011110001000101100,00010011010111010000101101001101,11000110100011011010001100101100,01010010010111010000101101000101,0.843750,0.906250,0,19692,15604,10.1609,10.1609
000000562243.png,disjoint_append_side_regions,jpeg_q50,11010110100110011110001000101100,00010011010111010000101101001101,11010110100110011110001000101100,01010011010111010000101101001101,1.000000,0.968750,0,19720,15624,10.1609,12.5251
000000562243.png,disjoint_append_side_regions,resize_0.5_jpeg_q50,11010110100110011110001000101100,00010011010111010000101101001101,11010110100110011110001000101100,01010011010111010000101101001100,1.000000,0.937500,0,19720,15624,10.1609,13.0415
000000563470.png,overlap_replace_same_region,none,11010110100110011110001000101100,00010011010111010000101101001101,01010011010111110000101101101101,01010011010111110000101101101101,0.562500,0.906250,0,19704,19704,12.1830,12.1830
000000563470.png,overlap_replace_same_region,jpeg_q50,11010110100110011110001000101100,00010011010111010000101101001101,01010011010111010000101101001101,01010011010111010000101101001101,0.562500,0.968750,0,19714,19714,12.1830,14.7456
000000563470.png,overlap_replace_same_region,resize_0.5_jpeg_q50,11010110100110011110001000101100,00010011010111010000101101001101,01010011010111010000101101001101,01010011010111010000101101001101,0.562500,0.968750,0,19718,19718,12.1830,15.1834
000000563470.png,disjoint_append_side_regions,none,11010110100110011110001000101100,00010011010111010000101101001101,11000110100110011010001000101100,01010010010111010000101101000101,0.937500,0.906250,0,19706,15615,9.6404,9.6404
000000563470.png,disjoint_append_side_regions,jpeg_q50,11010110100110011110001000101100,00010011010111010000101101001101,11010110100110011110001000101100,01010011010111010000101101001101,1.000000,0.968750,0,19720,15623,9.6404,12.2765
000000563470.png,disjoint_append_side_regions,resize_0.5_jpeg_q50,11010110100110011110001000101100,00010011010111010000101101001101,11010110100110011110001000101100,01010011010111010000101101001101,1.000000,0.968750,0,19720,15624,9.6404,12.8025
000000573258.png,overlap_replace_same_region,none,11010110100110011110001000101100,00010011010111010000101101001101,00010011010111010000101101001101,00010011010111010000101101001101,0.531250,1.000000,0,19703,19703,12.5580,12.5580
000000573258.png,overlap_replace_same_region,jpeg_q50,11010110100110011110001000101100,00010011010111010000101101001101,00010011010111010000101101001101,00010011010111010000101101001101,0.531250,1.000000,0,19718,19718,12.5580,14.9579
000000573258.png,overlap_replace_same_region,resize_0.5_jpeg_q50,11010110100110011110001000101100,00010011010111010000101101001101,01010011010111010000101101001101,01010011010111010000101101001101,0.562500,0.968750,0,19718,19718,12.5580,15.4454
000000573258.png,disjoint_append_side_regions,none,11010110100110011110001000101100,00010011010111010000101101001101,11000110100110011010001000101100,01010010010111010000101101000101,0.937500,0.906250,0,19701,15611,10.0526,10.0526
000000573258.png,disjoint_append_side_regions,jpeg_q50,11010110100110011110001000101100,00010011010111010000101101001101,11010110100110011110001000101100,01010011010111010000101101001101,1.000000,0.968750,0,19720,15624,10.0526,12.4557
000000573258.png,disjoint_append_side_regions,resize_0.5_jpeg_q50,11010110100110011110001000101100,00010011010111010000101101001101,11010110100110011110001000101100,01010011010111010000101101001101,1.000000,0.968750,0,19720,15624,10.0526,12.9563
000000575243.png,overlap_replace_same_region,none,11010110100110011110001000101100,00010011010111010000101101001101,00010011010111110000101101101101,00010011010111110000101101101101,0.531250,0.937500,0,19703,19703,12.2684,12.2684
000000575243.png,overlap_replace_same_region,jpeg_q50,11010110100110011110001000101100,00010011010111010000101101001101,00010011010111010000101101001101,00010011010111010000101101001101,0.531250,1.000000,0,19720,19720,12.2684,14.8633
000000575243.png,overlap_replace_same_region,resize_0.5_jpeg_q50,11010110100110011110001000101100,00010011010111010000101101001101,00010011010111010000101101001101,00010011010111010000101101001101,0.531250,1.000000,0,19720,19720,12.2684,15.2380
000000575243.png,disjoint_append_side_regions,none,11010110100110011110001000101100,00010011010111010000101101001101,11000110100111011010001000101100,01010010010111010000101101000100,0.906250,0.875000,0,19711,15611,9.9779,9.9779
000000575243.png,disjoint_append_side_regions,jpeg_q50,11010110100110011110001000101100,00010011010111010000101101001101,11010110100110011110001000101100,01010011010111010000101101001101,1.000000,0.968750,0,19720,15624,9.9779,12.3185
000000575243.png,disjoint_append_side_regions,resize_0.5_jpeg_q50,11010110100110011110001000101100,00010011010111010000101101001101,11010110100110011110001000101100,01010011010111010000101101001101,1.000000,0.968750,0,19720,15624,9.9779,12.7514
