image,mask_ratio,attack,bit_accuracy,message_success,psnr_watermarked,psnr_attacked
000000005529.png,0.5,none,1.000000,1,10.3938,10.3938
000000005529.png,0.5,center_crop_0.5,0.500000,0,10.3938,6.9257
000000005529.png,0.5,center_crop_0.75,0.750000,0,10.3938,7.6484
000000005529.png,0.5,random_crop_0.5,0.531250,0,10.3938,6.8522
000000005529.png,0.5,jpeg_q30,1.000000,1,10.3938,12.9983
000000005529.png,0.6,none,1.000000,1,9.5930,9.5930
000000005529.png,0.6,center_crop_0.5,0.500000,0,9.5930,6.9257
000000005529.png,0.6,center_crop_0.75,0.781250,0,9.5930,7.2353
000000005529.png,0.6,random_crop_0.5,0.531250,0,9.5930,8.0800
000000005529.png,0.6,jpeg_q30,1.000000,1,9.5930,12.2522
000000005529.png,0.7,none,1.000000,1,8.8898,8.8898
000000005529.png,0.7,center_crop_0.5,0.500000,0,8.8898,6.9257
000000005529.png,0.7,center_crop_0.75,0.781250,0,8.8898,7.2353
000000005529.png,0.7,random_crop_0.5,0.500000,0,8.8898,7.2750
000000005529.png,0.7,jpeg_q30,1.000000,1,8.8898,11.5673
000000005529.png,0.8,none,1.000000,1,8.3048,8.3048
000000005529.png,0.8,center_crop_0.5,0.500000,0,8.3048,6.9257
000000005529.png,0.8,center_crop_0.75,0.781250,0,8.3048,7.2353
000000005529.png,0.8,random_crop_0.5,0.562500,0,8.3048,7.0770
000000005529.png,0.8,jpeg_q30,1.000000,1,8.3048,10.9745
000000005529.png,0.9,none,1.000000,1,7.7957,7.7957
000000005529.png,0.9,center_crop_0.5,0.500000,0,7.7957,6.9257
000000005529.png,0.9,center_crop_0.75,0.781250,0,7.7957,7.2353
000000005529.png,0.9,random_crop_0.5,0.562500,0,7.7957,7.2602
000000005529.png,0.9,jpeg_q30,1.000000,1,7.7957,10.4802
000000005529.png,1.0,none,1.000000,1,7.2986,7.2986
000000005529.png,1.0,center_crop_0.5,0.500000,0,7.2986,6.9257
000000005529.png,1.0,center_crop_0.75,0.781250,0,7.2986,7.2353
000000005529.png,1.0,random_crop_0.5,0.625000,0,7.2986,7.0956
000000005529.png,1.0,jpeg_q30,1.000000,1,7.2986,9.9374
000000021167.png,0.5,none,1.000000,1,10.4893,10.4893
000000021167.png,0.5,center_crop_0.5,0.500000,0,10.4893,7.4021
000000021167.png,0.5,center_crop_0.75,0.781250,0,10.4893,8.0460
000000021167.png,0.5,random_crop_0.5,0.437500,0,10.4893,7.6190
000000021167.png,0.5,jpeg_q30,1.000000,1,10.4893,13.1857
000000021167.png,0.6,none,1.000000,1,9.7054,9.7054
000000021167.png,0.6,center_crop_0.5,0.500000,0,9.7054,7.4021
000000021167.png,0.6,center_crop_0.75,0.812500,0,9.7054,7.6295
000000021167.png,0.6,random_crop_0.5,0.406250,0,9.7054,7.2268
000000021167.png,0.6,jpeg_q30,1.000000,1,9.7054,12.3692
000000021167.png,0.7,none,1.000000,1,9.0259,9.0259
000000021167.png,0.7,center_crop_0.5,0.500000,0,9.0259,7.4021
000000021167.png,0.7,center_crop_0.75,0.812500,0,9.0259,7.6295
000000021167.png,0.7,random_crop_0.5,0.562500,0,9.0259,7.3853
000000021167.png,0.7,jpeg_q30,1.000000,1,9.0259,11.7007
000000021167.png,0.8,none,1.000000,1,8.4917,8.4917
000000021167.png,0.8,center_crop_0.5,0.500000,0,8.4917,7.4021
000000021167.png,0.8,center_crop_0.75,0.812500,0,8.4917,7.6295
000000021167.png,0.8,random_crop_0.5,0.468750,0,8.4917,7.5139
000000021167.png,0.8,jpeg_q30,1.000000,1,8.4917,11.1458
000000021167.png,0.9,none,1.000000,1,7.9487,7.9487
000000021167.png,0.9,center_crop_0.5,0.500000,0,7.9487,7.4021
000000021167.png,0.9,center_crop_0.75,0.812500,0,7.9487,7.6295
000000021167.png,0.9,random_crop_0.5,0.562500,0,7.9487,8.0475
000000021167.png,0.9,jpeg_q30,1.000000,1,7.9487,10.5679
000000021167.png,1.0,none,1.000000,1,7.4536,7.4536
000000021167.png,1.0,center_crop_0.5,0.500000,0,7.4536,7.4021
000000021167.png,1.0,center_crop_0.75,0.812500,0,7.4536,7.6295
000000021167.png,1.0,random_crop_0.5,0.500000,0,7.4536,8.0972
000000021167.png,1.0,jpeg_q30,1.000000,1,7.4536,10.0189
000000022705.png,0.5,none,1.000000,1,10.1192,10.1192
000000022705.png,0.5,center_crop_0.5,0.500000,0,10.1192,7.0201
000000022705.png,0.5,center_crop_0.75,0.750000,0,10.1192,7.4827
000000022705.png,0.5,random_crop_0.5,0.500000,0,10.1192,7.4025
000000022705.png,0.5,jpeg_q30,1.000000,1,10.1192,12.9561
000000022705.png,0.6,none,1.000000,1,9.3341,9.3341
000000022705.png,0.6,center_crop_0.5,0.500000,0,9.3341,7.0201
000000022705.png,0.6,center_crop_0.75,0.812500,0,9.3341,7.1536
000000022705.png,0.6,random_crop_0.5,0.500000,0,9.3341,8.2699
000000022705.png,0.6,jpeg_q30,1.000000,1,9.3341,12.2078
000000022705.png,0.7,none,1.000000,1,8.6658,8.6658
000000022705.png,0.7,center_crop_0.5,0.500000,0,8.6658,7.0201
000000022705.png,0.7,center_crop_0.75,0.812500,0,8.6658,7.1536
000000022705.png,0.7,random_crop_0.5,0.531250,0,8.6658,6.9138
000000022705.png,0.7,jpeg_q30,1.000000,1,8.6658,11.5625
000000022705.png,0.8,none,1.000000,1,8.1360,8.1360
000000022705.png,0.8,center_crop_0.5,0.500000,0,8.1360,7.0201
000000022705.png,0.8,center_crop_0.75,0.812500,0,8.1360,7.1536
000000022705.png,0.8,random_crop_0.5,0.500000,0,8.1360,7.5285
000000022705.png,0.8,jpeg_q30,1.000000,1,8.1360,11.0050
000000022705.png,0.9,none,1.000000,1,7.6251,7.6251
000000022705.png,0.9,center_crop_0.5,0.500000,0,7.6251,7.0201
000000022705.png,0.9,center_crop_0.75,0.812500,0,7.6251,7.1536
000000022705.png,0.9,random_crop_0.5,0.437500,0,7.6251,6.7919
000000022705.png,0.9,jpeg_q30,1.000000,1,7.6251,10.4744
000000022705.png,1.0,none,1.000000,1,7.1583,7.1583
000000022705.png,1.0,center_crop_0.5,0.500000,0,7.1583,7.0201
000000022705.png,1.0,center_crop_0.75,0.812500,0,7.1583,7.1536
000000022705.png,1.0,random_crop_0.5,0.500000,0,7.1583,7.6813
000000022705.png,1.0,jpeg_q30,1.000000,1,7.1583,9.9161
000000025228.png,0.5,none,1.000000,1,10.1158,10.1158
000000025228.png,0.5,center_crop_0.5,0.500000,0,10.1158,7.5830
000000025228.png,0.5,center_crop_0.75,0.656250,0,10.1158,8.0249
000000025228.png,0.5,random_crop_0.5,0.500000,0,10.1158,7.1109
000000025228.png,0.5,jpeg_q30,1.000000,1,10.1158,12.8826
000000025228.png,0.6,none,1.000000,1,9.3163,9.3163
000000025228.png,0.6,center_crop_0.5,0.500000,0,9.3163,7.5830
000000025228.png,0.6,center_crop_0.75,0.812500,0,9.3163,7.5481
000000025228.png,0.6,random_crop_0.5,0.531250,0,9.3163,8.9007
000000025228.png,0.6,jpeg_q30,1.000000,1,9.3163,12.1217
000000025228.png,0.7,none,1.000000,1,8.6186,8.6186
000000025228.png,0.7,center_crop_0.5,0.500000,0,8.6186,7.5830
000000025228.png,0.7,center_crop_0.75,0.812500,0,8.6186,7.5481
000000025228.png,0.7,random_crop_0.5,0.500000,0,8.6186,7.8151
000000025228.png,0.7,jpeg_q30,1.000000,1,8.6186,11.4643
000000025228.png,0.8,none,1.000000,1,8.0575,8.0575
000000025228.png,0.8,center_crop_0.5,0.500000,0,8.0575,7.5830
000000025228.png,0.8,center_crop_0.75,0.812500,0,8.0575,7.5481
000000025228.png,0.8,random_crop_0.5,0.531250,0,8.0575,6.5517
000000025228.png,0.8,jpeg_q30,1.000000,1,8.0575,10.8971
000000025228.png,0.9,none,1.000000,1,7.5159,7.5159
000000025228.png,0.9,center_crop_0.5,0.500000,0,7.5159,7.5830
000000025228.png,0.9,center_crop_0.75,0.812500,0,7.5159,7.5481
000000025228.png,0.9,random_crop_0.5,0.375000,0,7.5159,7.7625
000000025228.png,0.9,jpeg_q30,1.000000,1,7.5159,10.3387
000000025228.png,1.0,none,1.000000,1,7.0161,7.0161
000000025228.png,1.0,center_crop_0.5,0.500000,0,7.0161,7.5830
000000025228.png,1.0,center_crop_0.75,0.812500,0,7.0161,7.5481
000000025228.png,1.0,random_crop_0.5,0.500000,0,7.0161,6.8431
000000025228.png,1.0,jpeg_q30,1.000000,1,7.0161,9.8097
000000027620.png,0.5,none,1.000000,1,9.9764,9.9764
000000027620.png,0.5,center_crop_0.5,0.500000,0,9.9764,6.7739
000000027620.png,0.5,center_crop_0.75,0.656250,0,9.9764,7.1624
000000027620.png,0.5,random_crop_0.5,0.500000,0,9.9764,6.5731
000000027620.png,0.5,jpeg_q30,1.000000,1,9.9764,12.9910
000000027620.png,0.6,none,1.000000,1,9.2052,9.2052
000000027620.png,0.6,center_crop_0.5,0.500000,0,9.2052,6.7739
000000027620.png,0.6,center_crop_0.75,0.687500,0,9.2052,6.8127
000000027620.png,0.6,random_crop_0.5,0.562500,0,9.2052,7.4388
000000027620.png,0.6,jpeg_q30,1.000000,1,9.2052,12.2481
000000027620.png,0.7,none,1.000000,1,8.5454,8.5454
000000027620.png,0.7,center_crop_0.5,0.500000,0,8.5454,6.7739
000000027620.png,0.7,center_crop_0.75,0.687500,0,8.5454,6.8127
000000027620.png,0.7,random_crop_0.5,0.531250,0,8.5454,6.4601
000000027620.png,0.7,jpeg_q30,1.000000,1,8.5454,11.5860
000000027620.png,0.8,none,1.000000,1,8.0184,8.0184
000000027620.png,0.8,center_crop_0.5,0.500000,0,8.0184,6.7739
000000027620.png,0.8,center_crop_0.75,0.687500,0,8.0184,6.8127
000000027620.png,0.8,random_crop_0.5,0.500000,0,8.0184,6.8514
000000027620.png,0.8,jpeg_q30,1.000000,1,8.0184,11.0106
000000027620.png,0.9,none,1.000000,1,7.5375,7.5375
000000027620.png,0.9,center_crop_0.5,0.500000,0,7.5375,6.7739
000000027620.png,0.9,center_crop_0.75,0.687500,0,7.5375,6.8127
000000027620.png,0.9,random_crop_0.5,0.500000,0,7.5375,6.4857
000000027620.png,0.9,jpeg_q30,1.000000,1,7.5375,10.4776
000000027620.png,1.0,none,1.000000,1,7.0756,7.0756
000000027620.png,1.0,center_crop_0.5,0.500000,0,7.0756,6.7739
000000027620.png,1.0,center_crop_0.75,0.687500,0,7.0756,6.8127
000000027620.png,1.0,random_crop_0.5,0.437500,0,7.0756,6.3369
000000027620.png,1.0,jpeg_q30,1.000000,1,7.0756,9.9234
000000039405.png,0.5,none,1.000000,1,10.7925,10.7925
000000039405.png,0.5,center_crop_0.5,0.500000,0,10.7925,7.7974
000000039405.png,0.5,center_crop_0.75,0.687500,0,10.7925,8.3991
000000039405.png,0.5,random_crop_0.5,0.500000,0,10.7925,10.4576
000000039405.png,0.5,jpeg_q30,1.000000,1,10.7925,13.1201
000000039405.png,0.6,none,1.000000,1,9.9884,9.9884
000000039405.png,0.6,center_crop_0.5,0.500000,0,9.9884,7.7974
000000039405.png,0.6,center_crop_0.75,0.843750,0,9.9884,7.8915
000000039405.png,0.6,random_crop_0.5,0.562500,0,9.9884,8.6194
000000039405.png,0.6,jpeg_q30,1.000000,1,9.9884,12.3417
000000039405.png,0.7,none,1.000000,1,9.3052,9.3052
000000039405.png,0.7,center_crop_0.5,0.500000,0,9.3052,7.7974
000000039405.png,0.7,center_crop_0.75,0.843750,0,9.3052,7.8915
000000039405.png,0.7,random_crop_0.5,0.625000,0,9.3052,8.2262
000000039405.png,0.7,jpeg_q30,1.000000,1,9.3052,11.6811
000000039405.png,0.8,none,1.000000,1,8.7794,8.7794
000000039405.png,0.8,center_crop_0.5,0.500000,0,8.7794,7.7974
000000039405.png,0.8,center_crop_0.75,0.843750,0,8.7794,7.8915
000000039405.png,0.8,random_crop_0.5,0.531250,0,8.7794,7.8291
000000039405.png,0.8,jpeg_q30,1.000000,1,8.7794,11.1067
000000039405.png,0.9,none,1.000000,1,8.2386,8.2386
000000039405.png,0.9,center_crop_0.5,0.500000,0,8.2386,7.7974
000000039405.png,0.9,center_crop_0.75,0.843750,0,8.2386,7.8915
000000039405.png,0.9,random_crop_0.5,0.531250,0,8.2386,7.7484
000000039405.png,0.9,jpeg_q30,1.000000,1,8.2386,10.5272
000000039405.png,1.0,none,1.000000,1,7.7730,7.7730
000000039405.png,1.0,center_crop_0.5,0.500000,0,7.7730,7.7974
000000039405.png,1.0,center_crop_0.75,0.843750,0,7.7730,7.8915
000000039405.png,1.0,random_crop_0.5,0.593750,0,7.7730,7.8131
000000039405.png,1.0,jpeg_q30,1.000000,1,7.7730,9.9959
000000075612.png,0.5,none,1.000000,1,10.1194,10.1194
000000075612.png,0.5,center_crop_0.5,0.500000,0,10.1194,6.9649
000000075612.png,0.5,center_crop_0.75,0.687500,0,10.1194,7.6104
000000075612.png,0.5,random_crop_0.5,0.531250,0,10.1194,6.9951
000000075612.png,0.5,jpeg_q30,1.000000,1,10.1194,12.9411
000000075612.png,0.6,none,1.000000,1,9.3065,9.3065
000000075612.png,0.6,center_crop_0.5,0.500000,0,9.3065,6.9649
000000075612.png,0.6,center_crop_0.75,0.687500,0,9.3065,7.2023
000000075612.png,0.6,random_crop_0.5,0.468750,0,9.3065,7.0215
000000075612.png,0.6,jpeg_q30,1.000000,1,9.3065,12.1970
000000075612.png,0.7,none,1.000000,1,8.5902,8.5902
000000075612.png,0.7,center_crop_0.5,0.500000,0,8.5902,6.9649
000000075612.png,0.7,center_crop_0.75,0.687500,0,8.5902,7.2023
000000075612.png,0.7,random_crop_0.5,0.531250,0,8.5902,6.8588
000000075612.png,0.7,jpeg_q30,1.000000,1,8.5902,11.5108
000000075612.png,0.8,none,1.000000,1,8.0260,8.0260
000000075612.png,0.8,center_crop_0.5,0.500000,0,8.0260,6.9649
000000075612.png,0.8,center_crop_0.75,0.687500,0,8.0260,7.2023
000000075612.png,0.8,random_crop_0.5,0.500000,0,8.0260,6.7655
000000075612.png,0.8,jpeg_q30,1.000000,1,8.0260,10.9437
000000075612.png,0.9,none,1.000000,1,7.4979,7.4979
000000075612.png,0.9,center_crop_0.5,0.500000,0,7.4979,6.9649
000000075612.png,0.9,center_crop_0.75,0.687500,0,7.4979,7.2023
000000075612.png,0.9,random_crop_0.5,0.437500,0,7.4979,7.0584
000000075612.png,0.9,jpeg_q30,1.000000,1,7.4979,10.3941
000000075612.png,1.0,none,1.000000,1,7.0303,7.0303
000000075612.png,1.0,center_crop_0.5,0.500000,0,7.0303,6.9649
000000075612.png,1.0,center_crop_0.75,0.687500,0,7.0303,7.2023
000000075612.png,1.0,random_crop_0.5,0.500000,0,7.0303,7.2560
000000075612.png,1.0,jpeg_q30,1.000000,1,7.0303,9.8531
000000083531.png,0.5,none,1.000000,1,9.8895,9.8895
000000083531.png,0.5,center_crop_0.5,0.500000,0,9.8895,6.6866
000000083531.png,0.5,center_crop_0.75,0.656250,0,9.8895,7.1747
000000083531.png,0.5,random_crop_0.5,0.468750,0,9.8895,7.2200
000000083531.png,0.5,jpeg_q30,1.000000,1,9.8895,12.8322
000000083531.png,0.6,none,1.000000,1,9.1497,9.1497
000000083531.png,0.6,center_crop_0.5,0.500000,0,9.1497,6.6866
000000083531.png,0.6,center_crop_0.75,0.750000,0,9.1497,6.8371
000000083531.png,0.6,random_crop_0.5,0.406250,0,9.1497,6.9726
000000083531.png,0.6,jpeg_q30,1.000000,1,9.1497,12.1051
000000083531.png,0.7,none,1.000000,1,8.5061,8.5061
000000083531.png,0.7,center_crop_0.5,0.500000,0,8.5061,6.6866
000000083531.png,0.7,center_crop_0.75,0.750000,0,8.5061,6.8371
000000083531.png,0.7,random_crop_0.5,0.437500,0,8.5061,7.1687
000000083531.png,0.7,jpeg_q30,1.000000,1,8.5061,11.4437
000000083531.png,0.8,none,1.000000,1,7.9774,7.9774
000000083531.png,0.8,center_crop_0.5,0.500000,0,7.9774,6.6866
000000083531.png,0.8,center_crop_0.75,0.750000,0,7.9774,6.8371
000000083531.png,0.8,random_crop_0.5,0.531250,0,7.9774,7.1291
000000083531.png,0.8,jpeg_q30,1.000000,1,7.9774,10.8963
000000083531.png,0.9,none,1.000000,1,7.4725,7.4725
000000083531.png,0.9,center_crop_0.5,0.500000,0,7.4725,6.6866
000000083531.png,0.9,center_crop_0.75,0.750000,0,7.4725,6.8371
000000083531.png,0.9,random_crop_0.5,0.500000,0,7.4725,6.1536
000000083531.png,0.9,jpeg_q30,1.000000,1,7.4725,10.3557
000000083531.png,1.0,none,1.000000,1,7.0123,7.0123
000000083531.png,1.0,center_crop_0.5,0.500000,0,7.0123,6.6866
000000083531.png,1.0,center_crop_0.75,0.750000,0,7.0123,6.8371
000000083531.png,1.0,random_crop_0.5,0.500000,0,7.0123,7.0043
000000083531.png,1.0,jpeg_q30,1.000000,1,7.0123,9.8392
000000088848.png,0.5,none,1.000000,1,10.0586,10.0586
000000088848.png,0.5,center_crop_0.5,0.500000,0,10.0586,6.1698
000000088848.png,0.5,center_crop_0.75,0.593750,0,10.0586,6.4221
000000088848.png,0.5,random_crop_0.5,0.500000,0,10.0586,7.0809
000000088848.png,0.5,jpeg_q30,1.000000,1,10.0586,12.9259
000000088848.png,0.6,none,1.000000,1,9.2772,9.2772
000000088848.png,0.6,center_crop_0.5,0.500000,0,9.2772,6.1698
000000088848.png,0.6,center_crop_0.75,0.656250,0,9.2772,6.2858
000000088848.png,0.6,random_crop_0.5,0.500000,0,9.2772,6.6973
000000088848.png,0.6,jpeg_q30,1.000000,1,9.2772,12.1878
000000088848.png,0.7,none,1.000000,1,8.6185,8.6185
000000088848.png,0.7,center_crop_0.5,0.500000,0,8.6185,6.1698
000000088848.png,0.7,center_crop_0.75,0.656250,0,8.6185,6.2858
000000088848.png,0.7,random_crop_0.5,0.531250,0,8.6185,6.1039
000000088848.png,0.7,jpeg_q30,1.000000,1,8.6185,11.5053
000000088848.png,0.8,none,1.000000,1,8.0663,8.0663
000000088848.png,0.8,center_crop_0.5,0.500000,0,8.0663,6.1698
000000088848.png,0.8,center_crop_0.75,0.656250,0,8.0663,6.2858
000000088848.png,0.8,random_crop_0.5,0.437500,0,8.0663,6.0553
000000088848.png,0.8,jpeg_q30,1.000000,1,8.0663,10.9475
000000088848.png,0.9,none,1.000000,1,7.6017,7.6017
000000088848.png,0.9,center_crop_0.5,0.500000,0,7.6017,6.1698
000000088848.png,0.9,center_crop_0.75,0.656250,0,7.6017,6.2858
000000088848.png,0.9,random_crop_0.5,0.500000,0,7.6017,6.1582
000000088848.png,0.9,jpeg_q30,1.000000,1,7.6017,10.4165
000000088848.png,1.0,none,1.000000,1,7.1902,7.1902
000000088848.png,1.0,center_crop_0.5,0.500000,0,7.1902,6.1698
000000088848.png,1.0,center_crop_0.75,0.656250,0,7.1902,6.2858
000000088848.png,1.0,random_crop_0.5,0.500000,0,7.1902,6.0766
000000088848.png,1.0,jpeg_q30,1.000000,1,7.1902,9.8134
000000089648.png,0.5,none,1.000000,1,10.1777,10.1777
000000089648.png,0.5,center_crop_0.5,0.500000,0,10.1777,6.9120
000000089648.png,0.5,center_crop_0.75,0.687500,0,10.1777,7.0956
000000089648.png,0.5,random_crop_0.5,0.437500,0,10.1777,7.8251
000000089648.png,0.5,jpeg_q30,1.000000,1,10.1777,12.9955
000000089648.png,0.6,none,1.000000,1,9.3776,9.3776
000000089648.png,0.6,center_crop_0.5,0.500000,0,9.3776,6.9120
000000089648.png,0.6,center_crop_0.75,0.750000,0,9.3776,6.8301
000000089648.png,0.6,random_crop_0.5,0.375000,0,9.3776,7.4485
000000089648.png,0.6,jpeg_q30,1.000000,1,9.3776,12.2411
000000089648.png,0.7,none,1.000000,1,8.6831,8.6831
000000089648.png,0.7,center_crop_0.5,0.500000,0,8.6831,6.9120
000000089648.png,0.7,center_crop_0.75,0.750000,0,8.6831,6.8301
000000089648.png,0.7,random_crop_0.5,0.468750,0,8.6831,7.1665
000000089648.png,0.7,jpeg_q30,1.000000,1,8.6831,11.5375
000000089648.png,0.8,none,1.000000,1,8.1332,8.1332
000000089648.png,0.8,center_crop_0.5,0.500000,0,8.1332,6.9120
000000089648.png,0.8,center_crop_0.75,0.750000,0,8.1332,6.8301
000000089648.png,0.8,random_crop_0.5,0.656250,0,8.1332,6.9632
000000089648.png,0.8,jpeg_q30,1.000000,1,8.1332,10.9513
000000089648.png,0.9,none,1.000000,1,7.6060,7.6060
000000089648.png,0.9,center_crop_0.5,0.500000,0,7.6060,6.9120
000000089648.png,0.9,center_crop_0.75,0.750000,0,7.6060,6.8301
000000089648.png,0.9,random_crop_0.5,0.593750,0,7.6060,7.2756
000000089648.png,0.9,jpeg_q30,1.000000,1,7.6060,10.4052
000000089648.png,1.0,none,1.000000,1,7.1159,7.1159
000000089648.png,1.0,center_crop_0.5,0.500000,0,7.1159,6.9120
000000089648.png,1.0,center_crop_0.75,0.750000,0,7.1159,6.8301
000000089648.png,1.0,random_crop_0.5,0.625000,0,7.1159,7.0183
000000089648.png,1.0,jpeg_q30,1.000000,1,7.1159,9.8776
000000092177.png,0.5,none,1.000000,1,10.3722,10.3722
000000092177.png,0.5,center_crop_0.5,0.500000,0,10.3722,5.8116
000000092177.png,0.5,center_crop_0.75,0.687500,0,10.3722,6.8926
000000092177.png,0.5,random_crop_0.5,0.562500,0,10.3722,6.5075
000000092177.png,0.5,jpeg_q30,1.000000,1,10.3722,13.0119
000000092177.png,0.6,none,1.000000,1,9.6265,9.6265
000000092177.png,0.6,center_crop_0.5,0.500000,0,9.6265,5.8116
000000092177.png,0.6,center_crop_0.75,0.750000,0,9.6265,6.6248
000000092177.png,0.6,random_crop_0.5,0.500000,0,9.6265,6.8547
000000092177.png,0.6,jpeg_q30,1.000000,1,9.6265,12.2229
000000092177.png,0.7,none,1.000000,1,8.9798,8.9798
000000092177.png,0.7,center_crop_0.5,0.500000,0,8.9798,5.8116
000000092177.png,0.7,center_crop_0.75,0.750000,0,8.9798,6.6248
000000092177.png,0.7,random_crop_0.5,0.500000,0,8.9798,6.4727
000000092177.png,0.7,jpeg_q30,1.000000,1,8.9798,11.5176
000000092177.png,0.8,none,1.000000,1,8.4865,8.4865
000000092177.png,0.8,center_crop_0.5,0.500000,0,8.4865,5.8116
000000092177.png,0.8,center_crop_0.75,0.750000,0,8.4865,6.6248
000000092177.png,0.8,random_crop_0.5,0.562500,0,8.4865,6.3621
000000092177.png,0.8,jpeg_q30,1.000000,1,8.4865,10.9809
000000092177.png,0.9,none,1.000000,1,7.9752,7.9752
000000092177.png,0.9,center_crop_0.5,0.500000,0,7.9752,5.8116
000000092177.png,0.9,center_crop_0.75,0.750000,0,7.9752,6.6248
000000092177.png,0.9,random_crop_0.5,0.468750,0,7.9752,6.3047
000000092177.png,0.9,jpeg_q30,1.000000,1,7.9752,10.4098
000000092177.png,1.0,none,1.000000,1,7.5309,7.5309
000000092177.png,1.0,center_crop_0.5,0.500000,0,7.5309,5.8116
000000092177.png,1.0,center_crop_0.75,0.750000,0,7.5309,6.6248
000000092177.png,1.0,random_crop_0.5,0.375000,0,7.5309,5.9633
000000092177.png,1.0,jpeg_q30,1.000000,1,7.5309,9.8927
000000098392.png,0.5,none,1.000000,1,10.3902,10.3902
000000098392.png,0.5,center_crop_0.5,0.500000,0,10.3902,7.0581
000000098392.png,0.5,center_crop_0.75,0.656250,0,10.3902,7.7206
000000098392.png,0.5,random_crop_0.5,0.500000,0,10.3902,6.7830
000000098392.png,0.5,jpeg_q30,1.000000,1,10.3902,12.9821
000000098392.png,0.6,none,1.000000,1,9.6083,9.6083
000000098392.png,0.6,center_crop_0.5,0.500000,0,9.6083,7.0581
000000098392.png,0.6,center_crop_0.75,0.812500,0,9.6083,7.3469
000000098392.png,0.6,random_crop_0.5,0.406250,0,9.6083,6.3260
000000098392.png,0.6,jpeg_q30,1.000000,1,9.6083,12.2040
000000098392.png,0.7,none,1.000000,1,8.9408,8.9408
000000098392.png,0.7,center_crop_0.5,0.500000,0,8.9408,7.0581
000000098392.png,0.7,center_crop_0.75,0.812500,0,8.9408,7.3469
000000098392.png,0.7,random_crop_0.5,0.500000,0,8.9408,6.8567
000000098392.png,0.7,jpeg_q30,1.000000,1,8.9408,11.5332
000000098392.png,0.8,none,1.000000,1,8.3890,8.3890
000000098392.png,0.8,center_crop_0.5,0.500000,0,8.3890,7.0581
000000098392.png,0.8,center_crop_0.75,0.812500,0,8.3890,7.3469
000000098392.png,0.8,random_crop_0.5,0.406250,0,8.3890,6.8458
000000098392.png,0.8,jpeg_q30,1.000000,1,8.3890,10.9475
000000098392.png,0.9,none,1.000000,1,7.8747,7.8747
000000098392.png,0.9,center_crop_0.5,0.500000,0,7.8747,7.0581
000000098392.png,0.9,center_crop_0.75,0.812500,0,7.8747,7.3469
000000098392.png,0.9,random_crop_0.5,0.562500,0,7.8747,6.6903
000000098392.png,0.9,jpeg_q30,1.000000,1,7.8747,10.4400
000000098392.png,1.0,none,1.000000,1,7.3756,7.3756
000000098392.png,1.0,center_crop_0.5,0.500000,0,7.3756,7.0581
000000098392.png,1.0,center_crop_0.75,0.812500,0,7.3756,7.3469
000000098392.png,1.0,random_crop_0.5,0.406250,0,7.3756,6.1530
000000098392.png,1.0,jpeg_q30,1.000000,1,7.3756,9.8790
000000098520.png,0.5,none,1.000000,1,9.9271,9.9271
000000098520.png,0.5,center_crop_0.5,0.500000,0,9.9271,7.1820
000000098520.png,0.5,center_crop_0.75,0.687500,0,9.9271,7.7227
000000098520.png,0.5,random_crop_0.5,0.562500,0,9.9271,7.8241
000000098520.png,0.5,jpeg_q30,1.000000,1,9.9271,12.9336
000000098520.png,0.6,none,1.000000,1,9.1587,9.1587
000000098520.png,0.6,center_crop_0.5,0.500000,0,9.1587,7.1820
000000098520.png,0.6,center_crop_0.75,0.750000,0,9.1587,7.2578
000000098520.png,0.6,random_crop_0.5,0.500000,0,9.1587,6.4313
000000098520.png,0.6,jpeg_q30,1.000000,1,9.1587,12.1682
000000098520.png,0.7,none,1.000000,1,8.5066,8.5066
000000098520.png,0.7,center_crop_0.5,0.500000,0,8.5066,7.1820
000000098520.png,0.7,center_crop_0.75,0.750000,0,8.5066,7.2578
000000098520.png,0.7,random_crop_0.5,0.593750,0,8.5066,7.4353
000000098520.png,0.7,jpeg_q30,1.000000,1,8.5066,11.5133
000000098520.png,0.8,none,1.000000,1,7.9614,7.9614
000000098520.png,0.8,center_crop_0.5,0.500000,0,7.9614,7.1820
000000098520.png,0.8,center_crop_0.75,0.750000,0,7.9614,7.2578
000000098520.png,0.8,random_crop_0.5,0.687500,0,7.9614,8.4839
000000098520.png,0.8,jpeg_q30,1.000000,1,7.9614,10.9351
000000098520.png,0.9,none,1.000000,1,7.4571,7.4571
000000098520.png,0.9,center_crop_0.5,0.500000,0,7.4571,7.1820
000000098520.png,0.9,center_crop_0.75,0.750000,0,7.4571,7.2578
000000098520.png,0.9,random_crop_0.5,0.500000,0,7.4571,8.2939
000000098520.png,0.9,jpeg_q30,1.000000,1,7.4571,10.4156
000000098520.png,1.0,none,1.000000,1,6.9656,6.9656
000000098520.png,1.0,center_crop_0.5,0.500000,0,6.9656,7.1820
000000098520.png,1.0,center_crop_0.75,0.750000,0,6.9656,7.2578
000000098520.png,1.0,random_crop_0.5,0.562500,0,6.9656,6.1728
000000098520.png,1.0,jpeg_q30,1.000000,1,6.9656,9.8492
000000107554.png,0.5,none,1.000000,1,10.2487,10.2487
000000107554.png,0.5,center_crop_0.5,0.500000,0,10.2487,7.1830
000000107554.png,0.5,center_crop_0.75,0.562500,0,10.2487,7.6767
000000107554.png,0.5,random_crop_0.5,0.500000,0,10.2487,7.8401
000000107554.png,0.5,jpeg_q30,1.000000,1,10.2487,12.8660
000000107554.png,0.6,none,1.000000,1,9.4614,9.4614
000000107554.png,0.6,center_crop_0.5,0.500000,0,9.4614,7.1830
000000107554.png,0.6,center_crop_0.75,0.625000,0,9.4614,7.3619
000000107554.png,0.6,random_crop_0.5,0.531250,0,9.4614,6.7305
000000107554.png,0.6,jpeg_q30,1.000000,1,9.4614,12.1641
000000107554.png,0.7,none,1.000000,1,8.7576,8.7576
000000107554.png,0.7,center_crop_0.5,0.500000,0,8.7576,7.1830
000000107554.png,0.7,center_crop_0.75,0.625000,0,8.7576,7.3619
000000107554.png,0.7,random_crop_0.5,0.531250,0,8.7576,7.3367
000000107554.png,0.7,jpeg_q30,1.000000,1,8.7576,11.5144
000000107554.png,0.8,none,1.000000,1,8.2063,8.2063
000000107554.png,0.8,center_crop_0.5,0.500000,0,8.2063,7.1830
000000107554.png,0.8,center_crop_0.75,0.625000,0,8.2063,7.3619
000000107554.png,0.8,random_crop_0.5,0.562500,0,8.2063,6.9427
000000107554.png,0.8,jpeg_q30,1.000000,1,8.2063,10.9628
000000107554.png,0.9,none,1.000000,1,7.6529,7.6529
000000107554.png,0.9,center_crop_0.5,0.500000,0,7.6529,7.1830
000000107554.png,0.9,center_crop_0.75,0.625000,0,7.6529,7.3619
000000107554.png,0.9,random_crop_0.5,0.531250,0,7.6529,6.7069
000000107554.png,0.9,jpeg_q30,1.000000,1,7.6529,10.4059
000000107554.png,1.0,none,1.000000,1,7.1609,7.1609
000000107554.png,1.0,center_crop_0.5,0.500000,0,7.1609,7.1830
000000107554.png,1.0,center_crop_0.75,0.625000,0,7.1609,7.3619
000000107554.png,1.0,random_crop_0.5,0.500000,0,7.1609,6.9908
000000107554.png,1.0,jpeg_q30,1.000000,1,7.1609,9.8794
000000121673.png,0.5,none,1.000000,1,9.9971,9.9971
000000121673.png,0.5,center_crop_0.5,0.500000,0,9.9971,6.9265
000000121673.png,0.5,center_crop_0.75,0.562500,0,9.9971,7.5922
000000121673.png,0.5,random_crop_0.5,0.531250,0,9.9971,6.9806
000000121673.png,0.5,jpeg_q30,1.000000,1,9.9971,12.8875
000000121673.png,0.6,none,1.000000,1,9.1910,9.1910
000000121673.png,0.6,center_crop_0.5,0.500000,0,9.1910,6.9265
000000121673.png,0.6,center_crop_0.75,0.656250,0,9.1910,7.1259
000000121673.png,0.6,random_crop_0.5,0.500000,0,9.1910,7.1643
000000121673.png,0.6,jpeg_q30,1.000000,1,9.1910,12.1310
000000121673.png,0.7,none,1.000000,1,8.5055,8.5055
000000121673.png,0.7,center_crop_0.5,0.500000,0,8.5055,6.9265
000000121673.png,0.7,center_crop_0.75,0.656250,0,8.5055,7.1259
000000121673.png,0.7,random_crop_0.5,0.500000,0,8.5055,6.9127
000000121673.png,0.7,jpeg_q30,1.000000,1,8.5055,11.4640
000000121673.png,0.8,none,1.000000,1,7.9369,7.9369
000000121673.png,0.8,center_crop_0.5,0.500000,0,7.9369,6.9265
000000121673.png,0.8,center_crop_0.75,0.656250,0,7.9369,7.1259
000000121673.png,0.8,random_crop_0.5,0.312500,0,7.9369,7.2396
000000121673.png,0.8,jpeg_q30,1.000000,1,7.9369,10.8432
000000121673.png,0.9,none,1.000000,1,7.4429,7.4429
000000121673.png,0.9,center_crop_0.5,0.500000,0,7.4429,6.9265
000000121673.png,0.9,center_crop_0.75,0.656250,0,7.4429,7.1259
000000121673.png,0.9,random_crop_0.5,0.468750,0,7.4429,6.9152
000000121673.png,0.9,jpeg_q30,1.000000,1,7.4429,10.3545
000000121673.png,1.0,none,1.000000,1,6.9502,6.9502
000000121673.png,1.0,center_crop_0.5,0.500000,0,6.9502,6.9265
000000121673.png,1.0,center_crop_0.75,0.656250,0,6.9502,7.1259
000000121673.png,1.0,random_crop_0.5,0.625000,0,6.9502,6.7969
000000121673.png,1.0,jpeg_q30,1.000000,1,6.9502,9.7848
000000134322.png,0.5,none,1.000000,1,10.6092,10.6092
000000134322.png,0.5,center_crop_0.5,0.500000,0,10.6092,7.4919
000000134322.png,0.5,center_crop_0.75,0.687500,0,10.6092,8.0716
000000134322.png,0.5,random_crop_0.5,0.593750,0,10.6092,8.3290
000000134322.png,0.5,jpeg_q30,1.000000,1,10.6092,12.9577
000000134322.png,0.6,none,1.000000,1,9.8546,9.8546
000000134322.png,0.6,center_crop_0.5,0.500000,0,9.8546,7.4919
000000134322.png,0.6,center_crop_0.75,0.718750,0,9.8546,7.7480
000000134322.png,0.6,random_crop_0.5,0.500000,0,9.8546,7.4788
000000134322.png,0.6,jpeg_q30,1.000000,1,9.8546,12.2050
000000134322.png,0.7,none,1.000000,1,9.1979,9.1979
000000134322.png,0.7,center_crop_0.5,0.500000,0,9.1979,7.4919
000000134322.png,0.7,center_crop_0.75,0.718750,0,9.1979,7.7480
000000134322.png,0.7,random_crop_0.5,0.500000,0,9.1979,7.8085
000000134322.png,0.7,jpeg_q30,1.000000,1,9.1979,11.5684
000000134322.png,0.8,none,1.000000,1,8.6182,8.6182
000000134322.png,0.8,center_crop_0.5,0.500000,0,8.6182,7.4919
000000134322.png,0.8,center_crop_0.75,0.718750,0,8.6182,7.7480
000000134322.png,0.8,random_crop_0.5,0.437500,0,8.6182,7.5009
000000134322.png,0.8,jpeg_q30,1.000000,1,8.6182,10.9828
000000134322.png,0.9,none,1.000000,1,8.1100,8.1100
000000134322.png,0.9,center_crop_0.5,0.500000,0,8.1100,7.4919
000000134322.png,0.9,center_crop_0.75,0.718750,0,8.1100,7.7480
000000134322.png,0.9,random_crop_0.5,0.531250,0,8.1100,6.6589
000000134322.png,0.9,jpeg_q30,1.000000,1,8.1100,10.4965
000000134322.png,1.0,none,1.000000,1,7.5869,7.5869
000000134322.png,1.0,center_crop_0.5,0.500000,0,7.5869,7.4919
000000134322.png,1.0,center_crop_0.75,0.718750,0,7.5869,7.7480
000000134322.png,1.0,random_crop_0.5,0.500000,0,7.5869,7.4769
000000134322.png,1.0,jpeg_q30,1.000000,1,7.5869,9.9226
000000150649.png,0.5,none,1.000000,1,9.8152,9.8152
000000150649.png,0.5,center_crop_0.5,0.500000,0,9.8152,6.7299
000000150649.png,0.5,center_crop_0.75,0.593750,0,9.8152,7.3906
000000150649.png,0.5,random_crop_0.5,0.531250,0,9.8152,6.9675
000000150649.png,0.5,jpeg_q30,1.000000,1,9.8152,12.8595
000000150649.png,0.6,none,1.000000,1,9.0512,9.0512
000000150649.png,0.6,center_crop_0.5,0.500000,0,9.0512,6.7299
000000150649.png,0.6,center_crop_0.75,0.718750,0,9.0512,7.0355
000000150649.png,0.6,random_crop_0.5,0.468750,0,9.0512,6.8175
000000150649.png,0.6,jpeg_q30,1.000000,1,9.0512,12.1176
000000150649.png,0.7,none,1.000000,1,8.3621,8.3621
000000150649.png,0.7,center_crop_0.5,0.500000,0,8.3621,6.7299
000000150649.png,0.7,center_crop_0.75,0.718750,0,8.3621,7.0355
000000150649.png,0.7,random_crop_0.5,0.500000,0,8.3621,6.8964
000000150649.png,0.7,jpeg_q30,1.000000,1,8.3621,11.4472
000000150649.png,0.8,none,1.000000,1,7.8054,7.8054
000000150649.png,0.8,center_crop_0.5,0.500000,0,7.8054,6.7299
000000150649.png,0.8,center_crop_0.75,0.718750,0,7.8054,7.0355
000000150649.png,0.8,random_crop_0.5,0.468750,0,7.8054,7.3810
000000150649.png,0.8,jpeg_q30,1.000000,1,7.8054,10.8704
000000150649.png,0.9,none,1.000000,1,7.2833,7.2833
000000150649.png,0.9,center_crop_0.5,0.500000,0,7.2833,6.7299
000000150649.png,0.9,center_crop_0.75,0.718750,0,7.2833,7.0355
000000150649.png,0.9,random_crop_0.5,0.468750,0,7.2833,6.8449
000000150649.png,0.9,jpeg_q30,1.000000,1,7.2833,10.3447
000000150649.png,1.0,none,1.000000,1,6.7873,6.7873
000000150649.png,1.0,center_crop_0.5,0.500000,0,6.7873,6.7299
000000150649.png,1.0,center_crop_0.75,0.718750,0,6.7873,7.0355
000000150649.png,1.0,random_crop_0.5,0.500000,0,6.7873,6.6685
000000150649.png,1.0,jpeg_q30,1.000000,1,6.7873,9.8078
000000154000.png,0.5,none,1.000000,1,10.3718,10.3718
000000154000.png,0.5,center_crop_0.5,0.500000,0,10.3718,6.2151
000000154000.png,0.5,center_crop_0.75,0.750000,0,10.3718,7.2580
000000154000.png,0.5,random_crop_0.5,0.562500,0,10.3718,6.6245
000000154000.png,0.5,jpeg_q30,1.000000,1,10.3718,12.9829
000000154000.png,0.6,none,1.000000,1,9.6154,9.6154
000000154000.png,0.6,center_crop_0.5,0.500000,0,9.6154,6.2151
000000154000.png,0.6,center_crop_0.75,0.781250,0,9.6154,7.0351
000000154000.png,0.6,random_crop_0.5,0.593750,0,9.6154,6.8001
000000154000.png,0.6,jpeg_q30,1.000000,1,9.6154,12.2221
000000154000.png,0.7,none,1.000000,1,8.9454,8.9454
000000154000.png,0.7,center_crop_0.5,0.500000,0,8.9454,6.2151
000000154000.png,0.7,center_crop_0.75,0.781250,0,8.9454,7.0351
000000154000.png,0.7,random_crop_0.5,0.562500,0,8.9454,6.8098
000000154000.png,0.7,jpeg_q30,1.000000,1,8.9454,11.5378
000000154000.png,0.8,none,1.000000,1,8.3687,8.3687
000000154000.png,0.8,center_crop_0.5,0.500000,0,8.3687,6.2151
000000154000.png,0.8,center_crop_0.75,0.781250,0,8.3687,7.0351
000000154000.png,0.8,random_crop_0.5,0.531250,0,8.3687,6.1808
000000154000.png,0.8,jpeg_q30,1.000000,1,8.3687,10.9220
000000154000.png,0.9,none,1.000000,1,7.8533,7.8533
000000154000.png,0.9,center_crop_0.5,0.500000,0,7.8533,6.2151
000000154000.png,0.9,center_crop_0.75,0.781250,0,7.8533,7.0351
000000154000.png,0.9,random_crop_0.5,0.468750,0,7.8533,5.9996
000000154000.png,0.9,jpeg_q30,1.000000,1,7.8533,10.3989
000000154000.png,1.0,none,1.000000,1,7.3467,7.3467
000000154000.png,1.0,center_crop_0.5,0.500000,0,7.3467,6.2151
000000154000.png,1.0,center_crop_0.75,0.781250,0,7.3467,7.0351
000000154000.png,1.0,random_crop_0.5,0.500000,0,7.3467,7.1426
000000154000.png,1.0,jpeg_q30,1.000000,1,7.3467,9.8269
000000186632.png,0.5,none,1.000000,1,10.1860,10.1860
000000186632.png,0.5,center_crop_0.5,0.500000,0,10.1860,7.1500
000000186632.png,0.5,center_crop_0.75,0.625000,0,10.1860,7.6259
000000186632.png,0.5,random_crop_0.5,0.593750,0,10.1860,8.0111
000000186632.png,0.5,jpeg_q30,1.000000,1,10.1860,12.9014
000000186632.png,0.6,none,1.000000,1,9.3977,9.3977
000000186632.png,0.6,center_crop_0.5,0.500000,0,9.3977,7.1500
000000186632.png,0.6,center_crop_0.75,0.750000,0,9.3977,7.2502
000000186632.png,0.6,random_crop_0.5,0.500000,0,9.3977,6.8793
000000186632.png,0.6,jpeg_q30,1.000000,1,9.3977,12.1466
000000186632.png,0.7,none,1.000000,1,8.7073,8.7073
000000186632.png,0.7,center_crop_0.5,0.500000,0,8.7073,7.1500
000000186632.png,0.7,center_crop_0.75,0.750000,0,8.7073,7.2502
000000186632.png,0.7,random_crop_0.5,0.468750,0,8.7073,7.3186
000000186632.png,0.7,jpeg_q30,1.000000,1,8.7073,11.4500
000000186632.png,0.8,none,1.000000,1,8.1604,8.1604
000000186632.png,0.8,center_crop_0.5,0.500000,0,8.1604,7.1500
000000186632.png,0.8,center_crop_0.75,0.750000,0,8.1604,7.2502
000000186632.png,0.8,random_crop_0.5,0.562500,0,8.1604,7.0688
000000186632.png,0.8,jpeg_q30,1.000000,1,8.1604,10.9141
000000186632.png,0.9,none,1.000000,1,7.6095,7.6095
000000186632.png,0.9,center_crop_0.5,0.500000,0,7.6095,7.1500
000000186632.png,0.9,center_crop_0.75,0.750000,0,7.6095,7.2502
000000186632.png,0.9,random_crop_0.5,0.468750,0,7.6095,7.1838
000000186632.png,0.9,jpeg_q30,1.000000,1,7.6095,10.3468
000000186632.png,1.0,none,1.000000,1,7.1169,7.1169
000000186632.png,1.0,center_crop_0.5,0.500000,0,7.1169,7.1500
000000186632.png,1.0,center_crop_0.75,0.750000,0,7.1169,7.2502
000000186632.png,1.0,random_crop_0.5,0.406250,0,7.1169,7.1527
000000186632.png,1.0,jpeg_q30,1.000000,1,7.1169,9.8089
000000201775.png,0.5,none,1.000000,1,9.8451,9.8451
000000201775.png,0.5,center_crop_0.5,0.500000,0,9.8451,6.6920
000000201775.png,0.5,center_crop_0.75,0.531250,0,9.8451,7.1625
000000201775.png,0.5,random_crop_0.5,0.562500,0,9.8451,7.1056
000000201775.png,0.5,jpeg_q30,1.000000,1,9.8451,12.9708
000000201775.png,0.6,none,1.000000,1,9.0891,9.0891
000000201775.png,0.6,center_crop_0.5,0.500000,0,9.0891,6.6920
000000201775.png,0.6,center_crop_0.75,0.625000,0,9.0891,6.8285
000000201775.png,0.6,random_crop_0.5,0.500000,0,9.0891,6.9963
000000201775.png,0.6,jpeg_q30,1.000000,1,9.0891,12.2247
000000201775.png,0.7,none,1.000000,1,8.4336,8.4336
000000201775.png,0.7,center_crop_0.5,0.500000,0,8.4336,6.6920
000000201775.png,0.7,center_crop_0.75,0.625000,0,8.4336,6.8285
000000201775.png,0.7,random_crop_0.5,0.468750,0,8.4336,7.0712
000000201775.png,0.7,jpeg_q30,1.000000,1,8.4336,11.5431
000000201775.png,0.8,none,1.000000,1,7.9021,7.9021
000000201775.png,0.8,center_crop_0.5,0.500000,0,7.9021,6.6920
000000201775.png,0.8,center_crop_0.75,0.625000,0,7.9021,6.8285
000000201775.png,0.8,random_crop_0.5,0.375000,0,7.9021,6.6907
000000201775.png,0.8,jpeg_q30,1.000000,1,7.9021,10.9817
000000201775.png,0.9,none,1.000000,1,7.4011,7.4011
000000201775.png,0.9,center_crop_0.5,0.500000,0,7.4011,6.6920
000000201775.png,0.9,center_crop_0.75,0.625000,0,7.4011,6.8285
000000201775.png,0.9,random_crop_0.5,0.531250,0,7.4011,6.6533
000000201775.png,0.9,jpeg_q30,1.000000,1,7.4011,10.4343
000000201775.png,1.0,none,1.000000,1,6.9314,6.9314
000000201775.png,1.0,center_crop_0.5,0.500000,0,6.9314,6.6920
000000201775.png,1.0,center_crop_0.75,0.625000,0,6.9314,6.8285
000000201775.png,1.0,random_crop_0.5,0.531250,0,6.9314,6.6092
000000201775.png,1.0,jpeg_q30,1.000000,1,6.9314,9.8980
000000205647.png,0.5,none,1.000000,1,9.9815,9.9815
000000205647.png,0.5,center_crop_0.5,0.500000,0,9.9815,7.1636
000000205647.png,0.5,center_crop_0.75,0.562500,0,9.9815,7.5442
000000205647.png,0.5,random_crop_0.5,0.531250,0,9.9815,7.0214
000000205647.png,0.5,jpeg_q30,1.000000,1,9.9815,12.7983
000000205647.png,0.6,none,1.000000,1,9.1699,9.1699
000000205647.png,0.6,center_crop_0.5,0.500000,0,9.1699,7.1636
000000205647.png,0.6,center_crop_0.75,0.562500,0,9.1699,7.1187
000000205647.png,0.6,random_crop_0.5,0.500000,0,9.1699,7.2287
000000205647.png,0.6,jpeg_q30,1.000000,1,9.1699,12.0449
000000205647.png,0.7,none,1.000000,1,8.4700,8.4700
000000205647.png,0.7,center_crop_0.5,0.500000,0,8.4700,7.1636
000000205647.png,0.7,center_crop_0.75,0.562500,0,8.4700,7.1187
000000205647.png,0.7,random_crop_0.5,0.500000,0,8.4700,7.2288
000000205647.png,0.7,jpeg_q30,1.000000,1,8.4700,11.3792
000000205647.png,0.8,none,1.000000,1,7.8882,7.8882
000000205647.png,0.8,center_crop_0.5,0.500000,0,7.8882,7.1636
000000205647.png,0.8,center_crop_0.75,0.562500,0,7.8882,7.1187
000000205647.png,0.8,random_crop_0.5,0.531250,0,7.8882,7.0283
000000205647.png,0.8,jpeg_q30,1.000000,1,7.8882,10.7919
000000205647.png,0.9,none,1.000000,1,7.3663,7.3663
000000205647.png,0.9,center_crop_0.5,0.500000,0,7.3663,7.1636
000000205647.png,0.9,center_crop_0.75,0.562500,0,7.3663,7.1187
000000205647.png,0.9,random_crop_0.5,0.531250,0,7.3663,7.0610
000000205647.png,0.9,jpeg_q30,1.000000,1,7.3663,10.2870
000000205647.png,1.0,none,1.000000,1,6.8576,6.8576
000000205647.png,1.0,center_crop_0.5,0.500000,0,6.8576,7.1636
000000205647.png,1.0,center_crop_0.75,0.562500,0,6.8576,7.1187
000000205647.png,1.0,random_crop_0.5,0.562500,0,6.8576,6.9921
000000205647.png,1.0,jpeg_q30,1.000000,1,6.8576,9.7388
000000207306.png,0.5,none,1.000000,1,10.2220,10.2220
000000207306.png,0.5,center_crop_0.5,0.500000,0,10.2220,6.6376
000000207306.png,0.5,center_crop_0.75,0.687500,0,10.2220,7.6339
000000207306.png,0.5,random_crop_0.5,0.468750,0,10.2220,6.9440
000000207306.png,0.5,jpeg_q30,1.000000,1,10.2220,12.9861
000000207306.png,0.6,none,1.000000,1,9.4258,9.4258
000000207306.png,0.6,center_crop_0.5,0.500000,0,9.4258,6.6376
000000207306.png,0.6,center_crop_0.75,0.718750,0,9.4258,7.2234
000000207306.png,0.6,random_crop_0.5,0.500000,0,9.4258,7.6326
000000207306.png,0.6,jpeg_q30,1.000000,1,9.4258,12.2350
000000207306.png,0.7,none,1.000000,1,8.7303,8.7303
000000207306.png,0.7,center_crop_0.5,0.500000,0,8.7303,6.6376
000000207306.png,0.7,center_crop_0.75,0.718750,0,8.7303,7.2234
000000207306.png,0.7,random_crop_0.5,0.500000,0,8.7303,7.3391
000000207306.png,0.7,jpeg_q30,1.000000,1,8.7303,11.5542
000000207306.png,0.8,none,1.000000,1,8.1838,8.1838
000000207306.png,0.8,center_crop_0.5,0.500000,0,8.1838,6.6376
000000207306.png,0.8,center_crop_0.75,0.718750,0,8.1838,7.2234
000000207306.png,0.8,random_crop_0.5,0.562500,0,8.1838,6.9785
000000207306.png,0.8,jpeg_q30,1.000000,1,8.1838,11.0085
000000207306.png,0.9,none,1.000000,1,7.6442,7.6442
000000207306.png,0.9,center_crop_0.5,0.500000,0,7.6442,6.6376
000000207306.png,0.9,center_crop_0.75,0.718750,0,7.6442,7.2234
000000207306.png,0.9,random_crop_0.5,0.500000,0,7.6442,7.3798
000000207306.png,0.9,jpeg_q30,1.000000,1,7.6442,10.4488
000000207306.png,1.0,none,1.000000,1,7.1681,7.1681
000000207306.png,1.0,center_crop_0.5,0.500000,0,7.1681,6.6376
000000207306.png,1.0,center_crop_0.75,0.718750,0,7.1681,7.2234
000000207306.png,1.0,random_crop_0.5,0.500000,0,7.1681,6.0991
000000207306.png,1.0,jpeg_q30,1.000000,1,7.1681,9.9246
000000210299.png,0.5,none,1.000000,1,10.0383,10.0383
000000210299.png,0.5,center_crop_0.5,0.500000,0,10.0383,6.9072
000000210299.png,0.5,center_crop_0.75,0.625000,0,10.0383,7.5263
000000210299.png,0.5,random_crop_0.5,0.562500,0,10.0383,6.9187
000000210299.png,0.5,jpeg_q30,1.000000,1,10.0383,12.9460
000000210299.png,0.6,none,1.000000,1,9.2362,9.2362
000000210299.png,0.6,center_crop_0.5,0.500000,0,9.2362,6.9072
000000210299.png,0.6,center_crop_0.75,0.687500,0,9.2362,7.0622
000000210299.png,0.6,random_crop_0.5,0.593750,0,9.2362,7.1149
000000210299.png,0.6,jpeg_q30,1.000000,1,9.2362,12.1897
000000210299.png,0.7,none,1.000000,1,8.5562,8.5562
000000210299.png,0.7,center_crop_0.5,0.500000,0,8.5562,6.9072
000000210299.png,0.7,center_crop_0.75,0.687500,0,8.5562,7.0622
000000210299.png,0.7,random_crop_0.5,0.500000,0,8.5562,7.9278
000000210299.png,0.7,jpeg_q30,1.000000,1,8.5562,11.5256
000000210299.png,0.8,none,1.000000,1,7.9910,7.9910
000000210299.png,0.8,center_crop_0.5,0.500000,0,7.9910,6.9072
000000210299.png,0.8,center_crop_0.75,0.687500,0,7.9910,7.0622
000000210299.png,0.8,random_crop_0.5,0.500000,0,7.9910,7.1517
000000210299.png,0.8,jpeg_q30,1.000000,1,7.9910,10.9277
000000210299.png,0.9,none,1.000000,1,7.4989,7.4989
000000210299.png,0.9,center_crop_0.5,0.500000,0,7.4989,6.9072
000000210299.png,0.9,center_crop_0.75,0.687500,0,7.4989,7.0622
000000210299.png,0.9,random_crop_0.5,0.500000,0,7.4989,7.0063
000000210299.png,0.9,jpeg_q30,1.000000,1,7.4989,10.4040
000000210299.png,1.0,none,1.000000,1,7.0095,7.0095
000000210299.png,1.0,center_crop_0.5,0.500000,0,7.0095,6.9072
000000210299.png,1.0,center_crop_0.75,0.687500,0,7.0095,7.0622
000000210299.png,1.0,random_crop_0.5,0.531250,0,7.0095,6.9624
000000210299.png,1.0,jpeg_q30,1.000000,1,7.0095,9.8738
000000219440.png,0.5,none,1.000000,1,10.4365,10.4365
000000219440.png,0.5,center_crop_0.5,0.500000,0,10.4365,7.2414
000000219440.png,0.5,center_crop_0.75,0.687500,0,10.4365,7.9562
000000219440.png,0.5,random_crop_0.5,0.375000,0,10.4365,6.9533
000000219440.png,0.5,jpeg_q30,1.000000,1,10.4365,13.0567
000000219440.png,0.6,none,1.000000,1,9.6546,9.6546
000000219440.png,0.6,center_crop_0.5,0.500000,0,9.6546,7.2414
000000219440.png,0.6,center_crop_0.75,0.812500,0,9.6546,7.5651
000000219440.png,0.6,random_crop_0.5,0.437500,0,9.6546,6.9338
000000219440.png,0.6,jpeg_q30,1.000000,1,9.6546,12.2893
000000219440.png,0.7,none,1.000000,1,8.9684,8.9684
000000219440.png,0.7,center_crop_0.5,0.500000,0,8.9684,7.2414
000000219440.png,0.7,center_crop_0.75,0.812500,0,8.9684,7.5651
000000219440.png,0.7,random_crop_0.5,0.375000,0,8.9684,7.4439
000000219440.png,0.7,jpeg_q30,1.000000,1,8.9684,11.5876
000000219440.png,0.8,none,1.000000,1,8.4191,8.4191
000000219440.png,0.8,center_crop_0.5,0.500000,0,8.4191,7.2414
000000219440.png,0.8,center_crop_0.75,0.812500,0,8.4191,7.5651
000000219440.png,0.8,random_crop_0.5,0.562500,0,8.4191,7.5295
000000219440.png,0.8,jpeg_q30,1.000000,1,8.4191,11.0283
000000219440.png,0.9,none,1.000000,1,7.8924,7.8924
000000219440.png,0.9,center_crop_0.5,0.500000,0,7.8924,7.2414
000000219440.png,0.9,center_crop_0.75,0.812500,0,7.8924,7.5651
000000219440.png,0.9,random_crop_0.5,0.531250,0,7.8924,6.8103
000000219440.png,0.9,jpeg_q30,1.000000,1,7.8924,10.4895
000000219440.png,1.0,none,1.000000,1,7.4125,7.4125
000000219440.png,1.0,center_crop_0.5,0.500000,0,7.4125,7.2414
000000219440.png,1.0,center_crop_0.75,0.812500,0,7.4125,7.5651
000000219440.png,1.0,random_crop_0.5,0.468750,0,7.4125,7.3028
000000219440.png,1.0,jpeg_q30,1.000000,1,7.4125,9.9625
000000230166.png,0.5,none,1.000000,1,10.0146,10.0146
000000230166.png,0.5,center_crop_0.5,0.500000,0,10.0146,7.1124
000000230166.png,0.5,center_crop_0.75,0.625000,0,10.0146,7.6534
000000230166.png,0.5,random_crop_0.5,0.406250,0,10.0146,7.2840
000000230166.png,0.5,jpeg_q30,1.000000,1,10.0146,12.9894
000000230166.png,0.6,none,1.000000,1,9.2271,9.2271
000000230166.png,0.6,center_crop_0.5,0.500000,0,9.2271,7.1124
000000230166.png,0.6,center_crop_0.75,0.687500,0,9.2271,7.2390
000000230166.png,0.6,random_crop_0.5,0.531250,0,9.2271,7.1440
000000230166.png,0.6,jpeg_q30,1.000000,1,9.2271,12.2420
000000230166.png,0.7,none,1.000000,1,8.5455,8.5455
000000230166.png,0.7,center_crop_0.5,0.500000,0,8.5455,7.1124
000000230166.png,0.7,center_crop_0.75,0.687500,0,8.5455,7.2390
000000230166.png,0.7,random_crop_0.5,0.500000,0,8.5455,6.7171
000000230166.png,0.7,jpeg_q30,1.000000,1,8.5455,11.5793
000000230166.png,0.8,none,1.000000,1,8.0132,8.0132
000000230166.png,0.8,center_crop_0.5,0.500000,0,8.0132,7.1124
000000230166.png,0.8,center_crop_0.75,0.687500,0,8.0132,7.2390
000000230166.png,0.8,random_crop_0.5,0.531250,0,8.0132,7.0840
000000230166.png,0.8,jpeg_q30,1.000000,1,8.0132,11.0308
000000230166.png,0.9,none,1.000000,1,7.4768,7.4768
000000230166.png,0.9,center_crop_0.5,0.500000,0,7.4768,7.1124
000000230166.png,0.9,center_crop_0.75,0.687500,0,7.4768,7.2390
000000230166.png,0.9,random_crop_0.5,0.500000,0,7.4768,7.2124
000000230166.png,0.9,jpeg_q30,1.000000,1,7.4768,10.4464
000000230166.png,1.0,none,1.000000,1,7.0081,7.0081
000000230166.png,1.0,center_crop_0.5,0.500000,0,7.0081,7.1124
000000230166.png,1.0,center_crop_0.75,0.687500,0,7.0081,7.2390
000000230166.png,1.0,random_crop_0.5,0.500000,0,7.0081,7.0015
000000230166.png,1.0,jpeg_q30,1.000000,1,7.0081,9.9173
000000249180.png,0.5,none,1.000000,1,9.9383,9.9383
000000249180.png,0.5,center_crop_0.5,0.500000,0,9.9383,6.4929
000000249180.png,0.5,center_crop_0.75,0.687500,0,9.9383,6.9376
000000249180.png,0.5,random_crop_0.5,0.437500,0,9.9383,7.3769
000000249180.png,0.5,jpeg_q30,1.000000,1,9.9383,12.7888
000000249180.png,0.6,none,1.000000,1,9.1873,9.1873
000000249180.png,0.6,center_crop_0.5,0.500000,0,9.1873,6.4929
000000249180.png,0.6,center_crop_0.75,0.687500,0,9.1873,6.6852
000000249180.png,0.6,random_crop_0.5,0.531250,0,9.1873,6.5917
000000249180.png,0.6,jpeg_q30,1.000000,1,9.1873,12.0345
000000249180.png,0.7,none,1.000000,1,8.5240,8.5240
000000249180.png,0.7,center_crop_0.5,0.500000,0,8.5240,6.4929
000000249180.png,0.7,center_crop_0.75,0.687500,0,8.5240,6.6852
000000249180.png,0.7,random_crop_0.5,0.531250,0,8.5240,6.9554
000000249180.png,0.7,jpeg_q30,1.000000,1,8.5240,11.3766
000000249180.png,0.8,none,1.000000,1,7.9802,7.9802
000000249180.png,0.8,center_crop_0.5,0.500000,0,7.9802,6.4929
000000249180.png,0.8,center_crop_0.75,0.687500,0,7.9802,6.6852
000000249180.png,0.8,random_crop_0.5,0.500000,0,7.9802,7.0892
000000249180.png,0.8,jpeg_q30,1.000000,1,7.9802,10.8128
000000249180.png,0.9,none,1.000000,1,7.4874,7.4874
000000249180.png,0.9,center_crop_0.5,0.500000,0,7.4874,6.4929
000000249180.png,0.9,center_crop_0.75,0.687500,0,7.4874,6.6852
000000249180.png,0.9,random_crop_0.5,0.531250,0,7.4874,6.4838
000000249180.png,0.9,jpeg_q30,1.000000,1,7.4874,10.3131
000000249180.png,1.0,none,1.000000,1,7.0130,7.0130
000000249180.png,1.0,center_crop_0.5,0.500000,0,7.0130,6.4929
000000249180.png,1.0,center_crop_0.75,0.687500,0,7.0130,6.6852
000000249180.png,1.0,random_crop_0.5,0.500000,0,7.0130,6.5695
000000249180.png,1.0,jpeg_q30,1.000000,1,7.0130,9.7755
000000260657.png,0.5,none,1.000000,1,10.3246,10.3246
000000260657.png,0.5,center_crop_0.5,0.500000,0,10.3246,6.2740
000000260657.png,0.5,center_crop_0.75,0.781250,0,10.3246,6.9016
000000260657.png,0.5,random_crop_0.5,0.593750,0,10.3246,6.6027
000000260657.png,0.5,jpeg_q30,0.968750,0,10.3246,12.9137
000000260657.png,0.6,none,1.000000,1,9.5435,9.5435
000000260657.png,0.6,center_crop_0.5,0.500000,0,9.5435,6.2740
000000260657.png,0.6,center_crop_0.75,0.843750,0,9.5435,6.7053
000000260657.png,0.6,random_crop_0.5,0.562500,0,9.5435,6.6819
000000260657.png,0.6,jpeg_q30,1.000000,1,9.5435,12.1632
000000260657.png,0.7,none,1.000000,1,8.8619,8.8619
000000260657.png,0.7,center_crop_0.5,0.500000,0,8.8619,6.2740
000000260657.png,0.7,center_crop_0.75,0.843750,0,8.8619,6.7053
000000260657.png,0.7,random_crop_0.5,0.437500,0,8.8619,6.0856
000000260657.png,0.7,jpeg_q30,0.968750,0,8.8619,11.5001
000000260657.png,0.8,none,1.000000,1,8.3238,8.3238
000000260657.png,0.8,center_crop_0.5,0.500000,0,8.3238,6.2740
000000260657.png,0.8,center_crop_0.75,0.843750,0,8.3238,6.7053
000000260657.png,0.8,random_crop_0.5,0.531250,0,8.3238,6.3142
000000260657.png,0.8,jpeg_q30,1.000000,1,8.3238,10.9619
000000260657.png,0.9,none,1.000000,1,7.8090,7.8090
000000260657.png,0.9,center_crop_0.5,0.500000,0,7.8090,6.2740
000000260657.png,0.9,center_crop_0.75,0.843750,0,7.8090,6.7053
000000260657.png,0.9,random_crop_0.5,0.593750,0,7.8090,6.7752
000000260657.png,0.9,jpeg_q30,1.000000,1,7.8090,10.4340
000000260657.png,1.0,none,1.000000,1,7.3282,7.3282
000000260657.png,1.0,center_crop_0.5,0.500000,0,7.3282,6.2740
000000260657.png,1.0,center_crop_0.75,0.843750,0,7.3282,6.7053
000000260657.png,1.0,random_crop_0.5,0.468750,0,7.3282,6.8216
000000260657.png,1.0,jpeg_q30,1.000000,1,7.3282,9.8914
000000262938.png,0.5,none,1.000000,1,10.1354,10.1354
000000262938.png,0.5,center_crop_0.5,0.500000,0,10.1354,6.1654
000000262938.png,0.5,center_crop_0.75,0.656250,0,10.1354,6.3786
000000262938.png,0.5,random_crop_0.5,0.500000,0,10.1354,6.3295
000000262938.png,0.5,jpeg_q30,1.000000,1,10.1354,12.9052
000000262938.png,0.6,none,1.000000,1,9.3609,9.3609
000000262938.png,0.6,center_crop_0.5,0.500000,0,9.3609,6.1654
000000262938.png,0.6,center_crop_0.75,0.687500,0,9.3609,6.2232
000000262938.png,0.6,random_crop_0.5,0.656250,0,9.3609,6.4762
000000262938.png,0.6,jpeg_q30,1.000000,1,9.3609,12.1396
000000262938.png,0.7,none,1.000000,1,8.6930,8.6930
000000262938.png,0.7,center_crop_0.5,0.500000,0,8.6930,6.1654
000000262938.png,0.7,center_crop_0.75,0.687500,0,8.6930,6.2232
000000262938.png,0.7,random_crop_0.5,0.531250,0,8.6930,6.0493
000000262938.png,0.7,jpeg_q30,1.000000,1,8.6930,11.4790
000000262938.png,0.8,none,1.000000,1,8.1486,8.1486
000000262938.png,0.8,center_crop_0.5,0.500000,0,8.1486,6.1654
000000262938.png,0.8,center_crop_0.75,0.687500,0,8.1486,6.2232
000000262938.png,0.8,random_crop_0.5,0.531250,0,8.1486,6.0813
000000262938.png,0.8,jpeg_q30,1.000000,1,8.1486,10.9047
000000262938.png,0.9,none,1.000000,1,7.6655,7.6655
000000262938.png,0.9,center_crop_0.5,0.500000,0,7.6655,6.1654
000000262938.png,0.9,center_crop_0.75,0.687500,0,7.6655,6.2232
000000262938.png,0.9,random_crop_0.5,0.562500,0,7.6655,6.2138
000000262938.png,0.9,jpeg_q30,1.000000,1,7.6655,10.3713
000000262938.png,1.0,none,1.000000,1,7.2238,7.2238
000000262938.png,1.0,center_crop_0.5,0.500000,0,7.2238,6.1654
000000262938.png,1.0,center_crop_0.75,0.687500,0,7.2238,6.2232
000000262938.png,1.0,random_crop_0.5,0.500000,0,7.2238,6.1874
000000262938.png,1.0,jpeg_q30,1.000000,1,7.2238,9.8251
000000263299.png,0.5,none,1.000000,1,10.2170,10.2170
000000263299.png,0.5,center_crop_0.5,0.500000,0,10.2170,6.7579
000000263299.png,0.5,center_crop_0.75,0.625000,0,10.2170,7.4989
000000263299.png,0.5,random_crop_0.5,0.562500,0,10.2170,6.9092
000000263299.png,0.5,jpeg_q30,1.000000,1,10.2170,12.9232
000000263299.png,0.6,none,1.000000,1,9.4535,9.4535
000000263299.png,0.6,center_crop_0.5,0.500000,0,9.4535,6.7579
000000263299.png,0.6,center_crop_0.75,0.718750,0,9.4535,7.1131
000000263299.png,0.6,random_crop_0.5,0.406250,0,9.4535,7.0371
000000263299.png,0.6,jpeg_q30,1.000000,1,9.4535,12.1635
000000263299.png,0.7,none,1.000000,1,8.7933,8.7933
000000263299.png,0.7,center_crop_0.5,0.500000,0,8.7933,6.7579
000000263299.png,0.7,center_crop_0.75,0.718750,0,8.7933,7.1131
000000263299.png,0.7,random_crop_0.5,0.531250,0,8.7933,6.3438
000000263299.png,0.7,jpeg_q30,1.000000,1,8.7933,11.4737
000000263299.png,0.8,none,1.000000,1,8.2839,8.2839
000000263299.png,0.8,center_crop_0.5,0.500000,0,8.2839,6.7579
000000263299.png,0.8,center_crop_0.75,0.718750,0,8.2839,7.1131
000000263299.png,0.8,random_crop_0.5,0.500000,0,8.2839,6.5296
000000263299.png,0.8,jpeg_q30,1.000000,1,8.2839,10.9445
000000263299.png,0.9,none,1.000000,1,7.7634,7.7634
000000263299.png,0.9,center_crop_0.5,0.500000,0,7.7634,6.7579
000000263299.png,0.9,center_crop_0.75,0.718750,0,7.7634,7.1131
000000263299.png,0.9,random_crop_0.5,0.531250,0,7.7634,6.1316
000000263299.png,0.9,jpeg_q30,1.000000,1,7.7634,10.3818
000000263299.png,1.0,none,1.000000,1,7.3008,7.3008
000000263299.png,1.0,center_crop_0.5,0.500000,0,7.3008,6.7579
000000263299.png,1.0,center_crop_0.75,0.718750,0,7.3008,7.1131
000000263299.png,1.0,random_crop_0.5,0.500000,0,7.3008,6.8418
000000263299.png,1.0,jpeg_q30,1.000000,1,7.3008,9.8456
000000319617.png,0.5,none,1.000000,1,9.7874,9.7874
000000319617.png,0.5,center_crop_0.5,0.500000,0,9.7874,6.4627
000000319617.png,0.5,center_crop_0.75,0.562500,0,9.7874,7.3075
000000319617.png,0.5,random_crop_0.5,0.468750,0,9.7874,7.5636
000000319617.png,0.5,jpeg_q30,1.000000,1,9.7874,12.8891
000000319617.png,0.6,none,1.000000,1,9.0228,9.0228
000000319617.png,0.6,center_crop_0.5,0.500000,0,9.0228,6.4627
000000319617.png,0.6,center_crop_0.75,0.656250,0,9.0228,6.9292
000000319617.png,0.6,random_crop_0.5,0.468750,0,9.0228,7.1727
000000319617.png,0.6,jpeg_q30,1.000000,1,9.0228,12.1357
000000319617.png,0.7,none,1.000000,1,8.3565,8.3565
000000319617.png,0.7,center_crop_0.5,0.500000,0,8.3565,6.4627
000000319617.png,0.7,center_crop_0.75,0.656250,0,8.3565,6.9292
000000319617.png,0.7,random_crop_0.5,0.468750,0,8.3565,6.7819
000000319617.png,0.7,jpeg_q30,1.000000,1,8.3565,11.4649
000000319617.png,0.8,none,1.000000,1,7.8149,7.8149
000000319617.png,0.8,center_crop_0.5,0.500000,0,7.8149,6.4627
000000319617.png,0.8,center_crop_0.75,0.656250,0,7.8149,6.9292
000000319617.png,0.8,random_crop_0.5,0.625000,0,7.8149,6.3520
000000319617.png,0.8,jpeg_q30,1.000000,1,7.8149,10.8915
000000319617.png,0.9,none,1.000000,1,7.2932,7.2932
000000319617.png,0.9,center_crop_0.5,0.500000,0,7.2932,6.4627
000000319617.png,0.9,center_crop_0.75,0.656250,0,7.2932,6.9292
000000319617.png,0.9,random_crop_0.5,0.500000,0,7.2932,6.8309
000000319617.png,0.9,jpeg_q30,1.000000,1,7.2932,10.3478
000000319617.png,1.0,none,1.000000,1,6.8171,6.8171
000000319617.png,1.0,center_crop_0.5,0.500000,0,6.8171,6.4627
000000319617.png,1.0,center_crop_0.75,0.656250,0,6.8171,6.9292
000000319617.png,1.0,random_crop_0.5,0.562500,0,6.8171,6.9514
000000319617.png,1.0,jpeg_q30,1.000000,1,6.8171,9.8088
000000322895.png,0.5,none,1.000000,1,10.2401,10.2401
000000322895.png,0.5,center_crop_0.5,0.500000,0,10.2401,7.3762
000000322895.png,0.5,center_crop_0.75,0.687500,0,10.2401,7.9395
000000322895.png,0.5,random_crop_0.5,0.468750,0,10.2401,6.9883
000000322895.png,0.5,jpeg_q30,1.000000,1,10.2401,12.9803
000000322895.png,0.6,none,1.000000,1,9.4324,9.4324
000000322895.png,0.6,center_crop_0.5,0.500000,0,9.4324,7.3762
000000322895.png,0.6,center_crop_0.75,0.781250,0,9.4324,7.4867
000000322895.png,0.6,random_crop_0.5,0.531250,0,9.4324,7.8501
000000322895.png,0.6,jpeg_q30,1.000000,1,9.4324,12.2271
000000322895.png,0.7,none,1.000000,1,8.7425,8.7425
000000322895.png,0.7,center_crop_0.5,0.500000,0,8.7425,7.3762
000000322895.png,0.7,center_crop_0.75,0.781250,0,8.7425,7.4867
000000322895.png,0.7,random_crop_0.5,0.437500,0,8.7425,7.1355
000000322895.png,0.7,jpeg_q30,1.000000,1,8.7425,11.5547
000000322895.png,0.8,none,1.000000,1,8.1709,8.1709
000000322895.png,0.8,center_crop_0.5,0.500000,0,8.1709,7.3762
000000322895.png,0.8,center_crop_0.75,0.781250,0,8.1709,7.4867
000000322895.png,0.8,random_crop_0.5,0.437500,0,8.1709,7.2631
000000322895.png,0.8,jpeg_q30,1.000000,1,8.1709,10.9552
000000322895.png,0.9,none,1.000000,1,7.6350,7.6350
000000322895.png,0.9,center_crop_0.5,0.500000,0,7.6350,7.3762
000000322895.png,0.9,center_crop_0.75,0.781250,0,7.6350,7.4867
000000322895.png,0.9,random_crop_0.5,0.406250,0,7.6350,6.6403
000000322895.png,0.9,jpeg_q30,1.000000,1,7.6350,10.4200
000000322895.png,1.0,none,1.000000,1,7.1307,7.1307
000000322895.png,1.0,center_crop_0.5,0.500000,0,7.1307,7.3762
000000322895.png,1.0,center_crop_0.75,0.781250,0,7.1307,7.4867
000000322895.png,1.0,random_crop_0.5,0.500000,0,7.1307,6.9084
000000322895.png,1.0,jpeg_q30,1.000000,1,7.1307,9.8884
000000326128.png,0.5,none,1.000000,1,10.3774,10.3774
000000326128.png,0.5,center_crop_0.5,0.500000,0,10.3774,6.4802
000000326128.png,0.5,center_crop_0.75,0.687500,0,10.3774,7.5024
000000326128.png,0.5,random_crop_0.5,0.468750,0,10.3774,6.1159
000000326128.png,0.5,jpeg_q30,1.000000,1,10.3774,12.9179
000000326128.png,0.6,none,1.000000,1,9.5840,9.5840
000000326128.png,0.6,center_crop_0.5,0.500000,0,9.5840,6.4802
000000326128.png,0.6,center_crop_0.75,0.750000,0,9.5840,7.1802
000000326128.png,0.6,random_crop_0.5,0.656250,0,9.5840,6.5656
000000326128.png,0.6,jpeg_q30,1.000000,1,9.5840,12.1495
000000326128.png,0.7,none,1.000000,1,8.8885,8.8885
000000326128.png,0.7,center_crop_0.5,0.500000,0,8.8885,6.4802
000000326128.png,0.7,center_crop_0.75,0.750000,0,8.8885,7.1802
000000326128.png,0.7,random_crop_0.5,0.468750,0,8.8885,7.5006
000000326128.png,0.7,jpeg_q30,1.000000,1,8.8885,11.4798
000000326128.png,0.8,none,1.000000,1,8.3144,8.3144
000000326128.png,0.8,center_crop_0.5,0.500000,0,8.3144,6.4802
000000326128.png,0.8,center_crop_0.75,0.750000,0,8.3144,7.1802
000000326128.png,0.8,random_crop_0.5,0.656250,0,8.3144,7.0431
000000326128.png,0.8,jpeg_q30,1.000000,1,8.3144,10.8901
000000326128.png,0.9,none,1.000000,1,7.8047,7.8047
000000326128.png,0.9,center_crop_0.5,0.500000,0,7.8047,6.4802
000000326128.png,0.9,center_crop_0.75,0.750000,0,7.8047,7.1802
000000326128.png,0.9,random_crop_0.5,0.500000,0,7.8047,6.7060
000000326128.png,0.9,jpeg_q30,1.000000,1,7.8047,10.3969
000000326128.png,1.0,none,1.000000,1,7.3037,7.3037
000000326128.png,1.0,center_crop_0.5,0.500000,0,7.3037,6.4802
000000326128.png,1.0,center_crop_0.75,0.750000,0,7.3037,7.1802
000000326128.png,1.0,random_crop_0.5,0.531250,0,7.3037,5.9871
000000326128.png,1.0,jpeg_q30,1.000000,1,7.3037,9.8496
000000341681.png,0.5,none,1.000000,1,9.5052,9.5052
000000341681.png,0.5,center_crop_0.5,0.500000,0,9.5052,7.0591
000000341681.png,0.5,center_crop_0.75,0.562500,0,9.5052,7.4397
000000341681.png,0.5,random_crop_0.5,0.500000,0,9.5052,7.5827
000000341681.png,0.5,jpeg_q30,1.000000,1,9.5052,12.8297
000000341681.png,0.6,none,1.000000,1,8.7157,8.7157
000000341681.png,0.6,center_crop_0.5,0.500000,0,8.7157,7.0591
000000341681.png,0.6,center_crop_0.75,0.625000,0,8.7157,6.9700
000000341681.png,0.6,random_crop_0.5,0.500000,0,8.7157,8.2685
000000341681.png,0.6,jpeg_q30,1.000000,1,8.7157,12.1035
000000341681.png,0.7,none,1.000000,1,8.0350,8.0350
000000341681.png,0.7,center_crop_0.5,0.500000,0,8.0350,7.0591
000000341681.png,0.7,center_crop_0.75,0.625000,0,8.0350,6.9700
000000341681.png,0.7,random_crop_0.5,0.562500,0,8.0350,6.9875
000000341681.png,0.7,jpeg_q30,1.000000,1,8.0350,11.4121
000000341681.png,0.8,none,1.000000,1,7.4722,7.4722
000000341681.png,0.8,center_crop_0.5,0.500000,0,7.4722,7.0591
000000341681.png,0.8,center_crop_0.75,0.625000,0,7.4722,6.9700
000000341681.png,0.8,random_crop_0.5,0.718750,0,7.4722,6.9655
000000341681.png,0.8,jpeg_q30,1.000000,1,7.4722,10.8074
000000341681.png,0.9,none,1.000000,1,6.9597,6.9597
000000341681.png,0.9,center_crop_0.5,0.500000,0,6.9597,7.0591
000000341681.png,0.9,center_crop_0.75,0.625000,0,6.9597,6.9700
000000341681.png,0.9,random_crop_0.5,0.468750,0,6.9597,6.9585
000000341681.png,0.9,jpeg_q30,1.000000,1,6.9597,10.2802
000000341681.png,1.0,none,1.000000,1,6.4647,6.4647
000000341681.png,1.0,center_crop_0.5,0.500000,0,6.4647,7.0591
000000341681.png,1.0,center_crop_0.75,0.625000,0,6.4647,6.9700
000000341681.png,1.0,random_crop_0.5,0.531250,0,6.4647,7.0919
000000341681.png,1.0,jpeg_q30,1.000000,1,6.4647,9.7167
000000358427.png,0.5,none,1.000000,1,10.1993,10.1993
000000358427.png,0.5,center_crop_0.5,0.500000,0,10.1993,7.5461
000000358427.png,0.5,center_crop_0.75,0.562500,0,10.1993,8.0388
000000358427.png,0.5,random_crop_0.5,0.531250,0,10.1993,7.8637
000000358427.png,0.5,jpeg_q30,0.968750,0,10.1993,13.0452
000000358427.png,0.6,none,1.000000,1,9.4087,9.4087
000000358427.png,0.6,center_crop_0.5,0.500000,0,9.4087,7.5461
000000358427.png,0.6,center_crop_0.75,0.625000,0,9.4087,7.6066
000000358427.png,0.6,random_crop_0.5,0.500000,0,9.4087,7.4238
000000358427.png,0.6,jpeg_q30,0.968750,0,9.4087,12.2456
000000358427.png,0.7,none,1.000000,1,8.7174,8.7174
000000358427.png,0.7,center_crop_0.5,0.500000,0,8.7174,7.5461
000000358427.png,0.7,center_crop_0.75,0.625000,0,8.7174,7.6066
000000358427.png,0.7,random_crop_0.5,0.687500,0,8.7174,7.5203
000000358427.png,0.7,jpeg_q30,0.968750,0,8.7174,11.5724
000000358427.png,0.8,none,1.000000,1,8.1607,8.1607
000000358427.png,0.8,center_crop_0.5,0.500000,0,8.1607,7.5461
000000358427.png,0.8,center_crop_0.75,0.625000,0,8.1607,7.6066
000000358427.png,0.8,random_crop_0.5,0.437500,0,8.1607,8.0501
000000358427.png,0.8,jpeg_q30,1.000000,1,8.1607,11.0043
000000358427.png,0.9,none,1.000000,1,7.6081,7.6081
000000358427.png,0.9,center_crop_0.5,0.500000,0,7.6081,7.5461
000000358427.png,0.9,center_crop_0.75,0.625000,0,7.6081,7.6066
000000358427.png,0.9,random_crop_0.5,0.500000,0,7.6081,7.3942
000000358427.png,0.9,jpeg_q30,1.000000,1,7.6081,10.4445
000000358427.png,1.0,none,1.000000,1,7.1183,7.1183
000000358427.png,1.0,center_crop_0.5,0.500000,0,7.1183,7.5461
000000358427.png,1.0,center_crop_0.75,0.625000,0,7.1183,7.6066
000000358427.png,1.0,random_crop_0.5,0.500000,0,7.1183,7.6094
000000358427.png,1.0,jpeg_q30,1.000000,1,7.1183,9.9174
000000360137.png,0.5,none,1.000000,1,10.6701,10.6701
000000360137.png,0.5,center_crop_0.5,0.500000,0,10.6701,7.5065
000000360137.png,0.5,center_crop_0.75,0.718750,0,10.6701,8.0197
000000360137.png,0.5,random_crop_0.5,0.562500,0,10.6701,9.4278
000000360137.png,0.5,jpeg_q30,1.000000,1,10.6701,12.9486
000000360137.png,0.6,none,1.000000,1,9.8967,9.8967
000000360137.png,0.6,center_crop_0.5,0.500000,0,9.8967,7.5065
000000360137.png,0.6,center_crop_0.75,0.843750,0,9.8967,7.5922
000000360137.png,0.6,random_crop_0.5,0.531250,0,9.8967,7.9644
000000360137.png,0.6,jpeg_q30,1.000000,1,9.8967,12.1880
000000360137.png,0.7,none,1.000000,1,9.2388,9.2388
000000360137.png,0.7,center_crop_0.5,0.500000,0,9.2388,7.5065
000000360137.png,0.7,center_crop_0.75,0.843750,0,9.2388,7.5922
000000360137.png,0.7,random_crop_0.5,0.468750,0,9.2388,7.4188
000000360137.png,0.7,jpeg_q30,1.000000,1,9.2388,11.5070
000000360137.png,0.8,none,1.000000,1,8.7262,8.7262
000000360137.png,0.8,center_crop_0.5,0.500000,0,8.7262,7.5065
000000360137.png,0.8,center_crop_0.75,0.843750,0,8.7262,7.5922
000000360137.png,0.8,random_crop_0.5,0.562500,0,8.7262,6.6434
000000360137.png,0.8,jpeg_q30,1.000000,1,8.7262,10.9517
000000360137.png,0.9,none,1.000000,1,8.1973,8.1973
000000360137.png,0.9,center_crop_0.5,0.500000,0,8.1973,7.5065
000000360137.png,0.9,center_crop_0.75,0.843750,0,8.1973,7.5922
000000360137.png,0.9,random_crop_0.5,0.531250,0,8.1973,7.5586
000000360137.png,0.9,jpeg_q30,1.000000,1,8.1973,10.3963
000000360137.png,1.0,none,1.000000,1,7.7451,7.7451
000000360137.png,1.0,center_crop_0.5,0.500000,0,7.7451,7.5065
000000360137.png,1.0,center_crop_0.75,0.843750,0,7.7451,7.5922
000000360137.png,1.0,random_crop_0.5,0.500000,0,7.7451,7.4452
000000360137.png,1.0,jpeg_q30,1.000000,1,7.7451,9.8795
000000397681.png,0.5,none,1.000000,1,10.1787,10.1787
000000397681.png,0.5,center_crop_0.5,0.500000,0,10.1787,6.4279
000000397681.png,0.5,center_crop_0.75,0.531250,0,10.1787,6.7267
000000397681.png,0.5,random_crop_0.5,0.468750,0,10.1787,6.6752
000000397681.png,0.5,jpeg_q30,1.000000,1,10.1787,12.6065
000000397681.png,0.6,none,1.000000,1,9.4140,9.4140
000000397681.png,0.6,center_crop_0.5,0.500000,0,9.4140,6.4279
000000397681.png,0.6,center_crop_0.75,0.562500,0,9.4140,6.5316
000000397681.png,0.6,random_crop_0.5,0.593750,0,9.4140,6.5232
000000397681.png,0.6,jpeg_q30,1.000000,1,9.4140,11.8867
000000397681.png,0.7,none,1.000000,1,8.7516,8.7516
000000397681.png,0.7,center_crop_0.5,0.500000,0,8.7516,6.4279
000000397681.png,0.7,center_crop_0.75,0.562500,0,8.7516,6.5316
000000397681.png,0.7,random_crop_0.5,0.625000,0,8.7516,6.4351
000000397681.png,0.7,jpeg_q30,1.000000,1,8.7516,11.2352
000000397681.png,0.8,none,1.000000,1,8.1985,8.1985
000000397681.png,0.8,center_crop_0.5,0.500000,0,8.1985,6.4279
000000397681.png,0.8,center_crop_0.75,0.562500,0,8.1985,6.5316
000000397681.png,0.8,random_crop_0.5,0.562500,0,8.1985,6.3414
000000397681.png,0.8,jpeg_q30,1.000000,1,8.1985,10.6782
000000397681.png,0.9,none,1.000000,1,7.6921,7.6921
000000397681.png,0.9,center_crop_0.5,0.500000,0,7.6921,6.4279
000000397681.png,0.9,center_crop_0.75,0.562500,0,7.6921,6.5316
000000397681.png,0.9,random_crop_0.5,0.468750,0,7.6921,6.5547
000000397681.png,0.9,jpeg_q30,1.000000,1,7.6921,10.1968
000000397681.png,1.0,none,1.000000,1,7.2005,7.2005
000000397681.png,1.0,center_crop_0.5,0.500000,0,7.2005,6.4279
000000397681.png,1.0,center_crop_0.75,0.562500,0,7.2005,6.5316
000000397681.png,1.0,random_crop_0.5,0.500000,0,7.2005,6.6332
000000397681.png,1.0,jpeg_q30,1.000000,1,7.2005,9.6426
000000400573.png,0.5,none,1.000000,1,9.9132,9.9132
000000400573.png,0.5,center_crop_0.5,0.500000,0,9.9132,6.8505
000000400573.png,0.5,center_crop_0.75,0.593750,0,9.9132,7.3537
000000400573.png,0.5,random_crop_0.5,0.406250,0,9.9132,7.6317
000000400573.png,0.5,jpeg_q30,1.000000,1,9.9132,12.9420
000000400573.png,0.6,none,1.000000,1,9.1451,9.1451
000000400573.png,0.6,center_crop_0.5,0.500000,0,9.1451,6.8505
000000400573.png,0.6,center_crop_0.75,0.687500,0,9.1451,6.9720
000000400573.png,0.6,random_crop_0.5,0.500000,0,9.1451,6.7681
000000400573.png,0.6,jpeg_q30,1.000000,1,9.1451,12.1898
000000400573.png,0.7,none,1.000000,1,8.4843,8.4843
000000400573.png,0.7,center_crop_0.5,0.500000,0,8.4843,6.8505
000000400573.png,0.7,center_crop_0.75,0.687500,0,8.4843,6.9720
000000400573.png,0.7,random_crop_0.5,0.531250,0,8.4843,7.1055
000000400573.png,0.7,jpeg_q30,1.000000,1,8.4843,11.5207
000000400573.png,0.8,none,1.000000,1,7.9599,7.9599
000000400573.png,0.8,center_crop_0.5,0.500000,0,7.9599,6.8505
000000400573.png,0.8,center_crop_0.75,0.687500,0,7.9599,6.9720
000000400573.png,0.8,random_crop_0.5,0.500000,0,7.9599,6.6999
000000400573.png,0.8,jpeg_q30,1.000000,1,7.9599,10.9602
000000400573.png,0.9,none,1.000000,1,7.4407,7.4407
000000400573.png,0.9,center_crop_0.5,0.500000,0,7.4407,6.8505
000000400573.png,0.9,center_crop_0.75,0.687500,0,7.4407,6.9720
000000400573.png,0.9,random_crop_0.5,0.468750,0,7.4407,6.8948
000000400573.png,0.9,jpeg_q30,1.000000,1,7.4407,10.4059
000000400573.png,1.0,none,1.000000,1,6.9574,6.9574
000000400573.png,1.0,center_crop_0.5,0.500000,0,6.9574,6.8505
000000400573.png,1.0,center_crop_0.75,0.687500,0,6.9574,6.9720
000000400573.png,1.0,random_crop_0.5,0.562500,0,6.9574,6.6291
000000400573.png,1.0,jpeg_q30,1.000000,1,6.9574,9.8587
000000401250.png,0.5,none,1.000000,1,9.4841,9.4841
000000401250.png,0.5,center_crop_0.5,0.500000,0,9.4841,7.0847
000000401250.png,0.5,center_crop_0.75,0.562500,0,9.4841,7.4933
000000401250.png,0.5,random_crop_0.5,0.531250,0,9.4841,8.3401
000000401250.png,0.5,jpeg_q30,1.000000,1,9.4841,12.7740
000000401250.png,0.6,none,1.000000,1,8.7042,8.7042
000000401250.png,0.6,center_crop_0.5,0.500000,0,8.7042,7.0847
000000401250.png,0.6,center_crop_0.75,0.593750,0,8.7042,7.0120
000000401250.png,0.6,random_crop_0.5,0.562500,0,8.7042,7.5599
000000401250.png,0.6,jpeg_q30,1.000000,1,8.7042,12.0514
000000401250.png,0.7,none,1.000000,1,8.0294,8.0294
000000401250.png,0.7,center_crop_0.5,0.500000,0,8.0294,7.0847
000000401250.png,0.7,center_crop_0.75,0.593750,0,8.0294,7.0120
000000401250.png,0.7,random_crop_0.5,0.531250,0,8.0294,6.9515
000000401250.png,0.7,jpeg_q30,1.000000,1,8.0294,11.3834
000000401250.png,0.8,none,1.000000,1,7.4817,7.4817
000000401250.png,0.8,center_crop_0.5,0.500000,0,7.4817,7.0847
000000401250.png,0.8,center_crop_0.75,0.593750,0,7.4817,7.0120
000000401250.png,0.8,random_crop_0.5,0.468750,0,7.4817,6.9490
000000401250.png,0.8,jpeg_q30,1.000000,1,7.4817,10.8017
000000401250.png,0.9,none,1.000000,1,6.9667,6.9667
000000401250.png,0.9,center_crop_0.5,0.500000,0,6.9667,7.0847
000000401250.png,0.9,center_crop_0.75,0.593750,0,6.9667,7.0120
000000401250.png,0.9,random_crop_0.5,0.468750,0,6.9667,6.9989
000000401250.png,0.9,jpeg_q30,1.000000,1,6.9667,10.2472
000000401250.png,1.0,none,1.000000,1,6.4872,6.4872
000000401250.png,1.0,center_crop_0.5,0.500000,0,6.4872,7.0847
000000401250.png,1.0,center_crop_0.75,0.593750,0,6.4872,7.0120
000000401250.png,1.0,random_crop_0.5,0.500000,0,6.4872,6.9645
000000401250.png,1.0,jpeg_q30,1.000000,1,6.4872,9.7311
000000426372.png,0.5,none,1.000000,1,10.7158,10.7158
000000426372.png,0.5,center_crop_0.5,0.500000,0,10.7158,6.0356
000000426372.png,0.5,center_crop_0.75,0.750000,0,10.7158,6.9515
000000426372.png,0.5,random_crop_0.5,0.531250,0,10.7158,6.1812
000000426372.png,0.5,jpeg_q30,1.000000,1,10.7158,12.9087
000000426372.png,0.6,none,1.000000,1,9.8723,9.8723
000000426372.png,0.6,center_crop_0.5,0.500000,0,9.8723,6.0356
000000426372.png,0.6,center_crop_0.75,0.812500,0,9.8723,6.8262
000000426372.png,0.6,random_crop_0.5,0.375000,0,9.8723,6.7302
000000426372.png,0.6,jpeg_q30,1.000000,1,9.8723,12.1346
000000426372.png,0.7,none,1.000000,1,9.1278,9.1278
000000426372.png,0.7,center_crop_0.5,0.500000,0,9.1278,6.0356
000000426372.png,0.7,center_crop_0.75,0.812500,0,9.1278,6.8262
000000426372.png,0.7,random_crop_0.5,0.500000,0,9.1278,6.0535
000000426372.png,0.7,jpeg_q30,1.000000,1,9.1278,11.4884
000000426372.png,0.8,none,1.000000,1,8.5256,8.5256
000000426372.png,0.8,center_crop_0.5,0.500000,0,8.5256,6.0356
000000426372.png,0.8,center_crop_0.75,0.812500,0,8.5256,6.8262
000000426372.png,0.8,random_crop_0.5,0.562500,0,8.5256,6.8557
000000426372.png,0.8,jpeg_q30,1.000000,1,8.5256,10.9263
000000426372.png,0.9,none,1.000000,1,7.9547,7.9547
000000426372.png,0.9,center_crop_0.5,0.500000,0,7.9547,6.0356
000000426372.png,0.9,center_crop_0.75,0.812500,0,7.9547,6.8262
000000426372.png,0.9,random_crop_0.5,0.562500,0,7.9547,6.0933
000000426372.png,0.9,jpeg_q30,1.000000,1,7.9547,10.3875
000000426372.png,1.0,none,1.000000,1,7.4174,7.4174
000000426372.png,1.0,center_crop_0.5,0.500000,0,7.4174,6.0356
000000426372.png,1.0,center_crop_0.75,0.812500,0,7.4174,6.8262
000000426372.png,1.0,random_crop_0.5,0.500000,0,7.4174,6.9790
000000426372.png,1.0,jpeg_q30,1.000000,1,7.4174,9.8693
000000437351.png,0.5,none,1.000000,1,10.4641,10.4641
000000437351.png,0.5,center_crop_0.5,0.500000,0,10.4641,6.3512
000000437351.png,0.5,center_crop_0.75,0.781250,0,10.4641,6.9353
000000437351.png,0.5,random_crop_0.5,0.468750,0,10.4641,7.4363
000000437351.png,0.5,jpeg_q30,1.000000,1,10.4641,12.7947
000000437351.png,0.6,none,1.000000,1,9.6930,9.6930
000000437351.png,0.6,center_crop_0.5,0.500000,0,9.6930,6.3512
000000437351.png,0.6,center_crop_0.75,0.812500,0,9.6930,6.7151
000000437351.png,0.6,random_crop_0.5,0.562500,0,9.6930,5.7464
000000437351.png,0.6,jpeg_q30,1.000000,1,9.6930,12.0433
000000437351.png,0.7,none,1.000000,1,9.0396,9.0396
000000437351.png,0.7,center_crop_0.5,0.500000,0,9.0396,6.3512
000000437351.png,0.7,center_crop_0.75,0.812500,0,9.0396,6.7151
000000437351.png,0.7,random_crop_0.5,0.500000,0,9.0396,5.7233
000000437351.png,0.7,jpeg_q30,1.000000,1,9.0396,11.4042
000000437351.png,0.8,none,1.000000,1,8.5146,8.5146
000000437351.png,0.8,center_crop_0.5,0.500000,0,8.5146,6.3512
000000437351.png,0.8,center_crop_0.75,0.812500,0,8.5146,6.7151
000000437351.png,0.8,random_crop_0.5,0.468750,0,8.5146,6.4834
000000437351.png,0.8,jpeg_q30,1.000000,1,8.5146,10.7985
000000437351.png,0.9,none,1.000000,1,8.0377,8.0377
000000437351.png,0.9,center_crop_0.5,0.500000,0,8.0377,6.3512
000000437351.png,0.9,center_crop_0.75,0.812500,0,8.0377,6.7151
000000437351.png,0.9,random_crop_0.5,0.437500,0,8.0377,6.1228
000000437351.png,0.9,jpeg_q30,1.000000,1,8.0377,10.2953
000000437351.png,1.0,none,1.000000,1,7.5838,7.5838
000000437351.png,1.0,center_crop_0.5,0.500000,0,7.5838,6.3512
000000437351.png,1.0,center_crop_0.75,0.812500,0,7.5838,6.7151
000000437351.png,1.0,random_crop_0.5,0.562500,0,7.5838,7.1527
000000437351.png,1.0,jpeg_q30,1.000000,1,7.5838,9.7717
000000477805.png,0.5,none,1.000000,1,11.1262,11.1262
000000477805.png,0.5,center_crop_0.5,0.500000,0,11.1262,8.5100
000000477805.png,0.5,center_crop_0.75,0.781250,0,11.1262,8.7077
000000477805.png,0.5,random_crop_0.5,0.500000,0,11.1262,8.2507
000000477805.png,0.5,jpeg_q30,1.000000,1,11.1262,12.7856
000000477805.png,0.6,none,1.000000,1,10.3432,10.3432
000000477805.png,0.6,center_crop_0.5,0.500000,0,10.3432,8.5100
000000477805.png,0.6,center_crop_0.75,0.812500,0,10.3432,8.1827
000000477805.png,0.6,random_crop_0.5,0.562500,0,10.3432,8.5168
000000477805.png,0.6,jpeg_q30,1.000000,1,10.3432,11.9718
000000477805.png,0.7,none,1.000000,1,9.6763,9.6763
000000477805.png,0.7,center_crop_0.5,0.500000,0,9.6763,8.5100
000000477805.png,0.7,center_crop_0.75,0.812500,0,9.6763,8.1827
000000477805.png,0.7,random_crop_0.5,0.437500,0,9.6763,8.0419
000000477805.png,0.7,jpeg_q30,1.000000,1,9.6763,11.3175
000000477805.png,0.8,none,1.000000,1,9.1580,9.1580
000000477805.png,0.8,center_crop_0.5,0.500000,0,9.1580,8.5100
000000477805.png,0.8,center_crop_0.75,0.812500,0,9.1580,8.1827
000000477805.png,0.8,random_crop_0.5,0.406250,0,9.1580,8.3606
000000477805.png,0.8,jpeg_q30,1.000000,1,9.1580,10.7686
000000477805.png,0.9,none,1.000000,1,8.6015,8.6015
000000477805.png,0.9,center_crop_0.5,0.500000,0,8.6015,8.5100
000000477805.png,0.9,center_crop_0.75,0.812500,0,8.6015,8.1827
000000477805.png,0.9,random_crop_0.5,0.406250,0,8.6015,8.5551
000000477805.png,0.9,jpeg_q30,1.000000,1,8.6015,10.1864
000000477805.png,1.0,none,1.000000,1,8.1415,8.1415
000000477805.png,1.0,center_crop_0.5,0.500000,0,8.1415,8.5100
000000477805.png,1.0,center_crop_0.75,0.812500,0,8.1415,8.1827
000000477805.png,1.0,random_crop_0.5,0.656250,0,8.1415,8.1600
000000477805.png,1.0,jpeg_q30,1.000000,1,8.1415,9.6643
000000508730.png,0.5,none,1.000000,1,10.0235,10.0235
000000508730.png,0.5,center_crop_0.5,0.500000,0,10.0235,6.7760
000000508730.png,0.5,center_crop_0.75,0.593750,0,10.0235,7.5940
000000508730.png,0.5,random_crop_0.5,0.500000,0,10.0235,7.8123
000000508730.png,0.5,jpeg_q30,1.000000,1,10.0235,12.8656
000000508730.png,0.6,none,1.000000,1,9.2628,9.2628
000000508730.png,0.6,center_crop_0.5,0.500000,0,9.2628,6.7760
000000508730.png,0.6,center_crop_0.75,0.656250,0,9.2628,7.1943
000000508730.png,0.6,random_crop_0.5,0.500000,0,9.2628,7.0355
000000508730.png,0.6,jpeg_q30,1.000000,1,9.2628,12.0818
000000508730.png,0.7,none,1.000000,1,8.6009,8.6009
000000508730.png,0.7,center_crop_0.5,0.500000,0,8.6009,6.7760
000000508730.png,0.7,center_crop_0.75,0.656250,0,8.6009,7.1943
000000508730.png,0.7,random_crop_0.5,0.500000,0,8.6009,7.4481
000000508730.png,0.7,jpeg_q30,1.000000,1,8.6009,11.4160
000000508730.png,0.8,none,1.000000,1,8.0605,8.0605
000000508730.png,0.8,center_crop_0.5,0.500000,0,8.0605,6.7760
000000508730.png,0.8,center_crop_0.75,0.656250,0,8.0605,7.1943
000000508730.png,0.8,random_crop_0.5,0.500000,0,8.0605,6.8712
000000508730.png,0.8,jpeg_q30,1.000000,1,8.0605,10.8345
000000508730.png,0.9,none,1.000000,1,7.5490,7.5490
000000508730.png,0.9,center_crop_0.5,0.500000,0,7.5490,6.7760
000000508730.png,0.9,center_crop_0.75,0.656250,0,7.5490,7.1943
000000508730.png,0.9,random_crop_0.5,0.500000,0,7.5490,6.8889
000000508730.png,0.9,jpeg_q30,1.000000,1,7.5490,10.3023
000000508730.png,1.0,none,1.000000,1,7.0684,7.0684
000000508730.png,1.0,center_crop_0.5,0.500000,0,7.0684,6.7760
000000508730.png,1.0,center_crop_0.75,0.656250,0,7.0684,7.1943
000000508730.png,1.0,random_crop_0.5,0.437500,0,7.0684,6.8313
000000508730.png,1.0,jpeg_q30,1.000000,1,7.0684,9.7516
000000517056.png,0.5,none,1.000000,1,10.3417,10.3417
000000517056.png,0.5,center_crop_0.5,0.500000,0,10.3417,6.1539
000000517056.png,0.5,center_crop_0.75,0.687500,0,10.3417,6.9005
000000517056.png,0.5,random_crop_0.5,0.375000,0,10.3417,6.0509
000000517056.png,0.5,jpeg_q30,1.000000,1,10.3417,12.9461
000000517056.png,0.6,none,1.000000,1,9.5931,9.5931
000000517056.png,0.6,center_crop_0.5,0.500000,0,9.5931,6.1539
000000517056.png,0.6,center_crop_0.75,0.781250,0,9.5931,6.6834
000000517056.png,0.6,random_crop_0.5,0.531250,0,9.5931,6.4945
000000517056.png,0.6,jpeg_q30,1.000000,1,9.5931,12.1712
000000517056.png,0.7,none,1.000000,1,8.9361,8.9361
000000517056.png,0.7,center_crop_0.5,0.500000,0,8.9361,6.1539
000000517056.png,0.7,center_crop_0.75,0.781250,0,8.9361,6.6834
000000517056.png,0.7,random_crop_0.5,0.531250,0,8.9361,6.4217
000000517056.png,0.7,jpeg_q30,1.000000,1,8.9361,11.5204
000000517056.png,0.8,none,1.000000,1,8.3819,8.3819
000000517056.png,0.8,center_crop_0.5,0.500000,0,8.3819,6.1539
000000517056.png,0.8,center_crop_0.75,0.781250,0,8.3819,6.6834
000000517056.png,0.8,random_crop_0.5,0.468750,0,8.3819,6.3363
000000517056.png,0.8,jpeg_q30,1.000000,1,8.3819,10.9139
000000517056.png,0.9,none,1.000000,1,7.8687,7.8687
000000517056.png,0.9,center_crop_0.5,0.500000,0,7.8687,6.1539
000000517056.png,0.9,center_crop_0.75,0.781250,0,7.8687,6.6834
000000517056.png,0.9,random_crop_0.5,0.500000,0,7.8687,6.1127
000000517056.png,0.9,jpeg_q30,1.000000,1,7.8687,10.3783
000000517056.png,1.0,none,1.000000,1,7.3831,7.3831
000000517056.png,1.0,center_crop_0.5,0.500000,0,7.3831,6.1539
000000517056.png,1.0,center_crop_0.75,0.781250,0,7.3831,6.6834
000000517056.png,1.0,random_crop_0.5,0.593750,0,7.3831,5.8567
000000517056.png,1.0,jpeg_q30,1.000000,1,7.3831,9.7921
000000517687.png,0.5,none,1.000000,1,10.3907,10.3907
000000517687.png,0.5,center_crop_0.5,0.500000,0,10.3907,6.7517
000000517687.png,0.5,center_crop_0.75,0.687500,0,10.3907,7.0278
000000517687.png,0.5,random_crop_0.5,0.562500,0,10.3907,6.8426
000000517687.png,0.5,jpeg_q30,1.000000,1,10.3907,12.9154
000000517687.png,0.6,none,1.000000,1,9.6170,9.6170
000000517687.png,0.6,center_crop_0.5,0.500000,0,9.6170,6.7517
000000517687.png,0.6,center_crop_0.75,0.812500,0,9.6170,6.8501
000000517687.png,0.6,random_crop_0.5,0.500000,0,9.6170,6.5848
000000517687.png,0.6,jpeg_q30,1.000000,1,9.6170,12.1825
000000517687.png,0.7,none,1.000000,1,8.9550,8.9550
000000517687.png,0.7,center_crop_0.5,0.500000,0,8.9550,6.7517
000000517687.png,0.7,center_crop_0.75,0.812500,0,8.9550,6.8501
000000517687.png,0.7,random_crop_0.5,0.593750,0,8.9550,6.6112
000000517687.png,0.7,jpeg_q30,1.000000,1,8.9550,11.5209
000000517687.png,0.8,none,1.000000,1,8.4264,8.4264
000000517687.png,0.8,center_crop_0.5,0.500000,0,8.4264,6.7517
000000517687.png,0.8,center_crop_0.75,0.812500,0,8.4264,6.8501
000000517687.png,0.8,random_crop_0.5,0.500000,0,8.4264,6.7593
000000517687.png,0.8,jpeg_q30,1.000000,1,8.4264,10.9527
000000517687.png,0.9,none,1.000000,1,7.9052,7.9052
000000517687.png,0.9,center_crop_0.5,0.500000,0,7.9052,6.7517
000000517687.png,0.9,center_crop_0.75,0.812500,0,7.9052,6.8501
000000517687.png,0.9,random_crop_0.5,0.437500,0,7.9052,6.8607
000000517687.png,0.9,jpeg_q30,1.000000,1,7.9052,10.4110
000000517687.png,1.0,none,1.000000,1,7.4161,7.4161
000000517687.png,1.0,center_crop_0.5,0.500000,0,7.4161,6.7517
000000517687.png,1.0,center_crop_0.75,0.812500,0,7.4161,6.8501
000000517687.png,1.0,random_crop_0.5,0.437500,0,7.4161,6.5643
000000517687.png,1.0,jpeg_q30,1.000000,1,7.4161,9.8694
000000523957.png,0.5,none,1.000000,1,10.2490,10.2490
000000523957.png,0.5,center_crop_0.5,0.500000,0,10.2490,7.0747
000000523957.png,0.5,center_crop_0.75,0.562500,0,10.2490,7.5731
000000523957.png,0.5,random_crop_0.5,0.406250,0,10.2490,6.9639
000000523957.png,0.5,jpeg_q30,1.000000,1,10.2490,12.9458
000000523957.png,0.6,none,1.000000,1,9.4306,9.4306
000000523957.png,0.6,center_crop_0.5,0.500000,0,9.4306,7.0747
000000523957.png,0.6,center_crop_0.75,0.656250,0,9.4306,7.1854
000000523957.png,0.6,random_crop_0.5,0.593750,0,9.4306,8.1804
000000523957.png,0.6,jpeg_q30,1.000000,1,9.4306,12.1738
000000523957.png,0.7,none,1.000000,1,8.7334,8.7334
000000523957.png,0.7,center_crop_0.5,0.500000,0,8.7334,7.0747
000000523957.png,0.7,center_crop_0.75,0.656250,0,8.7334,7.1854
000000523957.png,0.7,random_crop_0.5,0.531250,0,8.7334,6.4778
000000523957.png,0.7,jpeg_q30,1.000000,1,8.7334,11.5005
000000523957.png,0.8,none,1.000000,1,8.1617,8.1617
000000523957.png,0.8,center_crop_0.5,0.500000,0,8.1617,7.0747
000000523957.png,0.8,center_crop_0.75,0.656250,0,8.1617,7.1854
000000523957.png,0.8,random_crop_0.5,0.656250,0,8.1617,7.5940
000000523957.png,0.8,jpeg_q30,1.000000,1,8.1617,10.9338
000000523957.png,0.9,none,1.000000,1,7.6501,7.6501
000000523957.png,0.9,center_crop_0.5,0.500000,0,7.6501,7.0747
000000523957.png,0.9,center_crop_0.75,0.656250,0,7.6501,7.1854
000000523957.png,0.9,random_crop_0.5,0.593750,0,7.6501,7.1847
000000523957.png,0.9,jpeg_q30,1.000000,1,7.6501,10.4205
000000523957.png,1.0,none,1.000000,1,7.1498,7.1498
000000523957.png,1.0,center_crop_0.5,0.500000,0,7.1498,7.0747
000000523957.png,1.0,center_crop_0.75,0.656250,0,7.1498,7.1854
000000523957.png,1.0,random_crop_0.5,0.531250,0,7.1498,7.3455
000000523957.png,1.0,jpeg_q30,1.000000,1,7.1498,9.8485
000000533145.png,0.5,none,1.000000,1,10.5508,10.5508
000000533145.png,0.5,center_crop_0.5,0.500000,0,10.5508,7.2012
000000533145.png,0.5,center_crop_0.75,0.656250,0,10.5508,7.6071
000000533145.png,0.5,random_crop_0.5,0.531250,0,10.5508,7.7443
000000533145.png,0.5,jpeg_q30,0.968750,0,10.5508,13.1140
000000533145.png,0.6,none,1.000000,1,9.7951,9.7951
000000533145.png,0.6,center_crop_0.5,0.500000,0,9.7951,7.2012
000000533145.png,0.6,center_crop_0.75,0.781250,0,9.7951,7.3565
000000533145.png,0.6,random_crop_0.5,0.500000,0,9.7951,7.2210
000000533145.png,0.6,jpeg_q30,0.968750,0,9.7951,12.3328
000000533145.png,0.7,none,1.000000,1,9.1368,9.1368
000000533145.png,0.7,center_crop_0.5,0.500000,0,9.1368,7.2012
000000533145.png,0.7,center_crop_0.75,0.781250,0,9.1368,7.3565
000000533145.png,0.7,random_crop_0.5,0.562500,0,9.1368,7.5989
000000533145.png,0.7,jpeg_q30,0.968750,0,9.1368,11.6667
000000533145.png,0.8,none,1.000000,1,8.6155,8.6155
000000533145.png,0.8,center_crop_0.5,0.500000,0,8.6155,7.2012
000000533145.png,0.8,center_crop_0.75,0.781250,0,8.6155,7.3565
000000533145.png,0.8,random_crop_0.5,0.531250,0,8.6155,7.2403
000000533145.png,0.8,jpeg_q30,1.000000,1,8.6155,11.1263
000000533145.png,0.9,none,1.000000,1,8.0841,8.0841
000000533145.png,0.9,center_crop_0.5,0.500000,0,8.0841,7.2012
000000533145.png,0.9,center_crop_0.75,0.781250,0,8.0841,7.3565
000000533145.png,0.9,random_crop_0.5,0.500000,0,8.0841,7.2146
000000533145.png,0.9,jpeg_q30,1.000000,1,8.0841,10.5507
000000533145.png,1.0,none,1.000000,1,7.6266,7.6266
000000533145.png,1.0,center_crop_0.5,0.500000,0,7.6266,7.2012
000000533145.png,1.0,center_crop_0.75,0.781250,0,7.6266,7.3565
000000533145.png,1.0,random_crop_0.5,0.468750,0,7.6266,7.2432
000000533145.png,1.0,jpeg_q30,1.000000,1,7.6266,10.0383
000000562243.png,0.5,none,1.000000,1,10.4151,10.4151
000000562243.png,0.5,center_crop_0.5,0.500000,0,10.4151,7.6469
000000562243.png,0.5,center_crop_0.75,0.687500,0,10.4151,8.2021
000000562243.png,0.5,random_crop_0.5,0.562500,0,10.4151,8.2668
000000562243.png,0.5,jpeg_q30,0.968750,0,10.4151,13.0806
000000562243.png,0.6,none,1.000000,1,9.6374,9.6374
000000562243.png,0.6,center_crop_0.5,0.500000,0,9.6374,7.6469
000000562243.png,0.6,center_crop_0.75,0.812500,0,9.6374,7.6829
000000562243.png,0.6,random_crop_0.5,0.625000,0,9.6374,8.0740
000000562243.png,0.6,jpeg_q30,1.000000,1,9.6374,12.3279
000000562243.png,0.7,none,1.000000,1,8.9692,8.9692
000000562243.png,0.7,center_crop_0.5,0.500000,0,8.9692,7.6469
000000562243.png,0.7,center_crop_0.75,0.812500,0,8.9692,7.6829
000000562243.png,0.7,random_crop_0.5,0.468750,0,8.9692,7.7879
000000562243.png,0.7,jpeg_q30,0.968750,0,8.9692,11.6607
000000562243.png,0.8,none,1.000000,1,8.4496,8.4496
000000562243.png,0.8,center_crop_0.5,0.500000,0,8.4496,7.6469
000000562243.png,0.8,center_crop_0.75,0.812500,0,8.4496,7.6829
000000562243.png,0.8,random_crop_0.5,0.562500,0,8.4496,7.3751
000000562243.png,0.8,jpeg_q30,1.000000,1,8.4496,11.1136
000000562243.png,0.9,none,1.000000,1,7.9236,7.9236
000000562243.png,0.9,center_crop_0.5,0.500000,0,7.9236,7.6469
000000562243.png,0.9,center_crop_0.75,0.812500,0,7.9236,7.6829
000000562243.png,0.9,random_crop_0.5,0.625000,0,7.9236,7.6790
000000562243.png,0.9,jpeg_q30,1.000000,1,7.9236,10.5398
000000562243.png,1.0,none,1.000000,1,7.4799,7.4799
000000562243.png,1.0,center_crop_0.5,0.500000,0,7.4799,7.6469
000000562243.png,1.0,center_crop_0.75,0.812500,0,7.4799,7.6829
000000562243.png,1.0,random_crop_0.5,0.468750,0,7.4799,6.9707
000000562243.png,1.0,jpeg_q30,1.000000,1,7.4799,10.0370
000000563470.png,0.5,none,1.000000,1,10.0241,10.0241
000000563470.png,0.5,center_crop_0.5,0.500000,0,10.0241,6.9846
000000563470.png,0.5,center_crop_0.75,0.687500,0,10.0241,7.3492
000000563470.png,0.5,random_crop_0.5,0.656250,0,10.0241,8.0158
000000563470.png,0.5,jpeg_q30,1.000000,1,10.0241,12.8847
000000563470.png,0.6,none,1.000000,1,9.2157,9.2157
000000563470.png,0.6,center_crop_0.5,0.500000,0,9.2157,6.9846
000000563470.png,0.6,center_crop_0.75,0.750000,0,9.2157,6.9831
000000563470.png,0.6,random_crop_0.5,0.437500,0,9.2157,7.8058
000000563470.png,0.6,jpeg_q30,1.000000,1,9.2157,12.1733
000000563470.png,0.7,none,1.000000,1,8.5361,8.5361
000000563470.png,0.7,center_crop_0.5,0.500000,0,8.5361,6.9846
000000563470.png,0.7,center_crop_0.75,0.750000,0,8.5361,6.9831
000000563470.png,0.7,random_crop_0.5,0.562500,0,8.5361,6.5628
000000563470.png,0.7,jpeg_q30,1.000000,1,8.5361,11.4866
000000563470.png,0.8,none,1.000000,1,7.9909,7.9909
000000563470.png,0.8,center_crop_0.5,0.500000,0,7.9909,6.9846
000000563470.png,0.8,center_crop_0.75,0.750000,0,7.9909,6.9831
000000563470.png,0.8,random_crop_0.5,0.500000,0,7.9909,6.6062
000000563470.png,0.8,jpeg_q30,1.000000,1,7.9909,10.9280
000000563470.png,0.9,none,1.000000,1,7.4587,7.4587
000000563470.png,0.9,center_crop_0.5,0.500000,0,7.4587,6.9846
000000563470.png,0.9,center_crop_0.75,0.750000,0,7.4587,6.9831
000000563470.png,0.9,random_crop_0.5,0.500000,0,7.4587,6.7474
000000563470.png,0.9,jpeg_q30,1.000000,1,7.4587,10.3816
000000563470.png,1.0,none,1.000000,1,6.9863,6.9863
000000563470.png,1.0,center_crop_0.5,0.500000,0,6.9863,6.9846
000000563470.png,1.0,center_crop_0.75,0.750000,0,6.9863,6.9831
000000563470.png,1.0,random_crop_0.5,0.562500,0,6.9863,7.3173
000000563470.png,1.0,jpeg_q30,1.000000,1,6.9863,9.8663
000000573258.png,0.5,none,1.000000,1,10.4953,10.4953
000000573258.png,0.5,center_crop_0.5,0.500000,0,10.4953,6.8874
000000573258.png,0.5,center_crop_0.75,0.750000,0,10.4953,7.5859
000000573258.png,0.5,random_crop_0.5,0.406250,0,10.4953,7.3025
000000573258.png,0.5,jpeg_q30,1.000000,1,10.4953,13.0114
000000573258.png,0.6,none,1.000000,1,9.6998,9.6998
000000573258.png,0.6,center_crop_0.5,0.500000,0,9.6998,6.8874
000000573258.png,0.6,center_crop_0.75,0.812500,0,9.6998,7.3043
000000573258.png,0.6,random_crop_0.5,0.500000,0,9.6998,8.1703
000000573258.png,0.6,jpeg_q30,1.000000,1,9.6998,12.2350
000000573258.png,0.7,none,1.000000,1,9.0101,9.0101
000000573258.png,0.7,center_crop_0.5,0.500000,0,9.0101,6.8874
000000573258.png,0.7,center_crop_0.75,0.812500,0,9.0101,7.3043
000000573258.png,0.7,random_crop_0.5,0.531250,0,9.0101,7.2800
000000573258.png,0.7,jpeg_q30,1.000000,1,9.0101,11.5686
000000573258.png,0.8,none,1.000000,1,8.4385,8.4385
000000573258.png,0.8,center_crop_0.5,0.500000,0,8.4385,6.8874
000000573258.png,0.8,center_crop_0.75,0.812500,0,8.4385,7.3043
000000573258.png,0.8,random_crop_0.5,0.593750,0,8.4385,7.0871
000000573258.png,0.8,jpeg_q30,1.000000,1,8.4385,10.9837
000000573258.png,0.9,none,1.000000,1,7.9188,7.9188
000000573258.png,0.9,center_crop_0.5,0.500000,0,7.9188,6.8874
000000573258.png,0.9,center_crop_0.75,0.812500,0,7.9188,7.3043
000000573258.png,0.9,random_crop_0.5,0.468750,0,7.9188,7.6027
000000573258.png,0.9,jpeg_q30,1.000000,1,7.9188,10.4696
000000573258.png,1.0,none,1.000000,1,7.4080,7.4080
000000573258.png,1.0,center_crop_0.5,0.500000,0,7.4080,6.8874
000000573258.png,1.0,center_crop_0.75,0.812500,0,7.4080,7.3043
000000573258.png,1.0,random_crop_0.5,0.531250,0,7.4080,6.7104
000000573258.png,1.0,jpeg_q30,1.000000,1,7.4080,9.9221
000000575243.png,0.5,none,1.000000,1,10.4547,10.4547
000000575243.png,0.5,center_crop_0.5,0.500000,0,10.4547,6.5548
000000575243.png,0.5,center_crop_0.75,0.750000,0,10.4547,7.0751
000000575243.png,0.5,random_crop_0.5,0.531250,0,10.4547,6.7341
000000575243.png,0.5,jpeg_q30,1.000000,1,10.4547,12.8997
000000575243.png,0.6,none,1.000000,1,9.6435,9.6435
000000575243.png,0.6,center_crop_0.5,0.500000,0,9.6435,6.5548
000000575243.png,0.6,center_crop_0.75,0.812500,0,9.6435,6.7947
000000575243.png,0.6,random_crop_0.5,0.593750,0,9.6435,6.2869
000000575243.png,0.6,jpeg_q30,1.000000,1,9.6435,12.1535
000000575243.png,0.7,none,1.000000,1,8.9505,8.9505
000000575243.png,0.7,center_crop_0.5,0.500000,0,8.9505,6.5548
000000575243.png,0.7,center_crop_0.75,0.812500,0,8.9505,6.7947
000000575243.png,0.7,random_crop_0.5,0.531250,0,8.9505,6.5716
000000575243.png,0.7,jpeg_q30,1.000000,1,8.9505,11.4945
000000575243.png,0.8,none,1.000000,1,8.4039,8.4039
000000575243.png,0.8,center_crop_0.5,0.500000,0,8.4039,6.5548
000000575243.png,0.8,center_crop_0.75,0.812500,0,8.4039,6.7947
000000575243.png,0.8,random_crop_0.5,0.500000,0,8.4039,6.6042
000000575243.png,0.8,jpeg_q30,1.000000,1,8.4039,10.9299
000000575243.png,0.9,none,1.000000,1,7.8733,7.8733
000000575243.png,0.9,center_crop_0.5,0.500000,0,7.8733,6.5548
000000575243.png,0.9,center_crop_0.75,0.812500,0,7.8733,6.7947
000000575243.png,0.9,random_crop_0.5,0.562500,0,7.8733,6.5514
000000575243.png,0.9,jpeg_q30,1.000000,1,7.8733,10.3951
000000575243.png,1.0,none,1.000000,1,7.3662,7.3662
000000575243.png,1.0,center_crop_0.5,0.500000,0,7.3662,6.5548
000000575243.png,1.0,center_crop_0.75,0.812500,0,7.3662,6.7947
000000575243.png,1.0,random_crop_0.5,0.625000,0,7.3662,6.2251
000000575243.png,1.0,jpeg_q30,1.000000,1,7.3662,9.8457
